pc1,pc2,active
-44.31566410503615,28.70334462216491,0
-298.6082109493804,30.650697292008033,0
-158.71582878338512,-15.814475490573294,0
-225.4489970438728,20.81646526810745,1
34.70557329573103,-0.46060952446252657,1
-230.371326018099,27.725929724221377,1
-138.28897998895604,-33.40474382557678,0
-185.771363244226,-7.626870403076822,1
-159.4556737197783,-17.36387837937344,1
-235.05425112976417,-16.484101646546954,1
-265.66026422738145,16.452876515691408,0
-125.70400542265327,-29.81580097615589,1
-107.99136913106963,-36.37962048738948,1
-60.31922837664047,55.02677988063384,1
-183.84186555533603,-66.26702957256379,0
-172.61364202989364,-12.499392763838053,1
-241.44286977416232,13.783110054188448,0
368.6157979937699,-58.76791458119876,1
-202.2425493204222,39.18483814403894,1
-264.45934129657485,13.083200054593028,0
-256.8437654142718,10.30493672683086,0
-110.57376703485005,40.182680791842884,1
-219.87334378603055,-24.966930484295382,1
-131.12277456117948,-67.5561629225277,0
-146.29770580009125,-22.228363861133523,1
-168.8955290956635,-13.852831701468027,1
-134.30705961485472,-26.642612182387857,1
-269.41000108265825,-43.54126717917797,0
-268.57274820425977,-43.86441830052879,0
-270.42167208730876,-23.40245000878918,0
174.29679178505182,-24.270848755232485,1
-160.8657356266625,-50.16988654595166,0
-155.7378078813311,-18.725354062229265,1
-273.10057515920215,-0.8490924157584487,0
-147.99326562541484,-29.967884009226815,0
-142.57983957121576,-23.58983967776468,1
-216.5922840592283,50.597236606391064,0
-146.8506216414355,25.766760096862523,0
-110.57376703485,40.182680791842856,1
-296.3620323445483,24.874831999233802,0
398.2804439377993,8.005307502714913,0
340.23362027314613,-13.835255882592115,1
-236.2360794642725,11.849686920487969,1
-206.31651273823707,6.0031380489774335,0
-224.52949933993568,2.8858124313660056,0
-188.9791870638918,-2.015709313444596,1
-230.38876687797188,13.247061574404881,1
-245.19192526741693,7.855634019568711,0
-182.05349836511618,-8.988345757227684,1
-256.87817207501183,19.49726261757295,1
-157.07702623730023,-13.824785720374855,1
-170.25039258595262,-8.987949058365139,0
-188.99409901195367,-2.027581178578977,1
-245.37328977820493,18.780147817724313,0
-222.2701863014284,38.02033463578772,0
-313.358443911393,14.0108848956108,0
-188.70212812302594,4.52543797996541,1
-246.82346356162492,6.134391020485005,1
-202.48767406544698,16.41038325822987,1
-238.66366538375644,22.663938813145517,1
424.0900769205922,2.505545440272712,1
-218.01376827291398,18.0772699761075,0
-213.7262515616888,-9.401201294472507,0
-255.12599808298495,56.07855840698105,0
-267.4648914362584,2.308856176033359,1
-188.21156761385902,43.65416050815122,0
471.6615470990339,-1.7330415138582325,1
-226.78029537925818,8.436421879131586,1
-198.53248049729643,18.47436404841035,0
-215.32469892499574,7.69755439825127,1
-299.7574595887036,59.60206187321479,0
-256.6706270429208,25.854334339010936,0
-217.40464511515148,4.891509764681928,0
-181.6566463487339,12.248402750019139,0
-209.46767566009424,23.729394181002327,1
-232.37957065297667,51.15119788039123,0
-164.7808122001714,6.022441451627898,1
-229.1615538625383,-3.687048731088005,0
-253.16218596132092,81.44986638258806,0
-339.07289053093155,59.92477309204057,0
-246.82346356162492,6.134391020485005,1
-281.91116836658574,84.7987857824675,0
-46.26860323544031,-49.0687919908191,1
-306.6444751683289,49.30838289197191,0
-281.91116836658574,84.7987857824675,0
-347.7813224106338,30.51575588377295,0
-71.86930932744474,-31.60559607247726,1
-289.7235023604144,66.29485868487893,0
-265.06335348161565,32.612873183888894,0
-59.98593422249343,-45.83294741736335,0
-46.094258960915,-5.022454594716542,1
-265.06335348161565,32.612873183888894,0
-306.7617540815196,47.98465923026487,0
273.5512212853288,-33.13747412452242,1
-201.74804179806165,12.625937968227944,1
-294.3210222304305,82.89712466688742,0
229.55944684862288,-59.75640500754209,1
270.23881582976674,-53.61449461560938,1
-184.89016219906824,44.10057712769411,1
-14.45851577260271,20.26254846090287,0
-176.96179148791572,27.954006799266512,0
-185.4556537065596,1.8651421279487437,0
-195.32384671907278,-4.64062529998656,1
-212.12809035090748,4.702575502095421,0
-131.99015129661706,19.612672455707454,0
-163.3795022465975,3.8946411032200956,0
-202.15194276508248,2.840922463815531,1
-202.48767406544698,16.41038325822987,0
-182.16600581023795,-9.509209100781462,1
-123.81148030162848,7.1445303853207776,0
-266.33574985719986,86.28040179415999,0
-336.7608646331655,-3.4551073014875016,0
-14.45851577260271,20.2625484609029,1
-309.29084273368767,88.43480697152046,0
385.6368467948954,-9.345712825109352,1
243.39331334262044,-33.77015566206918,1
-208.48548501091653,32.16470816566035,1
-139.27667866871667,8.575015789822984,0
-297.1392391632257,-14.629138405211599,0
-305.1373481377738,24.635594415629193,0
-307.30523084101355,-4.5122501405189155,0
-265.06335348161565,32.612873183888894,0
264.6674561937018,-51.523396846285614,1
246.51531130463775,-54.27355524451267,0
-59.20442587414868,-2.944811719967781,0
326.66493248664665,-74.47152981878571,1
-110.57376703485005,40.182680791842884,1
-0.20644367215334114,-39.88737127338181,0
-157.72604859400218,39.64719386845666,1
-275.28786397254834,36.36769424969053,0
-244.9128525704404,54.79737899772404,0
-163.3795022465975,3.8946411032200956,1
-69.50431282813582,-42.348389881925875,0
-307.6862091384958,58.21564101723029,0
-297.52021349901133,48.09875139511181,0
-322.19705638236906,53.69881179364934,0
-300.082150331401,32.62331146964053,0
-249.43945994900338,36.66302005538422,0
23.8956040270092,-20.681234297488935,1
-310.9858196519527,23.12803602148477,0
-285.0079713686373,27.097495757701715,0
-31.850606955849344,-56.29224183419236,0
-80.15287764848438,-10.656280467080045,1
291.02765165216795,-61.23193635577211,1
-333.40089401200976,57.85959078564608,0
-254.87598284309416,42.22683342156494,0
-271.7328944447342,74.51104014305348,0
-195.32384671907278,-4.64062529998656,1
-306.7617540815196,47.98465923026487,0
-291.7263582165884,-20.183964563530317,0
-294.3210222304305,82.89712466688742,0
-93.9677710487532,-51.176349038350814,1
-306.7617540815196,47.98465923026487,0
-55.556813311948076,-27.788910237611738,1
0.0714781833124789,-21.715969113036685,0
-311.2064148193743,89.11679073960116,0
-343.9455589031893,78.58399004526687,0
-209.8178080262366,25.4998612990811,0
-284.90587121152424,79.36044062827801,0
-271.73289444473426,74.5110401430535,0
-111.79337829817825,71.55837791961946,0
-146.75428795667915,-6.1418178399524095,0
-179.02332729467975,19.472088111235166,1
-128.61613011110086,48.64482467669002,0
-104.10031442936315,-12.001783906975867,0
-298.03365972471704,84.26015917016213,0
-155.09481886151474,11.781976575981567,0
-334.55075011984627,63.532764599090044,0
-325.53393513870253,-7.66760669118819,0
-180.5393203534993,52.82757967417525,0
-62.108892091489,64.30150431488768,0
-322.19705638236906,53.69881179364934,0
-291.37371312299916,62.032326852095835,0
-325.53393513870253,-7.667606691188176,0
67.09403077323077,-28.579285570171116,0
-176.55223979669262,37.590914486772505,0
-154.2823905156988,-4.3693536328615465,1
470.148435539174,-44.397324249850506,1
-177.630301195061,31.80267549191547,1
-159.91213053657543,-1.2732334665892466,0
-261.996792209039,31.426141084172045,0
-32.045093927620655,53.240371876409064,0
348.86663147544505,-51.46959304973894,1
-307.6862091384958,58.21564101723029,0
-88.45440760189649,74.01476927697176,0
-127.30641413025381,23.37993733423118,1
-216.34155299918217,92.05570024420385,0
-129.16262307952832,13.31743894017989,1
-189.56131623067716,-9.471149627907735,0
-244.71669773209283,2.979650801986409,0
-295.23245326546385,-15.29180565751809,0
-75.10490067865737,-19.196155988934116,0
-196.31018658947988,-21.891136894991696,0
-236.69916399531365,-6.984520345316348,1
-16.60941295677503,47.53851305130674,0
-24.922484405498494,55.29690967585061,0
1644.4904862775252,120.94426402874791,1
-1.2565990626598023,41.87763308046043,0
-299.56316148759277,-18.34315255804197,0
-109.24732963076724,-2.869846997834628,0
-274.06963403585615,-26.683347604817065,1
-102.33890453232897,68.04961337269918,0
-189.72452690039182,77.22423332939763,0
-89.89743305827074,-25.710403204792165,0
-383.7814704270212,13.859291659020727,0
-109.47625201406015,-32.50414848383942,0
-261.8886783150956,-17.40284890689839,1
-119.5610440027562,-22.12089911263508,0
-38.556759001528235,47.224100939238426,0
-3.4366567968614845,42.68188111687097,0
-261.6138109942155,-31.2407713222237,1
1.691173705308188,40.76071096532984,0
-39.54505603328721,56.00455771587652,0
-65.904960723096,65.72236338343073,0
-241.22578962653745,15.433312247015863,1
-252.02005119763788,-8.112166882966015,0
-58.390607990593935,62.95363634254791,0
-147.2647356309443,-19.20497437265103,0
-231.84358565179275,12.024033516493283,0
-193.78489597835232,37.197666663731326,0
-269.72602395384985,-15.579614113771889,0
-56.743094998925244,87.66994725126035,0
-156.91685855316587,1.0423134389014805,0
-274.99409439160155,-16.452364002294622,0
-141.85717861503997,82.6195110957944,0
59.74141617059445,-68.96332349750955,0
-45.2178506322673,58.097003997490845,0
-115.0333178506117,65.58525555330718,0
-63.99973255254952,65.00966374824819,0
15.292361172136452,35.71694282427458,0
-212.66441970745365,-28.71133644597112,0
-223.89676499503378,48.27649175858062,0
-178.22518122179025,-7.443919643456191,0
11.916158295666492,37.02100073540339,0
-31.99663822244372,53.235173672414874,0
-109.97719196175575,73.6030744014376,0
-96.80443398606468,68.74644184484835,0
-50.79718016535617,-47.09228282349812,0
-282.0746102523294,-20.160390179324914,0
-223.60920326949554,34.69177237670438,1
-224.55072854248863,34.75046811955386,1
-204.05873179919257,15.354462607301222,1
-329.5252758211435,22.002703314006034,0
78.0276626854245,-62.76358420037379,0
-83.63167673668471,63.889809537120456,0
-203.4073495624915,2.2575409191503226,0
-306.99547161207533,10.84121386551309,0
-321.4501406855818,6.132328044093917,0
-313.09452880441194,14.583421430416209,0
-410.09716988716275,23.59638417262073,0
-190.67283283604814,-57.42691969756901,0
-195.5884582467745,10.878379093273807,1
-37.65421763010795,55.296398987623334,0
252.0361859116539,-65.32363120725631,1
331.0281184003228,-48.36103760211976,1
-25.910855432589074,64.15290863746023,1
-82.16213185422043,55.27181646904798,0
-261.19697824411674,48.591715297742866,1
295.82845223932327,-57.0171057687999,1
245.15694928332232,-14.942665942595774,1
-154.2823905156988,-4.3693536328615465,1
-193.71019429025665,24.84833873798002,0
44.01821651179341,-87.87316113522454,0
-87.36823702388466,-53.31117483603932,0
-127.13609278928391,12.58875896191202,0
-160.03894244315387,15.923841085226762,0
-171.30409573092294,20.085796300752143,0
-127.01269386131412,20.32910878810791,0
-165.07490009930228,-2.030149617876468,1
-179.46905561788617,-26.369665916326817,1
-171.15852002685853,1.8470185496696416,1
-192.5403359293727,-14.480279582894589,1
-227.55977715492213,20.795854583207785,1
-136.3754187804097,35.49317533975452,1
-155.51680913717456,19.53183502675197,1
-185.82255463008596,-7.577109310772599,1
-389.225686660529,68.44345941460297,0
-286.35873089403515,94.64584221126646,1
-128.03390351200375,-11.686375322143384,1
-231.7504017123939,26.649508833660324,1
-218.59243238866736,21.785022870823695,1
-184.7848672327923,9.268669030036243,1
-160.34503996141575,0.25373853963230886,1
-107.98236622082624,-5.354364603003631,1
-154.94790781116535,12.02647763702577,1
-154.94790781116535,12.02647763702577,1
-160.34503996141575,0.25373853963230886,1
-192.24670913814867,12.07858911593867,1
-205.4344638247739,16.920537168334377,1
-137.24193648463927,19.49392535769568,1
-105.05369397634422,25.82061946537844,1
-147.18707126755078,-4.610747207390112,1
-237.40733079572198,28.73191014212033,1
-219.72712699120672,27.478548654209487,1
1174.5066834764634,-37.53115070676237,1
-334.44714986097324,29.089580852107694,1
-244.4156209115826,59.066356968892535,1
-231.2575552544833,54.20500319831419,1
-236.65468861843772,42.43226451678121,1
-329.05001746077767,40.86231986386059,1
-136.06072176759602,77.80165252209193,0
-389.225686660529,68.44345941460297,0
-144.33156373542698,-8.326209376118989,0
181.12926570034062,39.17986089703851,0
-124.08763420351414,20.851037710686263,0
41.95658554764316,146.92316736666208,1
512.104315040058,-86.53946700945889,1
-117.79196037230463,83.94443287188554,0
-254.59230069178687,1.3872929585682598,1
-154.45885568025375,16.76969411454448,0
-205.74684983736506,-9.613507046793451,1
-188.87101568880246,-15.839468345184706,1
-135.13123435275344,25.421712301967457,1
-205.74684983736506,-9.613507046793451,1
-200.34971641288467,2.159231614001044,1
-306.44564817266473,32.654309854400715,0
90.40422214095588,-3.7025607128702873,1
-131.6582259095897,8.980764956768098,0
-149.98313310847504,17.148147771168325,1
-48.60370091205334,-26.857844312754416,1
-104.00085758683815,-33.24936131892127,0
-126.97227908285225,23.328144901163967,0
-165.03448532084053,0.9688864951795395,0
-104.2440711724472,-47.08521353764811,0
-80.63183649897826,-61.268524473351455,0
-260.96204704702217,5.29538920472762,0
-228.65091059761022,-6.64472465704808,1
-176.3340306842893,-11.086424339320637,0
-45.49283523491363,-32.3735239555235,1
-189.18806046439153,28.45633250137287,0
-163.1312283671935,-15.912081661061187,1
-142.35896629733531,14.663250564322581,0
-128.89613955317054,-24.24967646828663,1
-129.20090125760055,9.80189700527648,1
128.4664322895219,18.656696353203493,1
-124.08763173056741,20.8511179963241,0
-127.52647736419794,-29.106374474056175,0
-127.13609278928391,12.58875896191202,0
-117.4174370051768,-42.248377052412856,0
-269.8186368796084,68.18033558289291,1
-103.21454968152051,13.611847084994686,1
-135.47229504531242,21.66498014040493,1
-194.31516672668602,24.161603356360715,1
-194.31516672668602,24.161603356360715,1
-143.01246122820356,4.074668733771112,1
-142.09652275022052,-2.100201425427251,0
-121.98830786492732,20.541176350400484,1
-63.33768317204482,43.455660269260164,1
-35.44055443108073,-31.721544962996397,1
-164.93588525152552,-18.845604003807487,1
-90.04140363194784,8.767875213703427,1
-192.57377932955967,-14.459932660796916,0
-189.4918773436031,-6.218000834120282,1
-433.68437139508626,58.09061261052732,0
-231.04896129441784,5.626038454389352,1
-229.1480809099586,4.9393332607873575,0
-202.64971956671502,-1.3494165830047677,0
-202.68316245721002,-1.329069835546676,0
-180.37118755237498,-13.131451440423028,1
-148.0600511029631,-25.071565302198728,1
-184.0890524314848,-11.769976086272187,1
-242.3208381593385,9.7959655685152,0
-164.93588525152552,-18.845604003807487,1
-165.53395220009196,-4.861722525959436,1
-170.93108367516606,-16.634461854693633,1
-197.24702170093752,-6.905490142031802,1
-215.97532426583786,0.08270116044401732,0
-161.25474267709342,21.32673044703484,1
-153.12184392261565,17.2055314105777,1
1008.4178593545478,38.50117058259406,1
-61.76240781127012,94.4607522198344,1
-157.52033236323825,56.265102866488164,1
-198.52970042469224,-2.891677478190651,1
49.19734703393988,51.10469594075835,1
-9.738941989328282,36.008130432921504,0
-182.52016525139175,-23.56076276084277,0
-174.60164009921692,9.942972085257956,0
-0.8278513466126469,3.6648320234791925,1
-49.14571680234667,49.26654981192666,1
-125.93527282847856,46.49727545770403,1
-21.090242995902713,52.7395919414177,0
-149.03837630525504,27.257088639640678,1
-26.48737606057682,40.96685315734,0
-72.24882027912321,30.026362993863273,1
-96.88536555400191,52.89356686875442,1
-9.611541912014218,34.740891858948785,1
-102.2824985707287,41.12082806824826,1
-17.70368549517525,9.890793321870404,1
-125.93527282847856,46.49727545770403,1
-149.03837630525504,27.257088639640678,1
-89.12465442768564,36.252324292254485,1
-85.40666442216616,34.894866769857046,1
-89.12465442768564,36.252324292254485,1
-57.39670203782816,38.307078225112136,1
-12.306553892804345,21.663532606987964,1
-83.72752136763512,48.025063077916315,1
-83.72752136763512,48.025063077916315,1
-72.24882027912321,30.026362993863273,1
-72.24882027912321,30.026362993863273,1
-62.303560945389734,54.135053587920424,1
-49.14571680234667,49.26654981192666,1
-83.72752136763512,48.025063077916315,1
-83.72752136763512,48.025063077916315,1
-72.24882027912321,30.026362993863273,1
-295.11213273144295,-3.4609926907598023,0
-155.33791572500854,-18.846151308852136,1
-166.81639617677155,-0.8403009187853243,1
-166.9805614280637,19.034787225397658,1
-52.80467283286259,25.581800307307024,0
-150.83275637541703,-29.929554653371575,1
-104.02869265928331,4.528253746160672,1
-130.58844284597802,-3.796926194193759,1
-85.52900859495406,-20.49308296662793,1
-130.5988331288728,-3.829147417003618,1
-136.2030585752933,-1.7817684975916777,1
-113.70779166965121,-10.033647734400468,1
-130.58362581821376,-3.8076864360092415,1
-85.52419156718963,-20.50384320844345,1
-134.5478308076256,11.43399520778381,1
-165.9142104538176,33.48304993803189,1
-206.29548990307404,13.752519628254632,1
-126.88002963169868,36.38833458923169,1
-58.476676566895264,27.646985085869,0
-208.97297845050866,42.16423910104065,1
-177.51691690970205,5.879693785414133,0
-52.80467283286259,25.581800307307024,0
-206.46108389086908,-35.891838438387104,0
-172.975630037833,2.5177710120643795,1
-168.94734505517852,-13.82334775055083,1
-270.8149607750051,36.74272229534625,0
-209.3446190485942,29.722647364728548,1
77.94595830145624,-106.5847100783181,1
-202.69868414124562,-1.3607371282414533,1
-171.45499933178718,39.88757815470315,0
-194.06581778767776,36.51287880747892,0
-64.69210519207621,34.38789978839861,0
-222.44253353435658,40.54207570894264,0
-180.8930607867726,31.65624658488786,0
-42.859004164792054,136.80293695432889,0
-252.44425683546206,-9.341899000340334,0
-122.77556487103487,-1.7789588563123644,1
-170.82293154290602,50.325241420405185,1
-104.31787863534606,-26.64014592678901,0
-85.47314100420243,-33.56259393379242,0
-41.7818171077173,142.56278995838514,0
-41.7818171077173,142.56278995838514,0
359.76936927222937,-85.47698035712966,0
-141.31403037851032,-20.287778734300723,1
-207.47323118537201,29.022956716317754,1
-80.90438911453913,4.703926926424245,1
-137.78375910405293,-10.456648345251715,1
-86.98028010126274,28.81966145373287,1
295.1470963734056,-61.59675263357834,0
-216.60130012122391,56.53357772341282,0
-103.84449572701504,-34.101177190713535,1
-116.7637293502321,-15.590668136264519,1
-197.8241934184639,0.37497797178958336,1
-90.37499872352618,-35.20912252430471,0
-135.91689794130997,-8.515039735227077,1
-217.29706068501753,4.019575572242992,0
-195.15893922819504,-51.98831422883777,0
-199.30645017222508,12.235756140549562,1
-149.0748657996441,-3.650554274488819,1
-171.53509819011992,2.005962277057627,1
-150.9567350520781,-5.60716700760468,1
-97.47152617595475,46.602558280898975,1
-150.95673505207816,-5.60716700760468,1
-103.88623598149309,35.01220962035752,1
373.51312799999744,-101.5894332981502,0
-52.80467283286259,25.581800307307024,0
-78.2040740608328,-54.43532823271281,0
-73.82243634813403,23.95115781133838,1
-253.0155564078957,-18.974787380084116,0
-171.62893021504203,-50.76913014192008,1
-86.9686615784525,-40.32713848910475,0
-234.4134746943899,89.31442579112985,0
-96.45962976371322,-11.507929569003842,1
-183.35508021802565,16.2407797599351,1
-99.26327134754001,-18.671678166638053,0
-182.8063442964206,6.196316537673532,1
-82.95623196658266,-53.71099847374247,1
-178.34789900773336,0.6874668969998226,0
-155.78950086881173,-18.691851541388935,1
-170.18210179705358,11.391378707925789,1
-152.49106159092986,-57.86922113504756,1
-166.8589672570376,23.374109069559537,1
-229.87577000069064,-29.219474987221453,0
-90.44779401841436,-25.319638925876795,0
-409.51907168777575,51.183677030528926,0
-102.86865884609097,34.8298193616379,0
-197.86591832451205,11.723947405542823,1
-85.28984847767356,-27.207629952097555,0
-116.7637293502321,-15.590668136264519,1
-103.60576149189797,-20.45515359700277,0
-191.50586887134136,5.551953044820102,0
-53.634413455903655,-15.240321567079015,0
-126.8835959725173,-18.328274678731283,0
370.75463045957565,-58.868986995868816,0
-173.38536056392508,2.624239424512062,1
-78.05866929326595,128.14686843386676,0
-87.37990134304164,-32.89919510065199,0
-64.90082943928076,123.278366127465,0
93.55738119047783,89.79008878513328,0
-87.37990134304175,-32.89919510065196,1
-205.30255157103892,14.417666157153313,1
73.66711007629897,41.580744185486495,0
25.813619611273793,-42.977630563170685,0
42.44452935039203,-49.039180088032715,1
-87.37990134304175,-32.89919510065196,1
-109.40681466946847,-46.4118940623815,0
-1.100385754549734,-19.264777238523088,0
-188.41093233868253,8.231923575448867,1
-99.22285656907809,-15.672642053582045,1
12.332449947751797,-37.96718529381595,0
-79.13585635034076,122.38701542981053,0
644.8183070284992,40.50075355970846,1
-68.47837798512523,78.69349084987005,0
69.37695186248095,64.78554293159442,0
-154.47199817270268,-15.423293295539843,1
-206.43125467661656,-0.004393210362778177,1
42.44670738967568,-16.890475583051632,0
-228.2823998157687,4.455854346164422,1
10.37831731042445,-37.263477999786225,0
122.65338649443277,-33.919459404379786,1
53.236528320418074,-17.729063317710875,0
42.68945375983617,-49.20359186156187,0
-247.7928592540523,81.65616336548074,0
87.71691135033359,-62.54310839892326,0
93.83919463812458,-48.37598610318924,1
-1.100385754549734,-19.264777238523088,0
70.45427771370134,70.54990196706993,0
78.10828209455303,-27.36100077843829,1
10.37831731042445,-37.263477999786225,0
69.1938870693441,-45.21018843554297,1
37.049576404975824,-28.663215079806385,1
44.99015812907362,-44.8103650241899,1
24.88915443024632,-32.74664530732563,0
21.20026048135685,-19.626872313081485,0
16.050317004363137,-39.32866139406054,1
-171.4668319467059,25.26447531673224,1
66.85132426950747,-23.17904196317496,1
91.40272948803704,78.26137071418219,0
47.35117423692486,51.30971514900653,0
2894.959120592062,188.7518201664256,0
-184.699306601891,-11.651556901808384,1
-189.48343473345085,-14.876809258691559,0
-205.74411175943163,-3.8936707995841644,0
-247.0447904984169,11.361299775062044,0
-275.00068019029277,65.98890906996108,0
-233.90186318052105,6.480763539082005,0
-190.69520978952727,-9.463182582175179,0
110.63830179292893,-53.077044399405246,1
-203.8532733562525,-4.601829527837381,0
-52.36828892090068,30.182537677777866,1
-266.98716673829256,87.68541381458431,0
-170.56140416450324,74.2349755036836,0
142.236180237987,-85.98073256737015,0
-177.50776316693816,-14.31509266671545,0
-144.9693457932063,65.38964131615269,0
51.262290055549556,-24.872881090250708,0
67.796998806852,-26.265014046129643,1
-146.10672857920252,65.22986979132216,0
93.82661839984075,-46.819034673229375,1
96.37961418837415,-21.173213632074585,0
-185.64028675455393,-1.4845039102259179,0
-194.56506327974478,-25.88171128104475,1
73.18401990511632,-60.41460000382089,1
51.53715836791116,-38.71080384529471,1
78.4511639222402,-62.423657234531454,0
81.37411935052114,-35.95299577315645,0
-198.81304243025988,3.3721278583022425,1
74.54875084778746,-29.520642284648538,1
61.37545754033749,-24.681452439342074,0
-302.0702089396303,38.68150667882138,0
23.126712834003797,-14.421706614454358,0
51.262290055549556,-24.872881090250708,0
-150.00558364689243,-32.445740279153775,0
9.968745620924665,-9.55722137480467,0
-136.72983246236862,-33.87958611287953,0
75.51592627467915,-51.44824859060507,0
92.1094559993254,-42.70126929631227,1
46.40127901342896,-9.064204386586908,0
-176.35109383620664,-22.732477140275712,1
-164.33500854265384,-19.171724074987075,0
31.48561930521248,-45.04281395744497,1
76.88658249127377,-40.626777693901595,1
-302.0702089396303,38.68150667882138,0
-6.497516838137926,-31.03751670139507,0
-154.86592913829196,41.45930858707594,0
110.76230037165215,-74.36377109630712,1
-54.358071936052056,38.926486125952096,1
-227.2089238356579,48.424056819350014,0
-176.61349631766228,-5.860737300601194,0
240.5452623014894,22.714753747728455,0
-189.52384951191266,-17.875845371747566,1
-61.25075275357949,40.500312750681786,0
246.12036016138256,-75.84468385564631,1
142.7135732697667,-37.62581472129187,1
57.42414066773563,-16.872046490541656,0
-161.81251023918168,34.162148559581084,1
-93.16601268142426,46.78860672387435,1
-329.5305583953128,86.1459228417922,0
-198.6605296961098,0.7659748754026126,1
-126.44499436323957,-14.639008266086172,1
-190.6805180883,-9.458461156653868,0
-168.2195530904304,-35.59497441992281,1
-88.39664882717392,-24.53535212828367,0
202.70190108146858,-31.29742431620209,1
79.2514662527825,-12.721069105044599,0
155.87141098451536,-42.49439742767306,1
174.43705498585427,-52.91526680555824,1
-156.7573107034969,42.14986502106524,0
37.701999811680935,-3.8352421418271945,0
-232.177428634266,-3.3363168397305927,1
49.0181500816617,-34.09332722700382,0
-219.55960386879946,4.877176320921919,1
-162.02072261041923,4.647476850671538,0
-142.79559079044594,-12.35868078971351,0
-195.1507125873806,-18.751352903169582,1
-195.5884557738276,10.878459378911572,1
242.93838061925226,-52.29854446469114,1
116.03661628787142,-34.65230227935846,0
205.64706776499338,-57.87402080530914,1
-233.77407169151007,38.769814583358645,1
-78.42426344969772,-36.15187361554779,0
270.4975800759281,-87.64926664897291,1
54.09149500278727,-22.784438234575752,1
40.91874030551412,-17.927806801295425,1
-79.34872768173364,-25.920888684862895,0
-232.23759476008752,2.3918740275108163,1
-222.28016101434946,20.79265583273746,1
-218.05615913964084,8.959998762046794,0
-180.95951061645218,-9.03134079869244,0
18.729386826692803,11.603956358108938,1
-24.517279112172673,-1.4670104560590786,1
-89.22747493156646,11.262102046059667,1
40.90360563767081,-17.946909391680627,1
-160.30293177436232,-2.319306330157687,1
-151.09667325482377,8.209173791222604,1
-161.19053083313668,-25.22193216523859,0
-177.10956027465198,-1.4810995440270958,1
-168.978556626929,-14.36103892975823,1
-120.36595830153425,10.884683283475312,1
-126.33539415272168,17.43109069726235,1
-205.40432933873382,14.566614248708426,1
-271.29212508756655,-20.313219471972367,0
-227.89959222323967,22.818573240687314,1
-214.72661533228433,17.96909157995703,1
-197.34722896863542,-1.382305369922193,1
162.8782933775624,-53.47915499009181,1
-177.3181028527141,3.5946583090257818,1
-117.04718407621402,-3.848791055944986,1
-126.03652554078866,-28.264954983322305,1
-172.0270152126986,-22.62331767853255,1
224.47796524562284,-79.24772279103718,1
-114.82059333684981,22.599879102659607,1
-192.25560304575095,-49.453005967235676,1
-178.64167938130777,-17.21320641095408,1
-231.19908645753662,13.840534998026811,1
-199.13324084219227,11.081640248097749,1
-76.0419632772867,-5.174950702258194,1
-212.10094760469872,10.832678652602084,1
-188.60511246594177,7.745482175061326,1
-217.21092903008866,8.387636232942086,1
-108.15018594031426,20.48785966176601,1
207.5532819689928,-58.55493978115384,1
-119.7100009398406,6.5000448266879545,1
81.878814510545,-25.87715160586027,1
-191.90377869136853,135.17546138006597,0
-188.60511246594177,7.745482175061326,1
-289.9632966669662,71.58827078797218,1
134.96316140786473,-38.32181384869494,0
-215.31944787690946,-4.041571386489849,1
-200.82271404521754,-16.686168904517622,1
-200.4063096424993,-2.1943532897383378,1
-180.0478350466493,10.685207974559383,1
-147.8588910801323,16.996253397764526,0
-106.10330908012901,17.48806334445088,1
-154.94776234344755,9.6432775030991,1
211.0441996389976,-46.10128161326339,1
-135.17540488703696,-15.202559236184136,0
366.7066364334255,-84.29541454119772,1
46.90358668562794,-42.13991512099104,0
-215.80402510914053,12.20200785064997,1
-244.23266734205924,123.38833104275702,0
205.64706776499338,-57.87402080530914,1
-231.19969372056352,13.82081985610418,1
-132.12813435436914,-12.736045259847707,1
-227.59285873483896,35.2774512514045,0
-200.5124159051506,7.152494665948609,0
-276.7905422190717,66.73163944013831,0
-219.5446894477907,4.88912847169405,1
-160.34489345392643,-2.1294619505590475,1
-192.57438659258645,-14.47964780271952,1
-205.40432686578697,14.566694534346205,1
-202.58188032786097,30.714138149305363,1
-88.54947623043404,-10.328194359852638,0
142.6837469006963,-37.64963873719844,1
-182.16600581023795,-9.509209100781462,1
-93.16601268142426,46.78860672387435,0
-222.50245885928518,34.59131192222026,1
-206.10835005181792,52.93015776058944,1
-214.7417500001277,17.9499889895718,1
-178.3039528374477,12.550321699512615,0
205.64706776499338,-57.87402080530914,1
-142.7809630682886,-24.006690010905636,1
-116.51486723005354,9.450660025159756,1
-190.29667805529846,8.937731359436086,1
-133.4246516956432,18.394248574330874,1
-164.18091786846685,126.16835088579148,1
-216.8557464369723,0.5460964740153855,1
-103.34189088646309,4.601178551977192,1
-142.78470572564805,19.168368258408258,1
-185.28218334802096,2.3718290749667474,1
156.15621374886337,-24.264924175377523,1
130.72393282274675,-23.748770393204516,1
-202.15801749658362,8.597790373357988,1
-90.1731663678882,11.386942403548773,1
-233.77406921856323,38.769894868996424,1
-189.40818886011562,25.887783011667846,1
-195.5884582467745,10.878379093273807,1
-212.8703621369056,17.25029834116105,1
132.4733718748439,-42.21996035863564,1
-98.06531012364445,-21.615542853879127,1
-147.85871550090138,17.00195367804556,1
-141.9423688755212,38.92119712583888,0
-67.43751132292033,-25.51184814861518,0
-216.88302775934164,32.565394551599596,1
-130.97706200040653,-13.618712728533716,1
-144.2504949843268,-31.414189124091344,1
-56.1920761678997,-18.18921271426462,0
-100.1294597614102,-24.380973120494453,1
-218.05562189192358,8.977440816850333,0
-206.86006602415915,15.057042288358552,1
70.99866883873551,8.2826230450396,0
129.55573553594888,-32.75723200837688,1
-123.94264982969025,-7.48242415960874,0
-108.23129848945393,-11.498655723994439,1
-143.59893074846036,37.298722658845705,1
-89.5623936457273,-7.19584930617291,0
54.06144591393502,-22.815492975733086,1
-192.9505091429832,48.06157395979461,1
-53.764339822499096,-36.971960884994935,0
-194.55897267538285,6.15871186740717,1
-129.5252439629769,98.4899473511646,0
-142.68308690378404,103.35845071522726,0
-224.86727684940672,-6.665716587942981,1
-164.1753994053783,-1.2931082579051818,1
-159.61189794958074,-6.037999250282141,1
-151.00242442828613,-6.142589262874182,1
205.64706776499338,-57.87402080530914,1
-195.32348337149574,70.63668766624629,1
-210.50998726775077,-55.60127622106071,0
-260.33935120456715,15.760443176772874,0
-177.22072760248898,4.096499347832193,1
-211.02375807467706,16.59261194229606,1
-205.46877110793423,-47.595411131347085,0
-244.35753600420134,18.68940412795812,0
-201.4221932910139,-15.383042282912392,0
-137.92369681362635,3.359692284596214,1
225.70163259434366,-46.89871198354252,1
-249.06262931894895,-31.35749002103541,0
183.52887332729324,-62.916512523508935,1
-389.902526757853,20.376905154644263,0
-168.164465042151,-3.5423089594545303,1
-163.34480406922722,-4.6925744314931634,1
-122.74213655826748,-16.01548809129485,1
-207.47323118537207,29.022956716317754,1
-180.9363066335393,-9.13509485933944,0
-197.85078365666868,11.743049995928025,1
-170.70279956757582,-7.57356282785679,1
-200.82271404521754,-16.686168904517622,0
-187.66474548132413,-21.550654607006884,0
-72.40206045228467,-18.620817098365798,0
21.74980494307067,-32.647838123757275,0
-195.42558215491,-4.913429718057934,1
-127.99356977804734,27.44936060928597,1
-150.13023023870466,-6.543084448371808,1
-153.53870506083445,-10.134307370883995,0
-177.31810285271416,3.59465830902581,1
-146.8120781347892,-6.304095132581217,0
-141.30297879473852,8.831996395370702,1
-131.59176505193807,11.965735539503406,1
322.3109891295974,-15.85965159309216,1
210.78387861766544,-82.87444342765244,1
-114.82001976772472,22.618500352767747,1
-143.68059428797028,-70.21054061450994,1
-154.94776481639445,9.64319721746135,1
-99.50318077506824,-25.235674665242293,0
-211.00862587978054,16.611634247043497,1
37.54086543588346,-26.975849826601625,0
-206.21984571271685,-28.4589081673197,0
-193.42296386166646,-5.327250207950826,1
-173.4721586950755,5.351225206658945,0
-260.3377128772359,15.813632411789406,0
-156.13386498882505,-17.186672190077395,1
-176.51723070121767,-11.52702909982633,1
-76.05449871347071,6.4126206158763,1
-142.8674741262754,-4.002007995980726,0
-159.74306638971768,2.231806241353958,0
-90.77377126380941,-13.501362459660761,0
-187.66474548132408,-21.550654607006912,0
126.3032114493426,-17.944472446817606,1
-169.1262802945575,-3.0418346191317127,0
62.778876420013376,-39.64474980198303,0
-160.34489592687328,-2.1295422361968264,1
-123.7558305515496,41.99513487093014,0
-62.683554138486784,-56.30358117355227,1
-251.2434705066666,-30.578515214704886,0
-195.42558215491,-4.913429718057934,1
-247.28570375949687,2.1885641493725956,1
-94.24319973849907,41.02875371981812,1
-187.66474548132413,-21.550654607006884,1
-195.42558215490993,-4.913429718057962,0
-73.66376126154267,-13.360373244406993,0
-232.5034891114239,62.452102888930696,1
-93.85956575054718,-30.437721052163333,0
-118.70913764549556,6.27773445174963,0
-239.1712049465179,26.99707586449647,1
-159.1035986344056,6.761254218960595,1
-168.10560869600522,14.511782036155466,1
54.18164309991653,3.2355490676555263,1
-130.97706200040653,-13.618712728533716,0
-206.58102786162976,-0.465897005169424,1
-129.07089562926762,21.685001573810432,1
-191.9500976848613,10.390434024358534,1
-141.1916030971292,-9.201071368344621,1
40.91874030551412,-17.927806801295425,1
37.54086543588346,-26.975849826601625,0
-195.99453046128986,11.024256757132015,1
-161.72041508703109,-8.878264626085524,0
-178.59600735047337,-2.6444503887508404,0
-100.8893914164862,16.823077989670637,0
-159.10381888124022,6.754103779347524,1
-222.6080624545691,-3.385102427852395,1
-204.53037429215726,-0.691098403964773,1
-168.97804818460202,-2.693927630986231,0
-172.87696100233558,-63.7104876802806,1
-206.86006849710594,15.056962002720745,1
-222.29537079795534,20.771114566105233,1
-196.01494360112588,22.464774161350274,0
-193.42289988259665,6.3254804387625825,0
-197.34722896863542,-1.382305369922193,1
-128.42335372343433,-14.321442999157092,0
-128.42274398746054,-14.30164757159671,0
-209.17278286708347,27.33343853219592,0
100.70971112526115,-47.25085329489391,1
-211.20484925451717,24.626627505003118,0
-148.011956749749,65.94256942650473,0
-230.52315324892646,61.98062077295481,1
-47.11990319148765,-16.628194450002603,0
-212.87036460985246,17.250218055523256,1
225.83899123610547,-52.37264253882163,1
59.16157755671145,-15.15027512030155,0
-144.90959115307692,-7.843614513943535,1
-207.47322871242517,29.02303700195552,1
-159.07826381901668,35.62896834840518,1
-425.5956080837097,45.274770996215096,0
-193.4082721604392,-5.3225287824295435,1
-184.0814367253912,66.44285672231894,1
40.90360563767081,-17.946909391680627,0
-232.7174460919113,9.74576057203739,1
-132.60364280559918,81.62665941639315,1
-202.68376724728995,-1.348704691831557,1
-137.96289142572914,-10.926807188280428,1
-157.97926791362772,18.72688120051992,0
-157.97926791362772,18.72688120051992,0
-185.33874873348014,-51.84519293200281,1
-219.55960139585255,4.877256606559683,1
-99.63903308149094,3.224698726768473,1
-205.7322283060065,-9.611063726243636,1
-184.0814367253912,66.44285672231894,1
-199.84317253794234,12.077324379658265,0
-212.35011087586116,44.879886091530025,1
-74.99569780800601,-33.669754516455036,1
-189.9690245649375,8.852541970961731,1
-99.85619668473987,11.153991081854379,0
-133.52380192120228,15.753268013103273,1
-227.8995946961865,22.818492955049535,1
-176.33803516483601,-11.054817955182365,1
-192.52575410272647,-5.741978732771933,1
-80.23878740968661,23.841365370040577,1
-258.15978572449524,-28.168886827891406,0
-196.01433386515208,22.484569588910656,0
-190.29328920948518,6.047480330179539,0
-236.8554939640352,-45.88801427902566,0
-242.13462458163247,21.9272244094933,1
-235.06932592769374,-2.5904776252492354,1
-167.2654180904725,13.685588322003035,1
-226.14395651347996,21.82597822722274,0
-137.91989554528692,-14.037438049308385,1
-177.22073007543582,4.096419062194386,1
-211.44968727284584,12.373823938974972,1
-231.19969619351042,13.82073957046643,1
-170.56140416450324,74.2349755036836,0
-217.35039669792258,57.12398870451679,1
-182.29790921389525,10.319170861521165,0
-120.1859530343142,-83.13700970569738,1
-174.56995892184102,11.20173706886736,0
-193.2138717863454,-4.828936942428939,1
-126.00679875678861,-10.247854669725392,0
-160.34489345392637,-2.129461950559076,1
-227.89959222323967,22.818573240687314,1
-156.14284103109316,37.97170102483541,0
-209.450220741149,-8.253686504328321,1
-182.1657855634033,-9.502058661168391,1
-202.68376972023685,-1.3487849774693217,1
-291.43173023774386,-20.000812675142292,0
-273.49719105157357,20.629107746707604,0
27.74576515460444,-13.078325736770033,1
-173.44522353520625,17.084620755509796,0
-201.76317646590508,12.606835377842742,1
-199.19226732117897,40.011301384168625,1
-198.92818848763113,5.976126837896494,1
-212.10094513175176,10.832758938239849,1
-195.42558215490993,-4.913429718057962,1
-148.63142697863003,90.03834305205459,1
-273.49719105157357,20.629107746707604,0
-244.35753600420134,18.68940412795812,1
-145.944353120529,30.750590462758073,1
27.80187943037322,-10.080301924687497,1
-146.63465609372457,-17.384089079601146,1
-119.2408358062196,-79.22759755850433,0
-200.82271404521754,-16.686168904517622,0
-226.14395651347996,21.82597822722274,1
-188.33100180304086,31.64763601572404,0
-159.2782675168079,14.91482376498952,1
54.076580581778444,-22.796390385347884,1
-91.97869009772347,-5.487323637935226,0
223.1774835608711,-39.470392629154965,1
-94.48908960449734,22.926487807747566,1
-202.66885529922808,-1.33683282669719,1
40.91874030551412,-17.927806801295425,1
35.23257279365373,-22.142918409084977,0
-189.753580131315,-6.978613910559886,1
-176.63410784893927,8.436306558750736,1
-179.99100964408353,13.706318925350537,0
-215.8416119433487,3.51979927364615,1
-164.17539940537836,-1.2931082579051534,1
-212.08869406986173,30.89648928442885,1
-128.03375700451437,-14.06957581233474,1
-235.06932592769374,-2.5904776252492354,1
-431.43682235335825,29.283262422469512,0
-260.3393512045671,15.76044317677286,0
-93.46768648963985,-32.5649617683601,0
-192.95028889614844,48.068724399407635,1
-154.92355404315157,110.72700366536189,1
-184.0814367253912,66.44285672231894,1
-174.11022645562758,102.06681211142495,1
-192.9502888961485,48.06872439940765,1
-209.34461657564736,29.722727650366327,1
-3.964921490590882,-33.00562354477176,0
-107.59662774321544,19.013924033544754,0
-224.68788489921633,-6.1871287565198685,1
256.3919158105223,-18.485616197838574,0
313.1659517336909,-68.83399846466182,0
-73.2282190296662,-35.57918191393146,0
-380.7436594384102,71.3794549628087,0
159.4115166826067,-33.78039174452439,0
383.23301689367645,-50.857312585929314,0
293.20352811175655,-40.373324309905236,1
192.81633497616588,-34.83356419414675,0
280.0307755713335,-35.51669361564253,1
-4.326559154064057,-22.27580182041624,0
-16.68167965307714,-35.58312344333658,0
-64.4916490049032,2.751220065356243,0
-89.88621852207916,26.464929347568944,0
-138.0480373815987,2.999285549508201,0
265.7686747972167,-33.66611452953746,1
-159.19458283152744,-39.45541761552189,1
-51.13603931661885,-52.46407207160633,0
-183.34016579701688,16.252731910707233,1
-184.40199688343284,24.91284523229827,0
-73.17753772934907,-65.97803114429914,1
-196.4336057687339,32.79485046510736,0
-225.99822745030338,22.1475939963817,1
-16.853366079774673,152.56644920519767,1
-173.40981845466916,40.34955065447437,1
-25.154647583560518,-83.75449722256101,1
-19.75751729190199,-71.9817574883443,1
-167.7147754814452,0.517722854083452,1
-56.628529655570105,-72.13753499575111,1
-192.1447106622041,9.549082356358447,1
-183.26072629655027,27.942236984017175,1
-119.69052448496183,-54.014657814569965,0
-147.408932363847,18.184242396962233,0
-473.1051853189685,37.84536053252221,0
-205.30255157103892,14.417666157153313,1
-194.0258571249435,10.23705974455494,1
-235.6092401558696,-11.215725352195683,0
-121.80143553602892,-53.233470386003354,0
-54.31668650437484,56.60746381455282,1
-186.8529959755865,-16.648536204175194,0
-152.55887584084053,-1.5175466840168,0
-62.84365192754558,-4.413027653207635,0
-205.30277429082048,14.410435431902478,1
-228.7806902769767,-0.10112187077567114,0
-0.05500733440351269,-7.806822988888413,0
-192.90394562983687,25.140329275270503,0
-134.24887542198434,21.987442561390672,0
-62.892397929439994,36.054055316592724,1
-96.65149253386016,-57.34076697530593,1
-138.27854101025412,5.071244287031796,1
-196.17164264184623,24.873165869905876,1
-187.08826265367128,17.57727219875057,1
-71.70183767583899,29.6497979667208,0
-99.02775402726542,24.77412030550934,1
-142.32960391748622,5.685950677661012,0
207.76823019591427,58.314387632264214,0
-113.09525340075021,-22.53544205544781,0
-130.6009573320958,8.375630592853256,0
-106.10906589138375,17.097253833227228,1
-97.41035149554756,5.906997052158339,0
-466.55418431194806,38.07118109752629,0
-107.62482740342216,24.472773619465407,0
-85.5264286328545,-8.30257102396375,0
-187.08826265367128,17.57727219875057,1
-98.58987853711739,32.393692435714975,1
83.08267707117204,-5.3312226776951235,0
-62.550298704180875,7.794572002648387,0
-230.51866666443226,56.37985801739381,0
-179.61262989213907,-22.841908691942585,1
-189.49187487065615,-6.217920548482546,1
-87.2442381440099,-4.205784979836018,0
-107.90355170795368,3.4355543746016863,0
-196.5129219314456,21.109363836410985,1
-215.52464131248047,33.029935498634075,0
-182.41548135581917,6.028897432543538,1
-147.44145709585,-5.317230924594149,1
-31.1319180491721,9.255769169190081,0
-18.08501518540595,-5.046586055100775,1
-122.89816273268877,-22.001265938665036,1
-181.24430677294458,-18.64289877658492,1
-140.36506586447933,-46.39979361347388,1
-203.42125840067064,-10.474785777104906,1
-187.0437558752314,29.168741110943294,0
-76.08870220101858,-11.749274584904832,1
-9.58673961436864,-61.35560234415035,1
-8.08735374533444,-21.03760891677208,1
-157.5604564974587,-18.02164876250442,1
-192.52622537067037,-14.4944252822471,1
-284.6259841922482,12.481759817702525,0
-140.6846223488962,-24.24761006089563,1
-170.48440009618162,-0.9698544553832704,1
59.93617722553779,155.3357279180498,0
91.99338059690103,-27.641625061490366,0
-199.63315777032795,41.62748647314556,0
-200.37306395654332,-2.2210825380139383,1
-113.69940427372455,-43.604434458290335,1
-92.081084260034,32.074191022467026,0
-123.51440356828351,-6.912514352022178,0
-139.77399688125132,-15.775304640273795,0
-215.8651916599586,0.47195907457944486,1
-140.6846223488962,-24.24761006089563,1
-222.57401477399407,-3.3858143190256627,0
-70.67286825370235,26.60201874155408,0
-138.27854101025412,5.071244287031796,1
-234.07889696185435,-2.6686995565062404,1
22.879060528866034,80.49690617018325,0
-316.9371206416602,24.421873679478256,0
-146.5382140203987,58.44161195503831,0
-218.64359466100484,-8.382852119890728,0
-94.22569078643244,2.869902488341147,1
-232.7402244191615,6.723937937457549,0
-62.82835215958386,-4.388564992931457,1
-231.89556429956616,12.014642248300575,1
-234.07889696185435,-2.6686995565062404,0
-205.69898201479123,-9.637793181903739,1
-151.15358361826623,-29.76478716293567,0
-69.03848199184665,-38.73863477408586,1
-129.71091738658487,25.60645429920036,1
-187.35943285538457,5.282124407494834,0
-83.1769599142686,50.7092342230768,1
-121.48342236743628,-1.2356782790516476,1
-51.39533929802235,-17.206143112032784,0
-202.36680084462023,28.161351848933634,0
-154.83956304820816,35.50266831787434,1
-258.2322156036683,39.1693120378039,0
-134.367319677034,9.741193754076228,1
-102.8473777389786,20.28733997821388,0
-190.2636797139417,-15.351945745288226,1
-196.83173330581587,8.684344812557796,1
-111.03381388908878,70.70818023456741,1
-39.04731200270726,-3.253453350605554,1
-147.45107257084965,-31.152511861507882,1
-119.56689989259382,1.0493095462406004,1
-147.45191708222103,-31.179929406803232,1
-194.93492379481864,19.463492162098646,0
-192.24982607242498,18.304700100210646,1
-192.5262253706705,-14.494425282247072,1
-101.93773897257233,10.047328699614972,0
-173.52627321419914,-3.3431222746757783,1
-183.183342512852,-6.564975152015215,0
-267.7501500436857,6.255798519311327,0
-267.7501500436857,6.255798519311327,1
-223.6883697835912,60.70842154428154,1
-194.93492379481864,19.463492162098646,0
-141.89811488916013,-33.15256894623632,1
-53.917647271466194,-26.698967843532067,1
-89.54533536529499,71.16410584369028,1
-224.62368406544516,-6.153424120094115,1
-147.3168972128634,0.9921855352119664,0
-137.51111867455523,18.77926127320172,1
202.44278912164532,46.65259481676073,0
-142.38571819325466,2.6879268655784756,0
100.98147222781256,188.62429858445662,0
-210.19136613044788,-1.6629146193127937,1
-145.48543596681617,28.99187370609383,1
-165.7829946781817,37.822393061061035,0
-111.17544738228673,-16.776579207750366,1
-142.13972865547396,-5.05641116672485,1
-218.85656070152004,-4.760633213720439,1
-196.7935007088533,14.656325536267666,1
-300.0612864930977,18.19591238108704,0
-203.9810202661007,-13.729540294947618,1
-214.53336128625563,12.86927896656021,1
-241.56371904777882,0.03883254187134355,1
-219.53680572135187,13.551531503600849,1
-94.22569078643244,2.869902488341147,1
-228.40565504781546,-4.822520660910087,1
-250.9547311104169,3.557261741884986,0
-181.32087417213683,18.978602784733788,1
-187.87615370252973,6.903860095475167,1
-202.9053828459338,12.472134671918255,1
-23.621099760900393,20.940758735698665,1
-154.94776481639445,9.64319721746135,1
-346.1217641907425,11.729851113645694,0
-148.14027899551178,24.91586924915188,0
-238.64206371330505,28.4881923276745,0
-160.25197674124922,35.48096657799846,1
-218.01346955252154,17.870132261611467,1
-141.78979534270087,4.778711203240434,1
-148.3018300679911,-21.440268354010094,1
-402.7621608169241,14.550624630658852,1
-238.64184099352354,28.495423052925336,0
-380.22762527231055,6.246265528684766,1
-249.1329467933353,57.70118780858326,1
-310.9205344293283,20.496232271122715,1
-192.7705982022543,-17.977423076407213,1
-196.48846404070161,-16.615947393551373,1
-162.37008553416774,38.38103112630216,1
290.8450687772554,110.6745848418834,0
-138.8319271168633,-24.92034090510095,1
-214.17726109433477,16.641981127114242,1
-193.25883282325947,-4.871863548720626,1
27.12497086133874,2.1868576148398375,1
-143.46906177831067,-8.355503534588067,1
-153.2910628107789,5.186798104891231,1
-155.06827977681064,-28.34517033044127,1
-298.2975300291625,40.62227298698151,1
-238.64206371330505,28.4881923276745,0
-194.31526320252755,24.15847121291759,1
-217.65823662291626,4.206277362254113,1
-135.35068445015185,-12.475900391342257,1
-161.313254943537,29.765350586798945,0
-165.17766421655364,-15.214307055618882,1
-153.2910628107789,5.186798104891231,1
-197.85078365666868,11.743049995928025,1
-148.5086533668249,-7.611414567977384,1
-165.12565910576154,19.41940810627976,1
-217.50570713403533,10.559724038019944,1
-201.34569022112612,8.024599016988972,1
-184.41374179679502,4.796661530680268,1
-184.69293947030172,6.874546205089892,1
-191.3573983441321,-5.5405797416118645,1
-217.70313289953293,4.165453236101214,1
-189.02142536554732,41.56541806710041,0
-115.56470196071058,-42.919787914786106,1
-167.5640044303695,15.756480156309465,0
383.29397712756804,43.08789092777097,0
-128.73767830430108,-38.07030644160351,1
-259.9488817421039,34.27849342951369,0
-178.4656701420878,32.34069432154445,1
-170.18210427000048,11.39129842228801,1
-216.55403845470283,12.784230378052662,0
390.1761696218646,-101.58490430516011,1
-230.52315324892646,61.98062077295481,1
-190.56727530514166,22.830408549693093,1
-151.09709566506865,8.195460000722555,1
-206.4164563295535,0.003790533286959885,1
-229.07106346316795,51.28624767423377,0
-160.25197674124922,35.48096657799846,1
79.45838590064614,10.977586163560929,1
-227.8995946961865,22.818492955049535,1
-183.10471218306174,-17.967030217248926,1
-232.7374405666901,9.73660126835415,1
-266.91026526374765,38.93239772518794,1
-204.51546234409534,-0.6792265388304202,1
-262.39409292155244,59.605965419576386,0
-206.41634520150149,0.007398369133809979,1
-155.0682797768107,-28.345170330441242,1
-170.11076830956898,14.411249875634496,1
-208.30751658603788,0.7047182394020197,1
-203.74077686139924,27.662858636681374,1
-183.35508021802565,16.2407797599351,1
-201.00429454846255,11.79217949331099,1
-184.69294194324863,6.874465919452142,1
-227.34030829220222,21.509340323179217,1
-196.2923819339141,-13.122350717998351,1
-177.70934561348258,17.189528426406667,1
-206.4164563295535,0.003790533286959885,0
-204.5452887131661,-0.7030505547369046,1
-164.50654286314852,12.363870956222442,1
-170.18232451683502,11.38414798267494,1
-380.89587084603016,3.8489296749468664,0
-187.9206570708476,35.83271847472167,1
373.3718313613656,-71.83617235719828,1
-170.12568025763085,14.399378010500115,1
459.4000751720514,113.7773073674779,0
250.71089613577897,-30.812996705983174,1
-201.56877609181117,13.10042721784334,1
-147.079000793224,30.631485240351417,1
-120.2620390291105,-18.00423366593686,1
-153.2349341610065,8.185288577243227,1
360.2139649793055,-66.96848547501065,1
-187.8167383363804,6.943801709633604,1
-193.2138717863454,-4.828936942428939,1
51.57964685628849,-6.818248237882699,1
-159.07826381901668,35.62896834840518,1
2.7096245784529174,11.2196412305018,1
66.28563060914803,15.834217800445074,1
-103.7532418614793,46.84204482442685,0
394.21991636994517,-79.41899668742477,1
-191.94451616076168,16.29367335640884,0
320.74006956492656,-52.37503188893147,1
-214.72661780523129,17.969011294319266,1
253.12857828090694,-12.718795025263738,1
316.5611732573094,-37.63731045464093,1
-156.95292492778725,9.542746360477352,1
-209.32948438075084,29.74174995511375,1
-359.2960786190153,-6.781199557244548,0
-206.41667410344127,-0.0032796206883460854,1
-196.27724479312383,-13.10316784197537,1
-226.01362625978908,22.119915896313174,1
-165.17766421655364,-15.214307055618882,1
-125.6591706296793,-29.776972951671844,1
-164.16027836361974,12.165297126437451,1
-169.25763964239928,1.160313356067654,1
-194.42099407069202,-13.822041366409145,1
-219.57451828980822,4.865224170149787,1
-157.00934894015683,6.534666772265304,1
-212.08869406986173,30.89648928442885,1
-219.57452076275513,4.8651438845120225,1
-196.2923794609672,-13.122270432360573,1
-182.72022562283257,26.458420921968283,1
-85.1330620182656,33.82228979068138,0
-204.53070566704395,-0.7018566794247079,1
-175.0150903335686,-1.7005365511092947,1
-214.7417524730746,17.94990870393405,1
-115.55001025948337,-42.915066489264795,1
-217.68828323882155,4.1753029067345295,1
-193.22878620735418,-4.840889093201071,1
-174.7476801798922,30.9832368139914,1
-220.900869759422,33.152497863137825,1
-198.53499148546837,-2.896306989563463,1
-44.96492865914058,41.46536081836156,0
-164.1145767654981,-0.7385829311287679,1
-191.38744496003744,-5.571554197131391,1
-175.03000228163052,-1.712408416243676,1
-138.84706178470674,-24.939443495486152,1
-189.54083995487872,-6.229240919079572,1
-386.29630263685215,29.993387726174863,0
129.13453446203528,50.367336350962816,1
-187.26338184039616,-7.074889691625955,1
-211.0237605476239,16.59253165665828,1
-207.7845315765178,25.28794653847344,1
-220.7218323494762,-4.07518426254321,1
-161.58983846647226,26.114652737515488,1
-133.9062454633804,25.774853590328686,1
-204.50065905113865,-0.6708822239051528,1
-181.38237701171107,18.589832254613682,1
-173.39241293210983,5.640845175965801,0
-209.45022321409596,-8.253766789966072,0
-204.02503561085945,26.926536564746613,1
-166.39863661985783,-24.69254752826125,0
-151.92689880485403,17.52777840181971,1
-209.12239330174083,15.921632697990475,1
-239.17120494651795,26.997075864496484,1
-177.31812305967856,17.033801091915187,1
-206.4017621553794,0.008592244445992492,1
-183.33994555018228,16.259882350320304,1
78.37421919412077,69.13106314687587,0
-151.00243417725278,7.296793335599318,1
733.0894773090297,-42.13805409255051,1
-175.01487008673405,-1.6933861114962383,1
-149.071240562299,6.649718392837954,1
-215.85652883730444,3.507766837236268,1
-211.69283678678653,1.9721971832987748,1
-205.10236146207978,21.162177529271034,0
-196.30702726738673,-13.125566787811614,1
-188.99798292206788,30.06835943924614,1
-209.46487102051543,-8.257063145417114,1
-227.8995946961865,22.818492955049535,1
-172.17434403907555,-12.590468425225389,1
-137.79963186015704,2.471136013858768,1
-211.35135984377604,-7.574869048517591,1
-128.36109845408623,-38.22916961404294,1
-190.86719030954134,22.05803239188439,1
-194.47526697704586,-13.792942609117539,1
-202.69868414124562,-1.3607371282414533,1
-185.3771467894095,-7.764810955041185,1
-126.92056660637314,-38.74097834904969,1
-211.0237605476239,16.59253165665828,1
-179.41598580816515,-19.33006710520842,1
-226.3928259346814,18.156132166257642,1
-208.71262336489497,16.90277110141116,1
-221.46048425325876,5.563881514523935,1
-185.03541893659173,-17.304149039553458,1
-168.15958478802924,-23.53011033794467,1
-211.3511011256084,-7.566981310726291,1
-165.88212339601455,-24.375679100534263,1
-181.31742569686406,-18.661526537149776,1
57.335059255813235,-16.644273344340043,1
-196.49651331561148,-13.631706789819894,0
-179.63828550519418,-5.531410381129035,1
-204.34769575835952,2.751792067069644,1
-179.59558066446914,17.87944968982194,1
-46.86111563456382,-64.7287775531357,0
-53.91048542229407,77.72762836389757,1
-153.90578468154467,-19.384153951655044,1
-157.00934894015683,6.534666772265304,1
-165.5838687143688,6.59951192074692,1
-128.91671524131777,-0.8426244779657566,1
-43.88961428472612,-31.35131696020766,0
-151.87944502008435,-17.149953185255093,0
-211.3511011256084,-7.566981310726291,1
-63.28247379504569,-39.73433449838182,0
-201.56865970874702,13.104205660670466,0
-171.4160114729887,-12.62610150399501,0
-154.95795269470614,-25.44328667518679,0
-198.1932598454266,-12.435565238758564,1
84.27001229480709,-21.75532264263621,1
-213.23476093126203,13.29477861965455,1
84.25515128002337,-13.180975752308349,1
-175.69799293978446,-20.687444475567396,1
-70.59894981535024,-59.04668981656257,1
-205.87381707063042,36.29432073763738,1
-92.7798267832789,4.624565500841626,0
-24.4724035940701,-75.69570782069172,1
-193.83075121174835,16.983594619824125,1
-153.9957510151582,-28.30311772381065,1
-162.27404331263307,11.47537586302218,1
-138.80133789683634,-33.58108488982855,1
-192.58903439900598,-14.482944158170561,1
-230.84600416388724,9.047825168382168,1
-88.96057705223592,8.690080220791906,0
84.27001229480709,-21.75532264263621,0
218.17467553858705,-20.5039984159315,1
-152.01969494710107,-20.078792999859196,1
26.477629629532316,-14.136669076214396,0
-184.69206882464505,-39.39544710197698,0
-151.95918256145313,-28.712580935124002,1
118.52365014118811,-45.367393553507874,0
-261.1408863254016,1.7334085063795115,0
-110.87548446787576,-18.499918900270508,1
-26.183573085413173,5.313603067278251,0
-171.11235057525533,-21.636952731882893,1
-67.09526791008693,-50.09293702040541,1
-53.69238508786873,61.07036651789273,1
-76.32574064403724,-31.9835905458636,1
-152.8836462775663,-18.48159618121361,1
-179.43119311882424,-19.351528086202826,1
-209.47963953765628,-8.26427844356136,1
-85.32397220777591,-53.24829357107466,1
-26.183573085413173,5.313603067278251,0
-17.573925621580088,-41.08832464139007,0
-196.57543882914342,-25.16793016796303,0
-68.20737264767888,-59.91445856300239,1
-99.30187057271087,-48.08073357247569,1
-178.78667146470292,11.425169390931131,0
-91.28998971186383,74.95600905584425,1
-139.7440621563755,-33.498596487604864,1
-44.909021801123686,35.64173578596758,0
-110.87548446787576,-18.499918900270508,1
-70.23512833652546,-21.638052497897398,0
-139.74536538033607,22.005406715260392,0
-167.0480010752524,-23.189851433214834,1
-171.7270532070766,3.947495392345864,0
-201.84570928106763,21.13229949601751,0
-92.7798267832789,4.624565500841626,0
-90.8640537706554,3.9491049408289385,0
-69.03183445919444,-69.12994610273958,1
-21.733176675345135,-48.62586388604742,0
-172.10373789324075,-31.19500993765198,1
26.477629629532316,-14.136669076214396,0
-200.812449090259,-2.0506583916566967,1
-210.15531606666138,102.73524923115733,0
-200.04593727139263,89.60438789034346,0
-204.48548048848744,-0.6503545634497243,1
444.7799032719802,122.16903951624371,1
-209.07812900958652,108.49510223521355,0
-202.6985603702526,-1.3567188320715076,1
-61.67159846554375,-67.53108804913373,0
159.44092310126734,-82.13710003456683,1
-98.01248948329948,-38.710014173829045,0
-111.1852456776623,-33.85338222758961,1
0.16194096638616884,-4.399661395031956,0
-90.01870874999304,-33.650204491860514,1
-189.5407161838856,-6.225222622909641,1
-129.41394997535127,-37.008738778258895,1
0.16194096638616884,-4.399661395031956,0
-111.48526430552369,-44.45513091243415,1
-198.1932623183735,-12.435645524396314,1
-179.0399646761964,-19.507095172502027,1
-67.0952679100871,-50.09293702040535,1
-111.18524567766235,-33.85338222758961,1
-17.93507226949464,-78.14031425635199,1
-155.27510342842413,-14.51631642353302,1
-68.56238136164512,-59.456153027876006,1
-210.7065853603109,23.20955591821537,1
-219.5743945188151,4.869242466319719,1
-147.51439531026978,-31.157720235248128,1
-44.90902180112357,35.64173578596758,0
-24.4724035940701,-75.69570782069172,1
-196.5186134265776,-22.14681921717193,0
-43.88961428472612,-31.35131696020766,0
-244.775428844749,29.044454253440733,1
-164.20747697716564,-34.08693307894763,1
-140.67726135867179,-32.86105532205156,1
-24.94185669161925,-85.36950089555535,1
25.54480396724125,64.67248717722715,1
-79.58230270846911,-0.20488904069541292,0
-247.98891509311426,28.6582871101669,0
158.007556876742,-41.74679462460487,1
-160.15343960473297,-25.633319179527838,1
-221.64340506690127,18.945024027173496,0
-131.28881154064885,-33.3565698694397,1
-131.28881154064885,-33.3565698694397,1
-209.62925950909062,28.97391495369089,1
-85.32397220777591,-53.24829357107466,1
-112.13564352684682,-40.4321980726808,1
19.617574173505318,-91.93526261350746,1
-120.71426375798296,33.185036431057895,0
-112.13564352684688,-40.43219807268077,1
-196.5186134265776,-22.14681921717193,0
-112.50120270999224,-34.64145843343193,1
-147.1869266574206,-6.994028180437191,1
-73.74872366428485,15.804194703833822,0
-187.2632580694031,-7.070871395455995,1
-145.67482163764328,5.91921891998151,0
-196.5186134265776,-22.14681921717193,1
-139.7455902639461,21.99810574007651,0
-261.16167070829425,33.51491885795658,0
-77.57527301434959,2.4660185483445503,1
-206.4014279984275,0.019440841248425045,0
-113.12181222676975,-52.89039130992385,1
-68.50626708587663,-56.45812921579347,1
-186.7458801549646,91.05897570400782,0
-191.32751296436567,-5.514839909674279,1
-111.33906666993971,3.3040707324188148,1
-43.69870463337509,-30.57954693637202,0
-53.69238508786873,61.07036651789273,1
-234.81615990161555,23.80165550754633,0
-118.11584496032708,-38.20637151504665,1
-138.86184996177548,-24.947297064450602,1
-204.53031528146158,-0.6891825879336864,1
-158.94589570157092,-36.063594177994226,1
-211.2556091962947,-15.171705429713008,0
205.61988033306284,-77.22009833630597,1
139.0482269801181,-37.70874042340203,1
139.04822698011822,-37.708740423402055,1
139.04822698011822,-37.708740423402055,1
139.048226980118,-37.70874042340197,0
125.8749355405563,-32.86955121810396,1
125.8749355405563,-32.86955121810396,1
132.1289237867535,-59.48847856078847,1
125.8749355405563,-32.86955121810396,1
139.04822698011822,-37.708740423402055,1
152.22098102260043,-42.56537163232654,1
152.22098102260043,-42.56537163232654,1
205.61988033306272,-77.22009833630591,1
110.0870985122641,-73.0130493876521,1
110.0870985122641,-73.0130493876521,1
155.1620244875926,-89.67876080892614,1
132.1289237867535,-59.48847856078847,1
125.87493554055618,-32.8695512181039,1
247.22217468950726,46.796916724646735,1
-82.12518277302956,7.3490620515798,0
-196.17164016889933,24.87324615554364,1
-316.01631752566163,14.967725259133829,0
-210.15531606666138,102.73524923115733,0
-234.1010385468245,11.378655639665524,0
-226.0132358742067,22.13258998780418,1
-190.11071162353568,-10.8047761692413,0
-261.9673071929708,43.320918589588615,1
-20.09983430997511,16.073401004470256,1
-319.1105262406438,3.993523656679656,0
-291.76688729101056,14.494429549722724,1
-199.8704189110827,77.3043192617943,0
-228.92335122289046,37.3172805537597,0
-211.23250312373614,96.9753962271011,0
-272.19340184884,53.2537619616814,0
18.222740754379174,-53.80833805966561,0
-13.163928992319143,-52.099209975121674,0
-163.18007048500806,-15.919383459807328,1
-297.04398756377395,16.439635409478754,0
-214.74162622913462,17.954007285741746,1
-218.34253767044027,86.55762098475208,0
13.270646008681524,-61.7543515246958,1
60.84560805699664,-79.41110988327321,0
-289.9447236902271,13.850539025016104,0
26.309868402348002,-66.69586616699792,0
70.86968105466963,-73.24896504559823,0
-307.3805311959843,41.896890122131275,0
-240.72303544087458,13.908609826792514,0
-31.556987626237515,77.58715637654373,0
-145.3248325117225,16.67985309268012,1
110.88871226558786,-97.92487194631471,1
-228.0839379832601,22.346876838160767,0
39.467833556038045,-71.56035070102371,0
-188.4108085676894,8.235941871618799,1
-267.1172506699644,23.619129508609554,0
-26.321894559007887,-47.234725299587005,0
267.1868964141586,-58.94553414386514,1
-266.5817740566654,24.961489517107914,0
-60.472142931376766,-62.098577770026104,1
-278.86771515272784,-3.1500000576293417,0
-303.8424224437712,19.55361698066035,1
-329.35512401318596,28.37974927125444,0
23.82400177516479,-55.873035176497986,0
-250.24141652140185,17.393168210218327,0
-270.8351148435149,24.98060462100931,1
-126.4448832351876,-14.635400430239265,1
-312.47928986462347,22.153787972863242,0
-392.8934047183023,32.545228016771674,0
-215.31586279790167,13.466294546220198,1
-244.48939039458293,15.274170455502968,0
-187.92065707084754,35.83271847472166,1
-191.99375978650784,27.774889571294523,1
-267.1172506699644,23.619129508609554,1
291.62672484678467,-67.96043460729578,1
239.58052658635484,-35.32650659366228,0
-164.07289408488123,-6.764178283647567,1
-6.64522527089764,15.551121823295802,0
-107.9955108562744,-45.70757934957785,1
-251.68194836911493,17.90497694522505,1
-143.95764983515738,10.3883152822956,1
-214.92101817932507,17.47541945431864,1
-260.88998134175046,49.08527762506415,0
-119.91813346425965,14.814744232437349,1
-186.71887988790195,7.055480626008276,0
-209.70059299657515,25.954043785982215,1
-185.28218582096792,2.3717487893289686,1
-193.07182118487628,21.986650576437533,0
-196.866487727913,-17.6058852951817,1
-387.9136996583386,40.162147928291795,0
65.79837179948788,-81.28730990826509,1
-215.58908259835619,15.839020609260821,1
-206.97587136525527,-4.475022295291929,1
-316.1971527898767,23.515262657549577,0
51.12644592057302,7.097587294410189,1
218.315914958956,-40.858968160324885,1
127.06999981184447,-33.306534130529805,1
57.0569565103591,-3.126830824192517,1
-75.29027336308474,-58.42474855265842,0
-282.389585790289,10.998908185036981,0
311.81864770436675,-62.45905613058989,1
-139.6181765796607,-9.796210572247183,1
-290.6848421487823,14.676456461426831,1
1307.4734548204356,-39.29850196974636,1
-104.93213784949597,-37.43334845003138,1
51.57119250221524,-23.604950407679958,1
284.0627305627212,-65.17149544225634,1
-201.01162934169622,26.353185379650974,1
-128.48245826703226,-28.90516126870353,1
-235.48388025011798,14.021995298294975,1
156.02708601463598,-1.1304615685032218,1
44.500462145238316,-8.340540418023004,1
-252.6064105458259,28.135961171678556,0
218.17467553858705,-20.5039984159315,1
-306.2520205364095,47.61993608931785,0
89.00301722959296,-29.388341847049283,1
92.21599544256321,-32.32495530538629,1
-201.74777518347236,12.63459376354902,0
-287.26224887085186,29.65812332513026,0
-290.6848421487823,14.676456461426831,1
-290.6848421487823,14.676456461426831,0
-73.86449405339079,26.428992130826224,1
247.46069266141933,-16.82775098347097,1
-286.0850733872365,12.443267863332792,0
-126.9943525846515,4.517213235959694,0
-183.61172055507518,-7.628042500145071,0
-80.01427314718524,-42.288121323477704,0
-173.11372061473855,-2.371355224139336,1
-137.78375663110603,-10.456568059613936,1
-249.36916310120142,22.565066165760953,1
-109.93345192660445,-36.890756977882,1
-145.3035966883923,-14.017549308004568,1
-236.21109682673767,17.703712183650417,1
203.43758438122177,3.1016693262114856,1
31.160559850306072,48.33298418440936,1
-140.94560534455002,27.154983244192547,0
-238.9156388475887,27.77127611787215,1
-73.79576203161287,20.708967346785485,1
-223.17207808154797,29.63040937559822,1
-204.4564806337271,40.04230869886886,0
-106.40826147367989,-32.570301358256806,0
-162.6086768879237,23.510578900608998,1
-81.92889107769844,59.777615049258905,1
175.6089275293217,49.20273685234899,1
-3.08289183166346,30.5810540796772,0
36.52636296952221,71.70142505582496,1
-233.5185060403398,39.54401499015327,1
-244.31277122064733,15.998537096821138,1
-154.06672564688398,-17.320336185915885,1
-188.16438280526057,3.1794481776569654,0
-202.5650979790555,39.35175189158741,0
195.76646848399548,-32.56656240515451,1
-231.1548008046608,11.134050759735274,0
-103.74877180358413,0.5496582338905753,1
-181.83916178356355,55.27198308898629,0
-102.84053221371823,-8.887189471407368,1
-127.87281816846462,-19.689445875322782,1
-158.65544749033734,37.106672628455904,0
-190.1432343141081,21.398072074511745,0
-212.61633782276692,29.642871503082592,1
32.22993722687545,-0.9111890130682951,0
-206.60450239817675,15.831162256096455,1
-204.34786345830128,5.691139289181663,1
-179.40141064456134,-19.329129140366582,1
-229.37484158806632,1.413311212836959,1
-214.5104346664184,12.875270777603014,1
-194.41855709530188,29.792678825629256,0
41.10681646004855,72.4740397996583,1
-37.803092349126814,144.8136032475244,1
-184.63559021435054,9.997879938879528,1
-3.524635175514618,75.99753988400674,1
359.82914064023134,-23.478549339183438,1
-59.45929224279337,18.2900511098511,1
-123.01075585874702,12.093754553316572,1
-187.2362941566222,43.49924406793528,0
-206.66250354077738,-3.514819022849956,1
-142.77381481726928,51.18448697290911,0
-206.71144338400177,34.105202421417616,1
-189.51079333897343,-6.198266463559989,1
173.8377601530949,41.309584313144164,1
-138.0521770658151,40.600821480656464,1
43.50154513190216,-5.089771118925867,1
108.85514248503944,-47.81635092160004,0
-201.8220734294294,53.18834966606017,1
-114.76592533669401,-7.300996621705025,1
-137.69597893859765,35.792086359847666,1
-238.9156388475887,27.77127611787215,0
-176.56462684502372,-14.575659761291355,1
-169.3763053536834,13.83622344776473,1
-135.2005388112376,3.560943736730813,1
-142.24688725697757,-2.569368449712478,1
-123.49912488137119,-1.227239876261521,1
-69.04690679930832,39.493149004155015,1
-241.25821669301757,15.64066255772304,1
-207.21920580248792,41.415610645009146,1
-135.81406094719995,15.012460576684418,0
-159.08199152296555,-16.497440926668368,0
3.8810018559097443,-56.496289966755235,0
-15.776179022699921,158.32630220925392,1
-163.1801942560012,-15.923401755977231,1
-99.89886729899058,4.896996585094421,1
-146.04325543654647,-1.158330320232615,1
-163.96610834371182,-25.04328170375107,1
-115.99837475189656,-4.018686245300479,1
-201.3143110109432,45.87794144246866,0
-236.32992349181256,34.49891358578961,1
-123.01075585874707,12.0937545533166,0
-180.6972727648261,23.582101801592067,0
-94.71600765382505,16.14446639545846,1
76.23548876546499,31.667271755839327,1
-237.40711054888732,28.7390605817334,1
-180.6963472644432,23.612148701524042,0
-60.76247216923417,18.571988884445688,1
-143.04570177085918,4.111086613529551,1
-203.71616975428714,36.420748762822456,0
-221.7782026390488,7.695287324176235,1
-222.39258620773,29.229682993985666,0
-238.9156388475887,27.77127611787215,0
-124.35354222807177,13.902102072610425,1
-148.52113175414797,-5.025459403351292,1
95.15075462278253,164.00366819375944,0
-90.54558052221427,1.3984202111593333,1
-151.70198901330008,0.9189578606266053,1
-207.21920580248792,41.415610645009146,1
200.64479190828115,35.86966168326275,1
-183.62429334526826,53.33815720902692,0
-196.52761610561976,21.104562125251924,1
-84.78669821716136,40.24600487875344,1
-224.24926513862266,23.870556371541998,1
-61.86292271756048,-7.157354470198911,0
-134.03213522055336,16.646620085691602,1
-206.71144338400177,34.105202421417616,1
-96.14651177723778,26.906259149842708,1
-225.75766816701747,22.90678969012965,0
-204.029984235372,-13.740861047568778,1
-94.56828611254662,-20.166980749133863,1
-180.6972727648261,23.582101801592067,0
-10.090373343346982,46.339457841725824,1
-188.3911714469562,2.6729681235137193,1
266.3023905317302,-35.16969049819782,1
-137.51111867455523,18.77926127320172,1
-73.4001161266317,4.539137210745324,1
-67.89524189481159,-6.860049320613463,1
-188.18762578792456,3.163245665763867,1
-91.685288146027,-1.6257179767834202,0
-334.89071282394866,39.522870377165845,1
-403.6939967731216,71.73435054633698,0
-194.31516672668602,24.161603356360715,1
-253.05409515399685,-27.602362788055437,0
83.08327239955759,47.17993048484379,0
-272.75011242850366,34.027718791190296,0
-133.72198397822945,-17.011538380086698,1
-380.22762527231055,6.246265528684766,1
245.47469438020732,-24.9029553439427,1
-67.9866875154151,-0.9979817090404879,0
-334.89071282394866,39.52287037716583,1
-351.24449393058296,23.981860288183512,1
302.802456747982,-48.90670830379725,1
949.5430791485815,60.860416960321494,1
-136.37362778128266,13.478845491004584,0
222.31854652218624,-24.08643135188749,0
-152.6898950957625,21.23842187507566,0
-155.41985421060332,2.280433323802427,1
-136.26668671245056,-4.7951947027578825,1
-111.19536807098922,9.044357038353866,1
-151.70198901330008,0.9189578606266053,0
-178.5251538661597,9.137756750213732,1
-144.92870321678186,4.612683377992106,0
741.9583295943887,-23.76400294186798,1
-88.63682956025741,6.636560771990887,0
-178.7123287356148,4.662006910742662,1
-178.7123287356148,4.662006910742662,1
-95.29697294666732,-40.05451703405679,0
-356.91649044950475,26.047042594577988,0
-143.4016850192549,-0.041459878131696826,1
-119.59347714291772,-31.088888431091497,0
-125.33032322584046,-28.94936352345082,0
-101.06651040151064,-30.724642808530696,1
-95.46082290329502,-54.27276538408639,1
-226.2691317092918,-31.0428853371481,0
-73.98287211823396,-11.460521954686193,0
-207.16343390115378,12.363700700217855,0
382.28283871864824,-68.09516920405957,1
-63.29073416539171,-8.591725214848992,1
-78.51253317800865,-6.482349502831269,0
-3.364414616591148,-24.87820943259188,1
-321.73273861558084,34.658382740667946,0
-36.60001612577514,-2.7071103565178163,1
-47.110357323867106,-8.160352605050086,0
-67.46222062182107,29.433973274057465,0
-60.28418656117907,-3.33860526609363,0
-233.50895067568825,22.076966095439268,0
-140.890049436117,-19.0050256709739,1
-82.21966182238708,44.34978054906858,1
-299.7069609900247,48.1342105232558,0
-22.74485986439231,-55.62914220101111,0
297.4053251766952,-60.67944759956544,1
3.4186874263630216,-27.393756522731145,1
-75.43587636936218,-36.20261725051582,0
-99.19164883621295,-34.3768117173499,1
342.41229336857043,-37.04572162971227,1
-67.24065882059051,-10.652275757792758,0
-297.92289810248803,32.59803755875225,0
-293.47654673645525,36.1361594569624,0
-375.94818337141317,14.848112130252787,0
299.5636085763051,-28.666187150463863,1
-95.35922675834178,-31.892133460627484,0
-101.79467036054461,11.505144535593281,0
278.36262737414575,-39.891807517872586,1
-375.94818337141317,14.848112130252787,0
-321.73273861558084,34.658382740667946,0
-118.21898127576623,-56.32543424603677,1
-72.98860562133257,37.97291154564603,1
-138.38551644914781,-21.135489814798113,1
-62.95673339253267,-44.73837127495249,1
297.9414472572902,-33.09803213171113,1
-88.63682956025741,6.636560771990887,0
-136.85199586502318,-63.240361956112174,1
-203.77840732267026,4.332987758553422,0
-81.10142088560849,-4.5784665890436,0
-45.528319485180305,-37.93624269692149,0
-91.9385523183422,-38.84785737787373,1
-281.6104020869913,36.41472339361778,0
-96.14310895720769,-58.21419062631639,0
-140.02025455480134,-47.70700339669033,1
11.63340267916567,-13.062230006494566,1
-135.49948339675603,-53.870656420983316,1
-63.165249694145814,-47.68341376507389,1
-77.25599329981776,-17.75348881843373,0
-252.52531345626352,10.90358825013287,0
-140.56986228911268,-61.87888607259335,1
-112.39597605683667,-34.61735795470313,1
-130.10235128026443,-42.09791731202282,1
-296.998439073657,22.367054410880435,0
-117.10198646263802,-37.62212917392433,0
-137.08415273334595,-48.34708354456844,0
-229.9916590098174,-9.13800166392867,0
-110.45814566778466,-72.96265876986968,1
-49.090367826352804,-45.91587982530803,0
-72.98860562133257,37.97291154564603,1
-121.41669356417367,-68.95451451949666,1
-121.74260275762958,15.450165932432668,0
-57.49324823630894,-49.748597763725876,1
-225.26110177975698,27.162071022096708,0
-32.37035018044946,-42.800728653249415,0
-95.53161437946642,-37.47335719405584,1
-132.10911353612073,-36.170272651586835,0
-120.95685185460678,-40.298056835416254,0
-171.58435430029436,-21.62017294024259,0
-134.62756129524473,-35.917821551355566,1
-256.3371749611994,0.575263449249853,0
-146.56205089395382,-16.93984167232191,1
267.3561279885761,-49.61665584379481,1
-100.92430828232699,-49.26253881897053,1
-201.7395317068569,-12.806986225325268,0
-109.10527551865835,-63.58134092080922,1
-275.0589709895316,30.945179221855355,0
-14.141645882760486,-39.64537210258015,0
261.9589964921216,-61.38939516520329,1
-330.824446407346,15.591620751363287,0
-165.14714062624842,-22.816551175510945,0
-101.78138561793071,-26.4893544339725,0
-295.5579072259439,21.85524567587371,0
-13.217183035768244,-49.87635655869719,1
-369.8222835762564,45.953816886348,0
-297.922898102488,32.59803755875224,0
-201.86261004425518,3.658315001361302,0
-140.97919025412494,9.228936980424379,1
10.038950019712615,-3.840421480108411,1
-120.2833484034278,10.880688593449932,1
-194.31407301266927,67.74565341547061,1
-257.9042004083595,7.911393399712715,0
-358.9597719092167,26.050914563514745,0
-165.63167535311362,6.543596427715208,1
-147.64084677716676,14.766847050883491,1
-295.81274652694043,18.641916978196313,0
-32.37035018044946,-42.800728653249415,0
-109.02636683968205,6.699503563340059,1
-119.84427485876478,-25.864610423314993,0
-286.0395229975368,18.370686213866215,0
-370.843147014168,40.27826590840079,0
129.73127749973594,173.81914459524148,0
-295.5579072259439,21.85524567587371,0
-159.23037724150345,6.475605265245356,1
-277.10013396392594,36.8185044593291,0
-296.998439073657,22.367054410880435,0
-212.66122639798851,-5.291069532184544,0
-197.04475864853038,16.73104738437344,0
97.43057039019175,-96.87471988611452,1
-121.41669356417367,-68.95451451949666,1
-236.53342110287593,31.31761679715567,0
-159.23037724150345,6.475605265245356,0
-160.6584826179893,-26.68226765833345,1
-112.39597605683667,-34.61735795470313,1
-171.2704088175688,-12.14740220893409,0
-137.64867496642387,-13.316912735529833,0
-329.309575523069,34.30716827265613,0
11.63340267916567,-13.062230006494566,1
-128.34734616857736,-38.62238152010915,1
-74.65094495205847,-57.44051452556969,0
-204.222284653464,19.377502935379937,0
242.91629938174015,-40.60172489581253,1
-118.46072001787212,-10.833178659032932,0
-47.771749031896206,-62.921093317023555,1
-23.502541859624102,-24.46041491433362,0
410.89907433748556,-66.73277526434174,1
-206.8266456616052,-3.9221405506078426,0
-151.22038900404254,-15.013974361980438,1
-171.1487845856517,49.369663047151214,1
-109.85867989493659,1.2405978563105933,0
-138.0836869610572,-28.66999467228782,1
-162.10347147633723,-4.3155646408122195,0
-113.72095190806698,-45.835408567207956,1
-175.2614410065401,0.5489213927709429,0
99.54158851814373,13.514328587227986,1
-142.9503045571281,-11.391192469004743,0
-249.6912641283887,36.18620132320372,0
242.91629938174015,-40.60172489581253,1
-176.9035548881227,10.713443323751385,1
-133.91863892715628,8.586317605491132,1
-243.86454021257634,14.647408041379997,0
-151.56045689689142,55.86895629948384,0
-153.51558953842823,30.709593726053864,1
-127.82161352527805,4.351777683084848,0
-121.32494031546298,5.036909515223478,1
-61.32601201126084,25.554390086567672,0
-153.50067759036637,30.721465591188203,1
-229.36232946418392,41.836324699183514,0
-140.34283244468645,25.852961471653437,1
137.18144693660474,-29.244132017690994,0
-140.97945439576733,9.22036147074104,0
-125.91532756913529,3.6730145706218806,0
-172.07078659844223,23.79820814317347,1
-134.24500229910592,4.834467209963115,0
-161.3970391336598,9.355319432606656,1
-66.51539077325276,29.100157524907583,1
-127.82161352527805,4.351777683084848,1
-127.82161352527805,4.351777683084848,1
-140.34283244468645,25.852961471653437,1
22.16695919880783,11.49894903855828,0
-168.48091489495846,30.09263161065703,0
-142.24371530209265,26.53958637961764,1
-61.36642678972265,22.5553539735116,0
-73.08047569359962,-12.292608298592846,0
-30.436257756673058,-18.164521914136692,0
-132.7874010065271,48.916886754492936,0
-146.07447765772116,-1.7471419927791345,0
118.13125731826722,-37.527454760934,1
-346.93941883343933,3.682439437178452,0
-99.49687646688182,-13.136274128348298,1
-199.58672839222424,-4.793425004561435,0
-217.81543268991322,-7.948781555230667,0
-127.10163653182468,46.830867135416774,0
-127.51113585107856,17.239596989758432,1
-135.4074973943719,-4.126549168823146,1
-140.68411303130057,22.08907874960235,1
-120.29868443097376,10.855048745010066,1
-237.18450315092423,0.31773490467577403,0
-145.51688132098099,9.004313930180338,1
-98.74079770848118,25.265818670307887,0
-133.9920759515822,19.52905791827216,0
-61.36642678972265,22.5553539735116,0
-158.91272085314802,18.93685434237623,1
-107.92909831034905,-4.895550611334649,1
-145.19073292926333,12.749174347484,0
-265.68713650900827,-1.6261345198261168,0
-154.73173526942054,-1.4592713903716685,1
-324.65524442442376,0.4442798723770238,0
-285.4652765612281,25.770239766455152,0
-254.57156764632998,57.59048099204934,0
-220.02800463519884,12.180136098044201,0
-129.4117935157563,17.93353290861127,1
-77.91417489361709,-16.065504132900436,1
115.31636506571533,157.82470159993912,1
-210.9386528314567,-9.469450891537896,0
-124.01655174747026,12.216524934300978,1
-114.17192983693786,-33.55041736917995,0
-145.86448501225613,16.862866073622186,1
-173.81168077908967,21.789717416615773,0
-267.72941794802017,62.45898687822657,0
66.40477653829885,-7.46537447364873,1
-241.6763769043091,-18.81348137069302,0
-161.4780195102257,-2.2580913127150026,1
-337.5785198932267,-11.502518766422561,0
-249.06787315542255,14.54525183868973,0
-157.97602648890893,44.51303044908509,1
-160.2345440383939,18.316335811392847,1
-144.6223529649228,-14.590133933578976,1
-85.41602949245816,-13.309803782618253,1
-244.13125016246954,1.784209556132467,0
-276.5976236329732,44.10561605736106,0
-171.50642377764387,22.486182777409606,1
-137.4720833966852,-6.90618031325387,1
114.16803728421075,-10.552141184643311,1
-186.96952799812362,26.658222246559383,0
-230.9734029434356,-3.0842952738111435,0
102.59492063800258,-4.25684062347478,1
-249.01104775285677,17.566362789480863,0
-184.68712828199625,24.25474092117629,0
-158.91294109998262,18.929703902763144,1
-165.95542927402323,-2.998777778004076,1
134.9826162016958,-94.0832197770379,0
-137.4720833966852,-6.90618031325387,1
-147.1513964589647,-1.4596253492956706,0
-129.2063874377476,-16.317284492585934,1
-136.96709751292587,0.3240388567168395,1
-149.04243851448854,-0.7581765152584836,0
-195.24465323288962,10.180223242016503,0
-169.86921822785268,58.72624428806087,1
97.19779003072881,-16.029580249549873,0
-247.12000173563615,16.86491259801783,0
-158.91272085314802,18.93685434237623,1
-103.21835845918491,91.9162511151845,0
-155.40133525504422,31.415401510041033,1
-142.24371530209265,26.53958637961764,1
-9.225240047234934,-41.30518430774631,0
273.61849686122855,-111.09780650638305,1
-219.92106538214443,-6.093903473564758,0
-129.72165779602574,-3.2048747362583896,0
-22.660406184980047,43.888444535246116,0
-65.08296029706656,-24.69449903808937,1
-100.98426380732957,-38.39517672635488,0
175.59245016441457,-61.16066889460007,1
-260.355406830388,-16.544070077521233,1
4.185478340938857,64.66485121273688,1
-202.67567560783937,7.320448355070006,0
-182.79608409966687,23.55329135841577,0
-367.5212253861346,23.07928873344596,0
-197.1657010889257,-15.596635247923466,0
-134.94310454076123,14.370321539990123,0
-134.94310454076123,14.370321539990123,0
-134.94310454076123,14.370321539990123,0
-119.50780223991177,8.656168976605663,0
-125.17980287459613,10.72135269321474,0
-120.43226513456034,18.887153449051482,0
-125.17980287459613,10.72135269321474,1
-157.49093932400814,22.661466554990415,0
-119.50780223991177,8.656168976605663,1
-125.17980287459613,10.72135269321474,1
-148.0384019858543,19.223221328984643,0
-157.49093932400814,22.661466554990415,0
-87.19666579049976,-3.283944885170065,0
-119.50780223991177,8.656168976605663,1
-126.10426610964612,20.95233728229482,0
-134.94310454076123,14.370321539990123,0
-119.50780223991177,8.656168976605663,0
-151.81893868932383,20.59628283838139,0
-187.60964633992495,-6.876315861840908,1
-151.81893868932377,20.596282838381363,0
-88.17231558050594,-12.029567385102304,1
310.6445178464469,-71.41263779251088,1
-59.701359852610835,-12.95374833140864,1
-214.20837322225054,16.414877931287876,0
-130.60665756853416,-13.6618089629197,1
-196.32184028996437,4.42037023796027,1
175.86731988690985,-74.99859213280882,1
-273.71804739110445,43.314761366476155,0
-95.92759677661189,-30.35991715770087,0
-167.87488237542834,3.414114248819679,0
-230.9732791724424,-3.080276977641226,0
-181.0660129067815,2.5696131864448475,1
-195.36925241923586,41.533075165154955,0
-195.3554322614949,21.29113456139266,0
-185.94455792332514,0.6058895924094045,0
-134.45206019432806,-3.9377353588596122,0
-192.8002519448852,19.746926697280664,0
-224.18692640435188,21.456056396595812,1
-224.18692640435188,21.456056396595812,1
-187.52363562880862,-6.4687014538463785,1
-78.0586692932659,128.14686843386673,0
-262.9581406895852,60.98780567919538,0
-92.94525965739393,70.60633205661128,0
-202.03447521340172,-10.985533301783867,1
-183.03215459014996,63.59717998116513,1
284.86212086443254,-68.69175501864578,1
-288.2275528988183,76.42604270871144,0
-247.06720281205577,5.642736712518122,1
-160.34489345392637,-2.129461950559076,1
-221.64097272375233,36.92663269749353,0
-298.1727275354037,52.31986864092141,0
-128.03375700451437,-14.06957581233474,1
-95.87077137404606,-27.338806206909773,0
-195.5884557738276,10.878459378911572,1
-285.04038074253583,44.4641987392755,0
-247.10993924883536,31.456872670716045,0
-251.1088599512886,-19.640425906095054,0
-280.9412108066602,49.70579177611268,0
377.61662153616237,145.08455948954742,0
-207.31109225578928,15.230095098204572,1
384.53773473711715,195.89790881650427,0
-199.19226484823207,40.011381669806404,1
403.809745280598,175.78469712652122,0
382.6391934496057,164.80339497820404,0
-262.7652121707386,23.72007035016408,0
-188.7381022136716,6.967564472970402,1
-126.56732607013112,-24.216674636626088,0
357.39786394562464,171.3462821711752,0
-220.7344638693432,1.6179222586935893,0
-235.87842278280334,21.38722118230057,0
-186.81508020008414,21.46407352750228,0
-94.39505078582471,8.649819631172711,0
-239.07423058031213,0.9817237649344577,0
-224.1525321112345,-4.540529197069709,0
-85.01190916902414,-3.5508621951203025,1
-289.045087658442,47.9907817517755,1
-252.5070698891234,19.684133055952827,0
322.19819881715046,162.69021365071305,1
-226.51752555388157,6.202263565051929,0
-175.01487008673405,-1.6933861114962383,1
-255.31756770027744,47.02780066329017,0
-129.19292024448367,3.9267608323618077,1
-245.2550224074132,27.791046320007066,0
-74.80783604874631,-16.460547845914085,0
-244.93239568475605,31.381331292573883,0
-25.334253106362553,149.61361350264863,0
-38.8951913542636,139.04187837833376,0
-175.89075370944818,-12.499339718227695,0
-83.12333981614239,4.474559087806433,1
-252.5070698891234,19.684133055952827,0
-151.1556738377052,-68.16774491219684,0
-141.37393201787262,-54.94925806794213,0
-150.20844906376504,-47.0628905157076,1
-50.25525326815455,-95.59021283923491,1
-196.79736672987588,22.880567197389066,0
122.80836244955003,154.8044563549905,1
-403.7727630754838,58.08786026114822,0
-195.13085139258465,4.493133967900945,0
-160.34489345392643,-2.1294619505590475,1
33.945451409291536,139.5840874224285,1
335.37095061919763,157.83358320944564,0
-246.8350710460062,17.618949953201856,0
-236.06334651247528,29.4392431086567,0
-252.5070698891234,19.684133055952827,0
-143.46905930536383,-8.355423248950288,1
-231.05213902796208,25.763836718374332,0
-209.70059299657515,25.954043785982215,1
153.24869729189072,173.74118464234263,0
462.4478806912109,155.24125426143178,0
-201.7171238445314,13.154287903582727,1
-243.17436318401116,13.252816652789846,1
-222.50245885928518,34.59131192222026,1
-164.44791816481563,-7.740213588079762,1
-198.29378393134886,39.462774517061504,0
-226.51752555388157,6.202263565051929,0
-228.25636937913447,21.537459825957022,0
-212.54215897942947,9.37673416991398,0
-168.27077394219396,-15.350358226729035,0
-192.4310998971119,0.06648264648327995,0
-138.39880547668707,-21.088678388128237,0
-257.6118951267631,28.928925810600045,0
43.03377260471791,152.6830203707184,1
-98.79949644557212,5.287808947365555,1
-119.24563650075868,-28.16430692102991,0
-119.86033996921168,-2.5798585101399,0
-151.55677295017068,-16.224193059254212,0
-151.47340343113126,18.417643697423614,0
-200.7424782440135,32.78540609013966,0
-119.35257755072541,-9.890266733731387,1
-223.19970491099104,29.572720272645057,0
-52.5874502021677,-34.767576302334184,0
-231.75963855642794,26.524699026322942,0
-291.8444145051645,54.70450780030505,0
-186.70689810201185,12.65163120573741,0
-203.69091434864663,27.690034825893484,0
-81.23720708333417,3.781316006128776,1
-143.28062230083594,-54.28362165725306,1
65.77162469602365,0.07298171000970655,0
-253.0155564078957,-18.974787380084116,0
-81.23781681930785,3.7615205785683656,1
-129.23333502294548,0.9277247193057576,0
-91.34769080672208,16.876431485371775,1
-109.15657157321067,17.826667129845312,1
-194.3281895358914,12.525968310682991,0
-260.39367673840667,21.368283268222278,0
-231.26638020432182,19.215661049975225,0
11.91853808286453,126.0713884606991,0
-215.0836132447057,16.680827900253256,0
-50.03449901269278,-24.06011847111136,0
-119.71271962021018,-8.191879379684629,0
-187.92065459790064,35.83279876035944,1
-252.23220183155632,5.846210388210942,0
-186.81508020008414,21.46407352750228,0
-205.60385559830252,4.923114423743385,0
-163.74417782544288,2.7840045743298134,0
-51.88342684687382,-3.598148825565765,0
-173.58460077004946,10.901607488608384,1
-109.7067727875725,-24.38460215515081,0
-242.58780418824142,35.0648660110445,0
-262.7768667227359,26.570609647831745,0
-201.36060216918793,8.012727151854577,1
-217.9006771728976,-4.597925487683263,0
-293.7172633366006,-25.908391423667858,0
-221.41345245006124,28.64753923093562,0
-214.6341504489302,-8.025087779834124,0
-186.70689810201168,12.651631205737353,1
-222.2953683250085,20.771194851743026,1
-225.59306395894754,-4.028720462062985,0
64.64295591881296,147.53813296445642,0
-141.7897928697539,4.778791488878156,1
-239.34909900103463,14.819646557107056,0
-2.6617063744195093,-20.622448531555342,0
-86.26960748161503,-46.38070261455588,0
-227.89959222323967,22.818573240687314,1
-353.7898181386655,40.32306284385392,0
-329.0535618565252,11.842642206606193,0
-213.83935242909496,14.370145691782533,0
-52.05303120824874,143.91038068473554,0
-178.62477102017743,23.038084592942663,0
-189.6525702166669,-18.601567737371035,0
-90.26261226841797,-28.938017969947943,0
-187.01346443536863,-37.25854619464712,0
-131.96101286832192,-13.56623192357197,0
-226.10771133219134,-22.80288236305021,0
-222.2953683250085,20.771194851743026,1
-147.00834946925642,-24.473482315891992,0
-88.05897805053758,-45.42235465212203,1
-213.0524107607837,22.364895190744235,0
23.94255380659456,-20.90041794670723,1
-88.68231367320948,-2.3191402597688295,0
-104.73446920790542,-67.63815632488868,1
-335.5364167585052,46.439424574521425,0
-160.57276890762125,-14.122616264668885,0
65.77162469602365,0.07298171000970655,1
65.77162469602365,0.07298171000970655,1
-226.18529035836724,30.203121515247645,0
-211.02375807467706,16.59261194229606,1
23.94255380659456,-20.90041794670723,1
54.500015789926465,4.2515641588716235,0
-57.20982170883201,-9.073452629879313,1
-226.22516788911184,27.221527456995187,0
-145.71290313705708,37.3605863805717,1
-155.5920678703045,-7.164855093288537,0
-162.392592474279,-2.7456985117475767,0
-44.4907772638486,-41.59584818827225,0
-291.0296105322394,54.27819906203617,0
-162.46199477433754,-13.442429669322458,0
-199.87965419311666,17.508263116596787,1
-101.49880349959,-5.044376397979789,0
-285.21205019095316,38.07629203121978,0
-167.5125169845876,8.60094008715371,0
-243.3348798158579,27.090298835596624,0
-84.75167216622702,-49.588611878998584,0
-151.11418050689474,-6.490603848898488,0
-175.39438777855145,11.487891181110271,0
-105.01743841613836,-20.42000788221234,0
12.670944900497261,-16.721835497845227,1
-33.219168357751414,-45.774430637134195,1
23.94255380659456,-20.90041794670723,1
-293.0399907580029,13.83880145222819,0
-227.89959222323967,22.818573240687314,1
-132.8854762092057,-3.3352472982292127,0
-124.72488998915196,-60.23937703831371,1
-229.17084011745033,-4.031671447161038,0
-46.17263450084283,-45.17757276276371,0
-137.95621209496784,-11.355089499318346,0
-100.68135175620353,2.996310927985256,0
-227.0321731240516,-12.571898268460963,0
-131.96101286832192,-13.56623192357197,0
-74.18504924205104,-69.02413434942014,1
-212.03548124862607,-12.548513377266666,0
-137.94121353194032,-11.340405629721381,0
-235.9287337627273,-19.143980000519498,0
-153.3181615947322,-49.66073851860127,1
-194.63382795810423,-34.41984503600069,0
-173.35386080382642,-14.760218784606373,0
-121.00702514532014,-61.60085238037697,1
-209.2882405822362,-28.979114093720447,0
-152.06501536022455,-32.50874227506696,0
-289.5350763087648,-2.7204255855934107,1
-170.19399574329475,-43.43477722021006,1
-121.00702514532014,-61.60085238037697,1
-164.27214931773392,-1.6261180617962907,0
-187.01346443536863,-37.25854619464712,0
36.57328750730903,-62.090958854078245,0
-201.66787855614137,-31.81781473956155,0
-176.36040840803906,-20.013338733361728,0
-92.41375353974001,-72.1794909000894,1
51.84424798391967,31.90813019037127,1
-34.832093513717155,-35.69518195740928,0
-143.04080300337642,-53.4869006832189,1
-191.58328191609058,-17.93884713095111,0
38.686281172544795,36.772615292381964,1
-132.88547620920576,-3.3352472982291843,0
-137.95621209496784,-11.355089499318346,0
44.35828121926295,34.70743177723214,1
80.23893968353309,24.946599941419013,0
-74.63872243999197,-24.887869829259536,0
-177.4301185795175,3.2383678798163658,0
-81.42117212122093,-22.350989234678416,0
-59.36542449875884,25.386989689007265,0
48.352427408156586,36.791782767747335,1
-87.79669066327057,-20.02338424347763,0
102.47129744755637,13.215539973500654,1
20.190444699950717,61.873539458481325,1
-96.7692657055349,-26.54466957705798,0
78.43773829909605,40.3387029125801,1
2.4806025614263945,71.82522884025613,1
-216.4528995877747,-4.236281516492667,1
-242.76884059941432,5.492691219239568,1
-103.40001321875468,-4.368363244186604,0
-68.92334887700775,40.12986133992038,1
-235.31762460829532,5.438901644713226,0
-395.33929970519455,49.20889498960997,0
-129.73094900454822,5.34592432373848,0
-109.7105850774642,42.448729430624134,1
98.3995967584126,-50.45186890414883,1
-227.59384588686805,11.755653428121114,0
-266.17515230893275,4.399412838313943,0
-122.36135395493665,42.54094226825147,0
-161.81710411758013,25.13437706715368,0
-312.9960438058448,49.44247599919457,0
-311.09537133439727,48.749020790597825,0
-274.55983866134113,29.121899274080725,0
-267.099614298878,14.630397000774494,0
-137.9562120949679,-11.355089499318318,0
-273.48251281012074,34.88625830955624,0
120.4414220329013,-36.92729807728494,1
135.92063345126155,-64.3054445769256,1
-203.14870150608698,2.745663999053555,0
-209.04487143110885,7.339473711003514,0
-130.7069224250938,25.67283198037259,0
-183.57805994470385,-1.8303046518102732,1
240.0630403764626,-51.564872255238534,1
-164.54778613027372,9.360875202894938,1
-195.41372780413656,3.412264292268418,0
-107.1759358673072,-22.982739298692557,1
-167.47645635429035,-21.814109557774323,1
-203.036082669719,3.4689179371178938,1
-129.93248492431002,16.57856202829923,1
-145.71290313705708,37.3605863805717,1
-139.48707231671926,-11.042625436916857,0
-170.38918325743663,-6.635869713596975,0
119.04479930269906,-58.079483278534376,1
-201.28403231100157,-9.29775201621542,1
260.91321899803245,-95.99818381807142,1
-206.99078825921094,-4.487054731701825,1
-188.1426985874935,-2.5616713611228334,0
1135.8877002975407,74.40210009980466,1
1126.3730205601921,77.86614139032814,1
1037.6363759025128,85.75889562834323,1
1176.9369012700408,1.7914389287691748,1
1145.7417122404238,-14.037938832352559,1
1174.507220724181,-37.513708651958986,1
1174.507220724181,-37.513708651958986,1
2645.65848991996,-28.875084026323655,1
1140.6282184413644,-25.094308883831637,1
1161.3344679600075,-32.65707788103095,1
1187.6799734636845,-42.370339414433964,1
-39.664978783833135,-25.267314589219303,1
-184.63966500875006,-7.556532397180824,1
356.801927729584,-58.976987945538205,1
-67.33949351773407,-56.965607375857694,0
304.8707643655317,-81.2981205134607,0
258.2915342881929,-48.41634600520178,1
-139.60197142272244,16.44795459646142,1
-104.29487217188114,-24.006356768706034,0
148.18157079180673,-31.404318750519217,0
-196.73602980831186,3.0341814960100066,0
-174.47709279071483,-14.740664231637986,1
-129.2991522854498,-2.03014382844394,1
278.8431843660795,-70.76457180150521,0
-257.8121563519722,74.8109914695441,0
-145.41081714181325,-17.02437616574108,1
81.52376260985011,-44.22590760575762,1
-121.83710099814965,17.829395388150516,0
-168.1602957060041,2.1464713863381704,0
-214.44200243455236,-4.433265779328998,1
-161.64379669721114,2.9233837695975566,1
-200.17070318341916,7.816567825932374,0
-203.52784481873,10.788078600428591,1
-228.41719250709514,18.213467672193424,0
119.12645014160364,-58.11389773739001,1
276.4760746510666,-74.33659094469468,0
-152.50006608613404,24.7290070823101,0
-179.9648298938339,22.658012050797524,1
-166.77414347898247,17.872805689233587,0
-224.71179890500946,2.4532106881191993,0
385.1794006771785,-65.98676649710677,1
-174.96963831587271,-7.408483920205704,1
265.7922864503588,-84.17002885380387,0
-183.05532801331248,-6.142395465546194,1
-158.18184357892198,12.243559959839509,1
-177.65819672953842,5.630343928734604,0
-171.74745110717265,1.037558202519378,0
-35.93770612387982,-58.656271030977386,0
-202.9632991365258,-22.43196662044462,0
55.19295543651856,-34.50760340053139,1
-131.59515586841252,-8.157553406042986,0
-178.53345294034415,29.391286335381487,0
-167.47645635429035,-21.814109557774323,1
-154.07478003974,0.1299373038592293,1
-226.51652003564766,17.52001246359665,0
124.18289709734097,-50.08578866723277,1
-270.9223232652058,76.88863434429284,0
-141.53564661678774,2.3758654964628363,0
292.8486362515189,-82.09021682962472,0
-153.22377348394497,19.538524411211803,0
-171.68016920884747,1.7057074759249886,0
265.19402840554187,-70.19207863927633,0
81.52376260985011,-44.22590760575762,1
224.98407328149824,-46.02732246502233,1
-197.56616828598982,-10.659227077720239,1
-202.07137565486664,8.510023034529105,0
-270.9223232652058,76.88863434429284,0
-188.45245912379136,-17.91513491920434,1
-197.81335565953214,-2.730177539465558,1
-184.72716468461977,18.338913983568617,0
-178.51963084577363,9.149345067988769,0
-167.47645635429035,-21.814109557774323,0
-167.47645635429035,-21.814109557774323,1
-184.9202075943566,5.894190249090315,0
73.97014697008854,-41.40478379657103,1
-156.47780557128493,22.673915894852648,0
-186.85128312576683,0.9616498260497011,0
-142.49326369024362,14.289601720629065,1
-165.34687517006768,4.292713299460637,0
-236.94223818050142,15.245457146907889,0
-150.97549638749467,5.886991386786164,1
-168.35145522219278,-29.97885470554565,1
-232.9987023584742,29.245716772503993,0
-296.59544829728424,15.631367266729129,0
-250.11499518140664,20.102089369498948,0
-151.6703581941798,29.932385697547563,1
355.342440366191,-68.74457479936814,1
-276.46051113278855,29.815354482677474,0
385.1794006771785,-65.98676649710677,1
-188.12606283730793,-14.162238030436406,0
371.146288766991,-69.29172373111933,1
-99.25635384146898,-45.16124972327554,1
-177.74625331524322,-14.927632922263847,1
-127.75848543001075,30.768202939517227,1
-151.67260795349029,-22.361258489525518,1
-197.56616828598982,-10.659227077720239,1
-137.29701796991964,-9.46677083829833,0
-179.24253389827118,4.216207056477359,0
-172.51160033815023,-18.134709410761765,0
-189.9759450189029,-2.1109680475173676,0
-114.71932171984997,-14.383514704434212,1
281.8732065216815,-62.56385175148761,0
-171.49741652647145,-12.459149631526152,1
-184.63966500875006,-7.556532397180824,1
-228.1374827080428,4.717181348562228,0
-198.0929645277442,10.750822448547304,0
-252.52784539723933,42.6317658761808,0
-195.39546499433618,15.37530636638001,0
81.52376260985011,-44.22590760575762,1
-103.54534967279454,-21.918693435080776,0
-178.16534684119654,9.976060060533612,0
190.47840234060925,-9.294208047919994,1
-134.89862676654775,5.727502694105063,1
261.55971821904313,-48.042229634554594,1
-223.0699334613514,53.32981432889762,0
204.02870610354034,-39.03786595827729,1
-188.14269858749344,-2.561671361122862,0
-82.32535015237329,13.831387253510059,1
-179.86019565974925,-3.1917798023812622,1
287.45150445573597,-93.86295604847209,0
-183.05532801331253,-6.142395465546166,1
-216.98488147282836,26.369950681163004,0
-252.97426221929317,65.0450438364391,0
268.7152418786392,-57.69936739242893,0
223.06409900489223,-45.321110539391746,1
179.58335505301568,-33.09498133227718,0
-188.45245912379136,-17.91513491920434,1
-272.73578484201545,25.674140115243823,0
-151.66865424192991,-7.851524929097863,1
153.82536247254382,-36.47930623111423,0
-201.28403231100157,-9.29775201621542,1
245.1187812331442,-43.55971513460916,1
134.35062359979293,-45.86002547961602,0
509.21022967699605,-25.355928517413282,0
-48.60370091205334,-26.857844312754416,1
-44.7915409120526,-28.228560560921572,1
-46.69750955216227,-27.539587074212584,0
-46.69750955216227,-27.539587074212584,1
-109.56818407990346,16.879554377478946,1
-82.53526147426737,5.306545831032089,1
-119.24700182226525,40.04443400385078,1
-169.8743109144159,58.728595232326846,1
-209.7005905236282,25.95412407161998,1
-209.70059299657515,25.954043785982215,0
-181.7076013444078,0.6371368858707598,1
-172.06727513886892,6.700342181406192,1
246.46995330872846,59.24089520950712,0
51.737394491942155,5.619548046779549,0
289.75529096879427,43.32858063299483,0
-109.09801609279435,23.89874876653266,1
-86.6870153626731,-35.375782196592816,1
226.55441803140502,-47.40380731348383,1
-118.02279261798515,-0.49845860428617783,1
-228.1374827080428,4.717181348562228,0
-178.52548446825034,9.127023564015566,0
-113.887488803895,-14.715008640920551,1
-214.3623882621739,-29.950276041666804,0
-217.61636851110813,-9.709937098890698,0
-158.66609329330373,-31.524982117869364,1
-152.34647481764142,-18.36521144553202,1
-116.68465732300962,8.876736834874094,1
-150.28286422772703,-15.617222616926831,1
-97.85884959887346,-18.12372797399113,1
-79.1605492522325,-19.494659523815308,0
113.04480646329307,-34.882929199377465,0
-108.1286453745982,-11.237251744584249,1
-161.63468489414907,2.914670307675344,1
-259.5779419046976,20.805555619414626,0
-133.40703007916449,-21.843183915318043,1
-116.53119593060194,-28.069145213709312,1
-125.81940600710965,-6.789263460501914,1
-96.03638340079505,-13.268698225424068,0
-208.9912752158628,-9.469514785529384,0
-31.41411050197121,-37.14892594897547,0
-133.72198397822945,-17.011538380086698,1
-194.31516672668602,24.161603356360715,1
-380.22762527231055,6.246265528684766,1
-272.4668210227436,52.20194039720693,0
-151.81893868932377,20.596282838381363,1
-97.58398048341866,-31.96165100420506,1
-189.83811013874703,-16.545141982551662,0
-157.52697368933508,-28.48525584432739,0
-179.47122685971465,-28.28089237709812,0
-148.81113632754278,7.379256613693229,1
-121.89713332809583,-16.333595900145006,1
-81.25643702027281,-17.568778761877276,1
-122.821598327044,-6.102610706687194,1
-154.20826977750772,-4.3934820383693065,1
-154.20826977750772,-4.3934820383693065,1
-81.25643702027281,-17.568778761877276,1
-122.821598327044,-6.102610706687194,1
-121.89713332809583,-16.333595900145006,1
-148.81113632754278,7.379256613693229,1
-216.47724890713948,-6.670210825348732,0
-50.95526865825491,10.786221648174987,1
-138.1043792828105,-2.907639356272256,0
-160.5352121694214,-8.687610552525172,0
-177.81925837041956,-24.44935492084702,0
43.03377260471791,152.68302037071834,0
-142.53984336783367,-34.74961292096794,1
-116.82363497722918,-34.34830145485979,0
-115.8991728925476,-44.57928564978062,1
-84.42528981128163,-56.196248222399625,0
-190.97722974271574,-19.584868256093635,0
-91.94299078854021,-38.83141477401005,1
43.03377260471791,152.68302037071834,0
-99.14937187473447,-14.26573312822574,0
-188.12909765360746,-23.245399463735275,0
-189.83811013874703,-16.545141982551662,0
-222.01848807556962,-7.74658780580409,0
36.500247381274335,65.6796894637377,1
-157.52697368933508,-28.48525584432739,1
-170.79335448216432,-4.651673247648425,0
-189.83811013874703,-16.545141982551662,0
-222.1492465881591,-4.605028120775948,0
-154.86321342241763,-10.752793622344065,0
-277.5956922047741,-2.260933529285417,0
-108.11699082260083,-14.08779104225193,1
-101.43351492718244,-25.041437536576403,0
-195.4013186168129,15.352984862406792,0
-241.29532572117733,9.585765870369066,1
-161.6496503196879,2.901062265624354,1
-144.75885074558659,-3.311290990715868,1
-74.88004144937304,11.848534895436025,1
-118.59480652051633,-30.8171340423145,1
-167.03299964628184,8.35045861740641,0
-104.43857263710947,-25.927605248635025,0
-128.6997123625431,-5.741058513924216,1
-161.8421122839435,-6.549937475881194,1
-176.461873878336,11.87501239262076,0
-163.96962416655657,16.62476980259064,0
-127.88301659702404,-9.53725228910708,1
-62.28471510367001,-25.72062082220652,0
-86.6870153626731,-35.375782196592816,1
-140.0770907792247,3.31678506208614,1
-116.27101210886127,-33.25451578355683,1
-170.18210179705358,11.391378707925789,1
-107.10419478280949,-22.8727374773107,1
-174.65889497316607,2.0752982008383896,1
-187.83165028444228,6.931929844499251,1
-153.2498461090683,8.173416712108875,1
-161.58983599352536,26.114733023153267,1
-180.05602840456368,-9.69744045758602,1
-193.22878373440727,-4.840808807563292,1
-201.56877361886427,13.100507503481104,1
-196.17164016889933,24.87324615554364,1
-195.964548605682,11.053128732512768,1
-129.44376711799606,-28.397884243420926,1
-148.6693572748086,-11.406569016017066,1
-128.6169417731175,-0.07478890771687219,1
-201.56877361886427,13.100507503481104,1
-140.0770907792247,3.31678506208614,1
-196.17164016889933,24.87324615554364,1
-193.22878373440727,-4.840808807563292,1
-148.6693572748086,-11.406569016017066,1
-195.964548605682,11.053128732512768,1
-153.2498461090683,8.173416712108875,1
-161.8421122839435,-6.549937475881194,1
-116.27101210886127,-33.25451578355683,1
-161.58983599352536,26.114733023153267,1
-180.05602840456368,-9.69744045758602,1
-107.10419478280949,-22.8727374773107,1
-128.6169417731175,-0.07478890771687219,1
-129.44376711799606,-28.397884243420926,1
-174.65889497316607,2.0752982008383896,1
-187.83165028444228,6.931929844499251,1
-97.58398048341866,-31.96165100420506,1
-176.68013876645085,-21.40962864730505,0
-58.55657839563173,-48.68073343675038,0
-113.6120858024986,31.59457810905244,1
-85.23554661038281,27.559681261493033,1
-206.6726268461382,10.814572477468666,0
315.46741273023747,-70.24899418936269,1
357.3589322274422,-58.07902056949683,1
132.57436775264796,-24.518777275509116,1
-143.59893074846036,37.298722658845705,1
-161.81251023918168,34.162148559581084,1
-49.302872142972774,46.91420249924327,0
-25.600238557928265,21.325317492600014,0
-156.7573107034969,42.14986502106524,0
-111.26930020605533,-2.2624687808041983,1
-194.31538697352067,24.15445291674766,1
-162.70795398167593,-11.779159177810321,1
-217.36530864598444,57.11211683938242,1
-127.1169447685341,-25.23909343668651,1
-223.28836619212763,-7.644754394317957,0
-161.9763342097237,16.385718732279273,0
-210.13039481983157,-12.509241059071307,0
-67.68184663005735,-37.49336013335883,0
132.57436775264796,-24.518777275509116,1
-49.302872142972774,46.91420249924327,1
-156.7573107034969,42.14986502106524,1
-25.600238557928265,21.325317492600014,1
-194.31538697352067,24.15445291674766,1
-162.70795398167593,-11.779159177810321,1
-207.47323118537201,29.022956716317754,1
-217.36530864598444,57.11211683938241,1
-204.70609389369577,7.539083744858068,0
-354.8232035169923,73.92329667477934,1
53.466874412307675,-39.07124047392161,0
53.466874412307675,-39.07124047392161,0
23.103920283995194,58.160080236971986,1
-6.37930647467806,38.8394645896598,1
-94.959023171333,-18.952276432041522,1
-263.10894345856275,28.540410889944884,0
-189.02385814778012,-2.049222428708852,1
-199.13324084219227,11.081640248097749,1
-201.03412122665162,11.768345441699758,1
-171.20205163752576,26.096968164069462,0
-157.46808393719823,-9.493654202971513,0
-69.95522260418818,-0.3650807462595509,1
-132.18342973590796,44.93351596046795,1
-34.17159307612644,47.45523756591877,0
-38.53477119525019,22.88718919293972,1
-38.53477119525019,22.88718919293972,1
-180.1894171861403,13.226811850912775,0
-143.1923598467282,67.40150058568175,0
-157.46808393719823,-9.493654202971513,1
-132.18342973590796,44.93351596046795,1
-161.32657314507293,-16.64833031393446,1
-223.28836619212774,-7.644754394317914,0
-205.14265392700713,-13.972549104195288,1
-84.5576807786199,-31.267398834967615,0
-278.9846611609979,-6.070048318115369,0
-212.97341930595013,-26.14116125283683,1
-195.85444385049942,-35.25243085740265,1
-198.21668982438558,8.20788118507216,0
-285.207307456481,20.641107945233863,0
-67.21186613529346,-25.98174055007511,1
-190.97722974271574,-19.584868256093635,0
-116.68686541032554,-31.30195795523948,0
-89.0128381168521,-11.554293812849487,1
-148.99800185973754,-19.36184409346381,0
-31.368052879945594,-14.324146185676547,1
270.265016453283,-62.164176074779355,0
-36.811242028358606,-48.921665260127774,0
-177.81207479900786,-0.4929774788412473,0
265.19409393863475,-70.18995106987549,0
-164.6101772412456,-22.688347208727144,0
-25.53963335021126,-53.10024763088553,1
-78.47982777766993,-29.42815377480259,1
-304.939978894484,19.340213328196235,0
-56.41023795191006,-41.67194250411658,0
-72.91752475860278,-5.438317359348673,1
214.43852006175928,-51.440117714511466,0
-78.75469679551765,-15.590230778032456,1
-110.36716213609338,-54.701301077938005,1
-222.1492465881591,-4.605028120775948,0
247.7894055467848,-82.75396401953887,0
-179.13424236693692,1.7350202476892846,0
253.18653755885964,-70.98122487480126,0
-156.27339410466783,-0.03742161128383259,1
-169.47118769406393,-6.879670706980427,0
217.6775762518131,-71.67384933663308,0
-134.23590769349437,-6.8160163497927755,0
-259.5779419046976,20.805555619414626,0
-151.4522086383094,-27.552832924593964,0
-136.28792679471206,28.211994509553268,0
-158.42236672896252,-17.498295674513507,0
-166.87955194274656,5.94264597764068,1
-173.98323612621766,9.914267730411154,0
-184.1744713178731,-6.238937815178701,0
-248.78838535655143,5.269903036426996,0
-101.92975207729961,-20.603098600790226,0
141.48492775087402,-127.63774890048589,1
-88.295770406911,-53.24153275741242,1
117.30707365237811,-118.74492027399762,1
-107.32651283158799,-46.504532569283505,1
-41.66705858174714,-10.493660105032383,1
-40.42225831907274,-7.087638313778136,1
1954.3765135785989,-13.289772200183528,0
-263.1803941300542,34.15380690696337,0
-108.11699082260083,-14.08779104225193,1
-61.16310243945128,-28.618094445395236,1
453.9786237759831,-44.02308540997394,1
-159.2364446044553,-9.247811476445449,0
-164.68201126162404,-22.803950224308643,0
-318.09782278837724,24.20879815178409,0
-194.62967419166222,-26.165395320253474,1
-62.12605059971804,-13.887142339706308,1
-97.85884959887346,-18.12372797399113,1
-214.9960235204233,11.457360852661054,0
18.897710360377573,-37.353874498584624,0
-182.8523045297727,-8.466935274510696,1
-17.86539985025695,-49.713733772785226,0
-171.5802082792149,-12.629711653944945,1
-132.4337630728187,1.02843850157263,0
147.43264562582044,-129.84586360863094,1
137.76238947051058,-126.2890556941322,1
209.1833578385989,-152.65058647112386,1
109.85979061112641,-115.93397043466149,1
171.61050238353414,-138.738693146267,1
95.34467992924385,-119.82052577593711,1
137.76238947051058,-126.2890556941322,1
179.05778464100536,-141.54964271705052,1
-164.63931792807426,-5.349609656899219,0
-71.60022498362963,-64.54790033178915,0
-66.17224144429338,-50.091347266522455,1
-159.2130460868803,-10.915607770106071,0
76.0116765309532,-103.48433258261738,1
-242.80190412739637,20.10560530316161,0
-141.4455456398523,-17.66513808594906,1
253.18653755885964,-70.98122487480126,0
-177.7134252646378,-29.392320505588664,1
247.7894055467848,-82.75396401953887,0
-272.73578484201545,25.674140115243823,0
-236.0780521491696,9.201445164181322,0
891.1786268814806,136.78916084600112,0
-265.45120323215247,4.757261180217824,0
-44.59128558433338,97.1293554690836,0
962.5996021459343,110.42762770605577,0
-186.33418073538093,40.56266852072193,0
139.10920577267757,35.9847811064063,1
847.7453007261374,21.35236421351432,0
422.618881956431,-128.04037500559997,0
964.0680214475424,9.563620020118336,1
568.1797977766785,120.54736627288625,1
556.2834195172836,22.166063769000786,1
619.1283278112423,-10.362694208492805,0
542.8274376371776,5.9137972766154405,1
485.0787127471874,-84.5627760537995,1
538.2925896394265,34.19468226899946,1
416.18158568291017,-86.57225045437931,0
-156.48337128233248,13.830410483800215,0
-143.3095129418706,9.00952535235595,0
-20.36325771997599,-77.13683982140952,1
1388.2188962489786,-79.28867147651536,1
514.931430699175,-99.1325360377466,1
423.0430578104922,-116.76162663647659,0
528.624816024784,-67.71145406695891,1
507.15796267858445,-65.13112094188534,1
689.7257959083611,-27.46585606293238,1
458.1485615302022,-50.38798698097941,0
-113.30324097715663,58.2793689812331,0
-71.60022498362963,-64.54790033178915,0
429.12685998679626,-123.54453731372683,1
850.6659293393191,148.43580585822144,0
-194.57953387379536,-2.654043108576353,0
1007.5013478891995,125.00041655450312,0
-103.91136143304163,-52.607786470013416,0
691.6245955591958,-35.40313479080364,1
-134.63066352148275,-34.96496260188865,0
476.5939073902996,-92.9463487510991,0
-76.09936993154668,-62.92567744579548,0
-0.7127151773235028,-74.29472627923062,0
-254.09383085223425,-18.743916076846467,0
1353.3536554909158,72.16173739006234,1
-72.64695814798904,-36.068381955381334,0
-95.18243998764365,-16.047683208673227,0
551.8877283254371,13.514080567209035,1
109.85979061112641,-115.93397043466149,1
451.19019068761736,-104.11900530398864,1
487.87405758305385,82.18752328592585,0
-177.73798386439313,25.674937979618544,1
680.5559398457169,-58.20597471464085,1
699.481941182092,-50.15969265560263,1
-126.68393121870389,-37.88482605148214,0
1129.5195715914601,163.40342138849763,1
897.2493423251303,22.431412077618567,0
409.87529519756345,79.8603724324546,0
36.58073224683528,55.59957836874998,0
429.12685998679626,-123.54453731372683,0
410.6774937829931,-92.47236051021264,1
61.372813975073086,43.10144978065826,0
-241.02296818531903,27.70962955680987,0
-267.3425133910153,5.4501358619975235,1
99.02651875206902,29.157598203679385,0
1236.5526316760263,1.5441543397620094,1
109.0714947720777,45.193220929565456,0
-65.6096378620432,40.69643938381832,0
978.8895675992071,-35.73415050275799,1
-246.42010209400667,15.93689106192295,1
-183.05532801331248,-6.142395465546194,1
-82.45745274701318,92.88235198239698,0
-259.5779443776446,20.80547533377689,0
-159.22538178356427,-11.004307833936828,1
-122.7433407627966,61.782377993578756,0
2.9788310814295755,29.074795989873326,1
935.3499160281747,-26.448822758537084,1
-145.75181116411318,-20.778965935108182,1
-236.0780521491696,9.201445164181322,0
-160.27914453093098,-19.068802706404206,0
-115.37475489189791,-10.80201822095156,1
-98.0665158897686,56.18232376605551,0
-146.87167990403486,-20.838263429149826,1
-209.04487143110885,7.339473711003514,1
-82.77848775787913,78.00067434576958,0
497.7263394946574,-131.76050355343875,1
-229.54426794544418,9.71092976353171,0
-141.72173642704126,-1.1364743481707862,1
-102.03094837421918,54.1230230602133,0
-169.8973585396189,-11.006881479767138,1
-186.77319268818144,-4.780920181375926,1
-158.35038262284087,-2.839562786496913,1
-173.50130418345168,-28.32850836976477,1
-10.48245940964648,-41.24996061036824,0
-108.23250347946282,66.29921063001402,0
-292.5120076736937,15.443240749910835,0
-186.38149361822536,-9.578632458566226,0
-36.81393567768191,-31.55323568842045,1
497.7263394946574,-131.76050355343875,1
-299.54557876223214,56.91558980381911,0
-229.54426794544412,9.710929763531695,0
-19.25071251497036,125.40286362870384,0
-260.45773844142826,52.99537755130705,1
-79.94296263578008,-15.529507238929945,0
-226.7312531487442,5.11331857730238,0
-286.3728212614369,52.05895740994697,0
-4.686872343851064,-32.55573498340069,0
-199.81724625015374,-18.599535272528605,0
-60.96964750770394,-13.227303272139245,0
-48.041405830528106,-27.35838103146856,0
-233.26226035510211,11.068306976715064,0
-199.81724625015374,-18.599535272528605,1
-161.20024183895742,-25.377091790369782,0
-64.44694731852707,-37.822449157882666,1
-22.274115721788462,-15.273134888611132,0
-52.80036303238262,9.114129621237275,0
-3.951428062952914,-43.59793582428433,0
-5.355760395429002,-30.23700915990228,0
-192.62575257085297,-21.26503769020696,1
-77.61970222260209,-32.9658176537442,1
-30.81848768810039,-33.75626080571522,1
263.10822285285224,-35.100346629324996,1
303.0545628525115,-45.47339997399076,1
-318.09782278837724,24.20879815178409,0
-132.59343185022072,-25.630108077647684,1
-156.7393896229458,-15.871367303131969,1
-173.20230722392773,31.984667604665496,0
-275.1062914245416,47.88324860378609,0
-195.52708180900783,-41.80433615235261,1
-99.20948815656027,-8.499291196582611,0
18.310321582043457,-32.618311575964775,0
-60.3740075836904,94.96643589183978,0
273.2176027967058,-48.231208363687095,1
292.9451828825538,-32.34253823068453,1
-312.71833721281877,61.77222252312545,0
303.0545628525115,-45.47339997399076,1
316.2273157770394,-50.33003079986211,1
-10.467391975047462,-41.23304078575968,0
-42.07578525580686,-29.585229806343044,0
-188.85833187366006,-22.59590288718703,0
-205.1705520556677,-2.673835664069422,0
-95.04643159605166,-10.010154320852813,0
-43.484120411251865,-9.172250546240583,0
-23.640635197516872,-36.39221501734267,0
-33.749289443272346,-23.237668724702395,1
-91.91711993875975,-61.853717829869005,1
316.2273157770394,-50.33003079986211,1
-116.71191463592731,-42.25157097430658,0
27.10227861267913,-45.68508278321192,1
-173.61522377150834,-9.645406004740757,1
314.3211020434127,-49.649111985184796,1
-191.50292662171728,-0.0023096596359195587,0
-163.98010445802487,-23.920979012781665,1
923.9232574672801,284.81822860846216,0
-177.13848421812082,-19.069836717356033,1
565.6237406552152,113.61591281819202,1
-183.18457237707707,13.748297938323653,1
-208.69243180142155,42.9517743958036,0
-175.28891826967185,-7.985030837415181,1
-57.45842756213233,-23.902868688796552,1
-141.31379558837784,-22.025694781308054,1
-252.98407553201832,29.873154639287172,0
-172.42397833223134,-22.56414933428922,0
-188.44689006564937,-3.120544027492663,1
-83.77418585571081,-14.213443759967099,0
-233.2130972466059,49.01496429686628,0
50.370290186283455,-34.585690624227844,1
-175.28891826967185,-7.985030837415181,1
-110.6983798611879,-31.73106030468393,1
-171.57105591708682,-9.346505325883875,1
23.910622116461695,1.9673151925740484,0
-83.77418585571081,-14.213443759967099,0
-166.06557795302865,-31.051457869311086,1
-53.1101239214604,-6.239333815968678,0
-89.73980643043205,-11.986594985092587,0
-70.61167017921684,-19.052114954131888,0
-133.9841350551776,8.061777571736698,1
-139.17446421340128,-11.901264007781968,0
-5.403435218065624,9.686231682406337,1
-83.77418585571081,-14.213443759967099,0
-77.30536321815822,-48.91819838178879,1
-66.19686313279573,-53.04990473813948,0
-76.804925995725,-59.034949481377474,1
-142.53831282303787,-34.704354094399385,0
-103.65057479763794,-39.19511398240994,0
-148.21030934195966,-32.639171788004894,1
-84.42528981128163,-56.196248222399625,1
-115.8991728925476,-44.57928564978062,1
-115.8991728925476,-44.57928564978062,1
-116.51387347462168,-18.9948382278722,1
-121.86449091825824,-42.34261696411473,0
-47.87013243159322,-69.67504453272193,1
-43.00024736837611,-19.354245601866943,0
-218.9704112763003,-11.523908092970252,0
-63.334641467986046,-2.484510332656363,0
-189.14114669288858,-2.556948461638335,0
-16.07303590467643,23.125916948534876,1
214.61533925844674,-72.34356780715768,0
-207.06681049325846,-55.77991271681092,1
-157.75447242018748,-4.266078096960555,0
-189.14114669288853,-2.5569484616383633,0
-193.90884013339587,-60.64439903466661,0
210.80385336573158,-70.95116142122566,0
84.79355665836943,-24.47346400877266,0
-68.61462581070134,-5.490169199118235,1
-146.11851566391726,-30.61460342650323,0
-243.15822907266704,24.91029071865265,1
-237.93741509495726,-44.35160759004197,0
-294.2837355980769,-25.512109739032603,0
-269.46916444307,-32.733648218686035,1
-20.97226881402446,-71.92358595853577,0
-103.69066581603579,9.479640947413401,1
-114.70516993142849,20.05541866778919,1
-58.313480717074754,10.964491959133504,1
-274.04440983465645,48.36777761646577,0
-229.5513936275853,-70.74142014584001,1
-245.72686783116808,34.24466136403247,0
-26.926755520357347,9.257094304829131,1
-286.34499859163253,-26.50768692029481,1
-49.46223375245677,29.277791815453522,1
111.13906209310392,-34.186725518553395,0
-3.8243544307165394,28.51293012565082,1
-100.44949175592433,35.60274136627493,1
-318.6561350410445,-14.567573058519123,1
35.812708270266626,17.36810041279876,1
-114.43030084665025,6.217495648086178,1
-267.49337012465566,16.53302600704292,0
381.1174370957117,-50.18629233523473,0
-171.53804914302094,10.632832082068823,0
-305.65939768111963,28.99754303833271,0
-51.93163533046868,-25.26321308005668,0
-305.12058681888544,24.66905476036922,0
168.71268589873728,-42.28973544500544,0
-158.94574299709888,-36.05863653986254,0
-41.049900667289194,-54.61697295912004,0
2174.0047723965154,88.00708688293683,1
2190.981677556777,81.76774298705573,1
1091.6853745342557,55.297793630365476,1
-313.81062774133056,-0.21026274813000612,0
-303.5252689174747,-25.626204392493527,0
-119.73930676507678,9.032613634183043,0
282.5668444024426,153.97715378124073,1
-225.7053465493425,-49.071145192694836,1
-186.1868643299813,-63.634211844460005,0
-126.84016627752948,19.38522924341028,0
-376.10947445879117,-3.2167906323510564,0
-343.7983380093792,-15.156904494126756,0
-162.12933672452294,-44.45656992276081,0
-372.6743081605137,4.311248090580662,1
-171.4920606814922,-29.292503700774766,0
-290.32761944816644,-25.190917469143407,0
-258.01648299875455,-37.13103133091909,0
-225.7053465493425,-49.071145192694836,0
142.27931894172764,45.02425062824996,0
126.05783274319174,41.60973670233537,0
85.65733415217733,-39.760474846663136,1
-215.30677022566778,13.461264092753758,1
142.27931894172764,45.02425062824996,0
-158.94574299709888,-36.05863653986254,0
10.41440404755781,-73.63271511035578,0
-256.5759511510414,-37.642840065925846,0
-278.67468320254073,11.187922159709096,0
-120.60441796704765,21.221275572779028,0
14.746894663331886,-57.87603353688704,0
259.4637409256661,134.73696696317728,1
-29.132396480139164,-17.386453091106823,1
222.60814552608963,121.63856181172562,1
-335.8364053668867,-13.686090530717841,0
-335.8364053668867,-13.686090530717841,0
85.47049710950898,88.22822992229814,0
235.78089822431093,116.78193106339539,1
262.1264034626048,107.06866962092253,1
391.9030803546318,111.94434470237422,0
192.7555669966763,136.212335743186,1
-80.77690778262547,-30.32990275890611,0
-71.51210956112527,-63.13882864742934,0
-251.96173572816497,6.602460273670523,0
-101.52632016337827,12.149939251794478,0
280.35582457486873,110.24729796726727,1
-284.65714943311013,-27.30135998668073,0
293.58540252654427,108.41177822081934,1
-80.00896661378448,12.411234206969645,0
-242.60083893248134,-8.582497195134437,0
-53.28340526343629,-59.98347209676009,0
-31.73828150303484,-44.85364158741189,0
-84.39883379365153,-13.834292324357769,0
-49.1994971719339,-5.188998274514972,1
-304.53203871208666,5.837586443115846,0
-260.8295432301704,-11.737853745803712,0
-222.39316051791803,-28.6017520792602,0
-161.08307365051854,-72.95137291624624,0
-202.60224307256595,-29.830958374631457,1
-39.200973111713324,-75.07894250920504,0
-41.21673026523854,22.004230051399496,0
11.474278577900577,2.5777077261345767,0
-230.5663579001453,-33.26246838326494,1
-264.0116807489066,-34.91988941256762,0
-109.45382216354443,-63.91442817118949,0
-257.60774292073506,-37.269690639873055,1
-178.57120709808953,-66.40948185696539,0
12.263330793746263,-94.09468438311427,0
-17.185613465285314,-25.691159786716803,1
6.136935305996531,-40.679616619168975,0
-71.88095954659184,-77.82632394997776,1
28.644457134310642,-28.77525095529223,1
173.22901515901924,161.52465905499528,0
309.52198567440655,111.2888489589214,1
174.30620221609388,167.2845120590515,1
-41.30931939782738,36.42412459084437,0
-39.72108733211985,-5.6704637717957596,1
-84.67007855448952,-58.27434279778722,0
-70.70080663388927,11.767128490843191,0
50.3413098500896,129.01754827265128,0
331.0249112640023,94.56796513222349,1
314.20543484751227,100.74419880446095,1
246.56432356415735,125.71089361894872,1
-26.62197938099314,-25.223090462039387,0
-241.1406488501919,-43.35699262931036,1
-89.68793769077274,-25.809574206782436,0
-4.686872343851064,-32.55573498340069,0
-94.83872150603997,-45.538645351043094,0
-111.71485101719969,-39.322273168511906,0
-298.9673048970567,32.55213318372854,0
-133.37578195733272,-16.46450598623108,0
-190.53750412167864,-41.33851867665802,0
-159.15083010554474,-43.047648224070734,0
-94.83872150603997,-45.538645351043094,0
-158.22636767226663,-53.27863253843375,0
-133.37578195733272,-16.46450598623108,0
-114.32709956918336,4.20659856841619,0
-249.6081971344296,15.959689434018735,0
-169.00474339564295,-23.430711471256892,0
-172.63257371438561,16.61419221688692,0
-142.41947332408722,-3.3587106610618633,0
-148.01658880106305,10.582165131937366,0
-134.84383507476338,5.725534031348914,0
-19.135737310995296,-74.10477637509612,0
-121.67108151578987,0.8689029880927066,0
-133.37578195733272,-16.46450598623108,0
69.39683318681375,-43.634956689364124,1
-97.03540621801915,-4.38720386656702,1
-177.3795344032336,-46.203004774740016,0
-138.62529309675614,1.4995889226394752,1
-1.9389085872676333,-30.330149991813265,0
-26.789494302201547,-67.14427654401587,0
-215.36170445051323,24.813209492901212,0
-215.36170445051317,24.813209492901198,0
-272.5234266148592,-0.060803197525714836,0
-255.6475924662966,-6.286764495916955,0
-240.2122901654472,-12.000917059301393,0
-240.2122901654472,-12.000917059301393,0
-241.13675163659883,-1.7699330745990025,0
-4.686872343851064,-32.55573498340069,0
-154.6129875849668,-26.893375420401945,0
-139.17768528411733,-32.60752798378643,0
-97.47928468421333,-47.979314030162406,0
-112.35152170644113,-11.10736579319967,1
-112.35152170644113,-11.10736579319967,1
-142.22819909256248,5.337558831315199,0
-80.04038525702913,-23.047479654975398,1
-112.0766524933793,-24.945288856857452,1
-79.87208025546704,-18.599149298463992,1
-231.78843085186952,-29.93926252145888,1
-218.33506965620472,2.4630169416145478,1
-64.83922781649159,-24.178503092723695,0
-64.83922781649159,-24.178503092723695,0
-133.13607040863866,16.24293274079328,1
1.9848358266406194,-8.2171767895179,1
-72.32519460044489,-21.379201499250975,1
-39.82812144512195,-11.40582549393256,1
-88.57605023196953,9.696425801082654,1
-71.68554602046527,3.4744834288822943,1
-76.67776827940935,-4.519219267796949,1
-34.8486973899802,16.454180388919994,1
-80.44504973068177,-3.1835936395239486,1
-100.3964604979164,-10.769453797094634,1
-100.38127946231839,-10.748845851001413,1
-117.74865330700987,-22.880105078934697,1
-85.43751685759787,-34.820218940710426,1
-85.43751685759787,-34.820218940710426,1
-91.16314927961383,11.321557574587118,1
-100.87281915844733,-29.10606637732591,1
-100.87281915844733,-29.10606637732591,1
-60.5869311426639,1.9939076114921974,1
-184.7636479625089,15.142862081445031,1
2177.808925092282,86.62437365530226,1
-60.5869311426639,1.9939076114921974,1
-104.59068538732282,-27.744590560694753,1
-104.59068538732282,-27.744590560694753,1
-104.59068538732282,-27.744590560694753,1
-86.3619810896339,-24.589234010025542,1
-86.3619810896339,-24.589234010025542,1
-93.30864763192932,-31.889305831967157,1
-186.81738578305016,-33.233814171057524,0
-171.3820834822007,-38.94796673444201,0
-139.0709470327887,-50.88808059621774,0
-146.53149776726673,-2.1338401822394175,0
-370.12265903661216,13.1734107687871,0
-356.9499005860255,8.316778049480781,0
-177.3724126681493,9.310230213398853,1
-370.3128680376192,38.65745047433797,0
25.368512393137053,59.81723318353314,0
50.17286613321119,44.41094866385336,0
-168.0120595695259,-5.892344578777539,1
-164.2142359804766,4.452484312067206,1
-108.76916171927968,-50.843025453761705,0
-103.61921824228608,-31.141236372782608,0
-16.853366079774673,152.56644920519767,0
5.379395030654223,18.79127215344463,0
-7.793359050891922,23.647903375753923,0
-38.88027940620145,139.05375024346816,0
5.379395030654223,18.79127215344463,0
-7.793359050891922,23.647903375753923,0
305.8042344904785,-11.930345597841374,1
305.8042344904785,-11.930345597841374,1
739.6699766200124,16.0896754071112,1
739.6699766200122,16.089675407111258,1
637.9209758263387,6.2186141844997564,1
637.9209758263389,6.218614184499529,1
536.171974329747,-3.6524467972659593,1
536.171974329747,-3.6524467972659593,1
662.8807313903255,13.330375332913654,1
662.8807313903255,13.330375332913654,1
484.3424841694407,0.7000144464213776,1
484.3424841694409,0.7000144464212639,1
1137.687447757131,59.32053205719835,1
1124.5146948489976,64.1771628774523,1
1102.1731071992765,-4.748129752000359,1
1139.602116502548,-18.67768943545358,1
-146.03481215734496,-36.114960212891,0
761.6908920025944,58.4500145776821,1
697.747562504406,82.04168677620201,0
763.6113252638179,57.75853328525679,1
782.3259980105688,50.79935791443325,1
808.6715033437636,41.08609643944381,1
800.5697825403565,53.972049767886716,0
953.9147288388206,35.44464953263928,1
953.9147288388206,35.44464953263928,0
911.8218495461381,34.16627690082855,1
911.8218495461381,34.16627690082855,1
827.2430345811688,65.39631229459103,0
840.4008751048373,60.52780975873075,0
903.0381447240338,65.24234162117907,0
632.5932000071393,35.18644934973851,0
776.7840777381309,52.90190261364584,0
769.8028806786933,74.60314225708709,1
809.2882929681841,59.94987267536767,1
931.1533123246666,46.07087762635308,1
756.55686824192,76.37735926607554,1
778.0955483323523,76.83291534055437,0
707.49018388389,39.4642740022709,1
942.8194413736237,-40.943146126158716,1
1178.5813629007735,2.854473033364094,1
1192.8027464730433,-28.802970631599912,0
1146.951774757949,-101.1365149851913,1
1040.2055352591747,-63.43526239589989,1
992.284705117228,-31.347803170793362,1
1187.7361110795396,-60.085003553604814,1
942.8201861943226,-40.91896509563562,1
-155.3305873936606,22.834801040262754,1
1170.822546170522,-18.73055314292737,1
1082.891007948893,-54.65777142254108,1
1063.5444938230617,-78.40164410571433,1
1063.1302757848136,-27.292671074467954,1
1099.6632604988333,-67.09008766720478,1
1001.0904381072712,-74.1141353414385,1
952.181078008766,-56.1039208576809,1
1153.7208853250913,-71.01210304241945,1
1023.7021784558256,-70.67861419567635,0
1024.1748574310634,-51.903397178176725,1
1063.1310206055125,-27.2684900439448,1
1010.2215162127482,-25.97278903449024,1
-146.03481215734496,-36.114960212891,0
-129.81305794576542,-32.69179097081821,0
-98.85869945478856,-32.757864213102685,1
-108.34054335864846,-3.258559579340016,0
-119.58280780760123,0.9282012205349659,1
-170.18210179705358,11.391378707925789,1
-161.8421122839435,-6.549937475881194,1
-130.13079968097242,7.105240498407419,1
-79.85892034477115,-21.612262353636744,1
-93.46156830831768,-20.985124771776675,1
-146.9917218814731,13.343073661932998,1
-187.05793594561607,17.61734000631703,1
-74.46178942625022,-9.83952283420657,1
-77.52516490597554,-18.113834019390772,1
28.5634306101648,-71.99721936451698,0
-155.34662334264505,31.272517980605613,1
-188.4108060947425,8.23602215725655,1
-135.18674895558274,-0.9067475971753893,1
-135.8040251582877,-2.4775258341938553,1
-180.36742007667834,7.0032586691478755,1
-137.65123337597777,4.171636749069734,0
-130.1457141019813,7.093288347635301,1
-143.31846943182484,11.949919997658014,1
-201.5686498478712,13.104525799651036,1
125.55148862024237,31.615993205329307,0
-112.18550395416071,0.8754581627497515,1
-148.34459203059959,3.961755812872539,1
50.17286613321096,44.410948663853446,0
27.05385132870083,25.12644454729553,0
-181.16963826772275,-1.015184606664853,1
-145.3248325117225,16.67985309268012,0
-168.0120595695259,-5.892344578777539,1
35.518459610769355,49.851677515465816,0
12.399444806258884,30.567173398908043,0
114.52804150721613,1.7150046338624279,0
63.33092694748075,39.549515419647925,0
176.43878733486997,-52.92810911656539,1
-85.86956660187764,-8.853513319149656,1
-183.33994555018228,16.259882350320304,1
150.80511671278703,16.13807564779578,0
123.3971145060932,20.09628719721674,0
89.28954771909332,17.21202490630302,0
-85.85456803885006,-8.838829449552705,1
-85.86956660187764,-8.853513319149641,1
-59.64309065258726,-30.4794278088358,1
-356.94929085005174,8.336573477041178,0
-69.8092982696707,-20.36967624725019,1
-98.16279358261716,-10.422163409109238,1
-415.1969248578747,29.85890034249268,0
-94.25832325320556,-46.32619322257765,0
-177.3795344032336,-46.203004774740016,0
-159.15083010554474,-43.047648224070734,0
-338.7359844654054,11.464281031185628,0
270.1680772337513,-33.35257246890743,1
264.95812465622885,-27.077154068948694,1
303.9709121322227,-45.855478858590224,1
-116.64272351700805,-31.675872929524694,1
-78.93445637702501,-31.84324719376604,1
-111.24559282643702,-19.90313333199031,1
-188.12676666441092,-57.54903388334021,0
-81.21179049389758,-30.99358020269718,0
-105.41614768927718,-9.773449670026345,1
60.51410130513841,124.79680819897354,1
-57.67887960041196,-70.87801585225569,0
-122.9745183789671,-30.835770634645932,0
-270.56920943155757,36.9850596358662,1
-110.81327883574806,-21.546189111352298,1
-124.41592657134458,-20.919051607596437,1
-111.25808531515753,-25.78763552740721,1
16.95889574918897,3.700038023071002,0
-163.49485919865384,-6.474200096670586,0
-342.33101850535286,33.689582714861174,0
-112.47643719062472,-32.14837914039999,1
-117.87356856504556,-43.92111850362176,1
-105.34494341326894,-6.757773426890637,1
-26.292208393244664,-72.58714443721112,0
-81.70238773150345,-49.063635827347774,1
-123.50772873995669,-15.417809813446972,1
-120.51245825318813,-13.10226239515098,1
-274.8427868697034,5.321280214491281,0
-86.34516453120153,4.387828510679455,1
-129.57794660223703,-17.524231407844574,1
-57.585955277687674,-16.06548413259781,1
256.97167181606676,-31.188102255744376,1
114.950550833482,-35.57913288020152,0
113.04480646329307,-34.882929199377465,0
-37.82737326862025,-40.15667503728299,0
-53.629813103273364,-37.37185674113719,0
-184.09902369612286,34.569171255163326,0
88.60504631406775,-25.865871684043775,0
-149.81249342971358,25.937573623845363,0
-62.9830861962086,-27.838223652027985,1
-46.10725204764617,-34.0641849504192,1
-42.15065297683839,-21.77963669598224,1
-271.5702978972442,-31.993060515002377,0
17.95881535171111,-53.87652637531696,0
-200.7698439588006,18.203601751673652,1
-217.43250009010757,16.48210756598391,1
-472.13004755579976,31.723481577016692,0
-208.28594395062686,-28.572226457697333,0
-170.91461678842313,-83.0894554775158,0
-248.0575348237665,0.641665675099631,0
-76.8784842715346,-62.52597895953547,0
-156.15578025955563,-1.1814566445886712,0
-161.5529122314138,-12.95419580310601,0
-47.547783895359316,-33.552376215412444,1
-0.45225237693443887,-37.151422742358186,1
380.7547846953511,-63.17518097755406,1
291.0095417289333,-54.847181723982,1
-254.2469411891655,40.814508790202616,1
-41.21673026523854,22.004230051399496,0
11.474278577900577,2.5777077261345767,0
-187.2895124178018,-57.87218547349132,0
62.45901218258223,117.30719330499366,1
-126.20836574661467,-19.747417768772003,1
-125.28390190500687,-29.978402565681627,1
-177.87937504783605,19.639484417449204,0
-169.9796102285515,-42.723482074219014,0
-234.60188312737546,-18.843254350667614,0
-119.56953487456593,3.7584213439528824,0
-16.073903034861814,-45.169338027112936,1
202.87458417077698,-53.7965077263351,0
-22.243141218909386,-39.08098555812554,0
59.330216275138355,-66.56449000969323,1
53.251302084078475,148.4979762784129,1
-137.43455132035064,24.714773803134968,1
-62.8913605040604,-62.369011295311516,0
-221.4284043211661,-23.676488703178826,0
-266.50354963778216,-7.018404687944567,0
-7.881628435600987,-64.42938779790029,0
-84.71246493162641,-61.44997375921724,0
-43.07511717253419,-11.548651777748766,1
-61.30382147022323,-14.704008328418077,1
-155.71192478081952,-21.751735919196044,1
-266.8022318694157,47.272960735214745,0
-292.8492759751229,2.688030124601447,0
-99.73145374708537,-55.854066371045924,0
-118.46807651281858,-48.91122574019695,0
210.80385336573158,-70.95116142122566,0
-175.83901719236457,19.00836585173119,0
-133.52591367090042,-21.947868418148836,0
28.383630625523892,-57.78258884140512,1
57.163525909453824,-54.62014565921189,0
-135.16190296681395,-33.22226026728706,0
-63.74146978609963,-59.60123380503335,0
-116.70866645727847,-49.6243723215568,0
-3.110156751032605,-21.85431819889414,1
-25.645634684970332,-1.8336207904310768,1
-173.27869062331882,-7.2269311130584555,0
-134.37512461040478,3.787621151329475,0
-171.1134763859426,-8.040691187801954,0
-170.78235334094836,27.04362650973316,1
-28.444231120991276,-52.35735704545767,0
-99.14937187473447,-14.26573312822574,1
-219.2302705065755,6.355274177972561,0
-219.24192505857292,9.205813475640248,0
-124.18598668167658,-46.844303824364594,1
-162.81533100870627,-21.43217485099317,0
-231.37174874579813,7.489552430344496,0
-182.52016525139175,-23.56076276084277,0
-141.83368882695726,-16.039065435791436,1
-147.23081951752835,-27.811805033325847,1
359.9887263378099,-41.25035825381011,1
-187.08106275378861,23.202277556968458,0
-283.7421777932073,41.83486189182294,0
2.825334613900509,142.40075927455098,0
-153.1725478681438,-35.77444166841733,1
-162.47737512606244,-2.7232113306601633,0
-166.23077420677663,-38.963107173072764,1
-158.92742428645266,-27.871288273394633,1
-101.35113594439213,1.2069232147554843,1
-187.08106275378861,23.202277556968458,0
116.8562952036699,-36.275336561025135,0
-158.96087766494225,-36.07773913024774,0
-340.2528243177471,16.092856858743907,0
461.4400418641719,14.057487940712377,0
-143.99545451950917,-51.41722524948624,1
-142.04314938185206,-51.939760288347536,0
-90.17271937829935,-48.908792879737625,1
222.23831104387727,-75.12838057902184,0
88.60504631406775,-25.865871684043775,0
84.79355665836943,-24.47346400877266,0
-251.91178531662575,-33.99195774993992,0
-235.0359511680632,-40.21791904833113,0
696.4555593217829,21.59016974186094,1
133.01170611113184,104.17769295279524,0
201.52192440760928,-63.17099527476311,1
-101.49864009959163,-1.97309402069466,1
-98.55020261647354,3.122276771230851,0
-187.09859764240196,-20.042606767375993,0
446.3764600338774,19.622274240667387,1
-507.96336043652053,53.349259353873336,0
-158.96087766494225,-36.07773913024774,0
90.06047135875883,-125.99116817839985,0
15.919452206718574,-10.85624970565943,0
70.8246538279443,-23.90334426875814,0
109.05292280315257,-65.20450562101183,0
8.631889153568864,-19.024571078911784,0
45.632586748051494,-14.162630913362186,0
60.38574622018655,-61.04076543251778,0
65.7828766609025,-49.268025749373685,0
279.06188721651404,-81.67905966479009,0
-200.2389086731083,28.07078194158121,0
-251.8443814060003,24.500324588564844,0
-268.6565073773294,42.11130178454301,0
-255.48375557528232,37.25467134327564,0
-352.32252909823626,29.770347491986694,0
-115.12121880085681,12.992112052167506,0
-12.344115283617498,-15.12559586893024,0
3.7070465109527504,2.1665863731294195,0
19.857535941706942,-40.74577224042596,0
-173.89339354487885,18.357517110445592,0
-131.58029002341482,-22.598717159434393,0
-255.48375557528232,37.25467134327564,0
-270.0987095996567,0.16693523887882833,0
12.847696291148395,-31.03189974718567,0
91.91082825843682,-27.771950956846318,0
0.3157560320864832,4.7865569577014995,0
242.60693632727964,-58.8370639977392,0
-42.328464009082836,10.658471294237785,0
-15.998275374326113,0.9200237774912523,0
91.80065948382355,-27.802319896309534,0
-10.654134593102981,-30.87189912597315,0
-234.91373617240998,8.81828233381966,0
-247.28497958378824,48.138744692528974,1
40.833541330879825,-44.64474777659368,0
-2.7471256310517447,-3.4717221891923415,0
122.81309688611486,-22.072545295492155,0
393.4453549483328,-54.854977177079355,1
65.7828766609025,-49.268025749373685,1
138.1643809643939,-67.4573664549325,0
316.6744025358373,-95.55274877541166,0
170.47551741380573,-79.39748031670817,0
303.51656419534265,-90.68416585462649,0
-60.07385643749211,69.94942104114013,1
70.30500578303906,-45.66003037430708,0
33.17851089181124,1.151303799846282,0
138.1643809643939,-67.4573664549325,0
97.16954769820143,-50.97715427612584,0
3.5575475788218682,77.57722388751648,1
773.7725829352948,-12.075875160552066,1
760.599829274516,-7.2192440824135815,1
750.4904485595739,5.911617916152352,1
794.8414753615002,4.426409214542417,1
1495.8892420748762,18.674862579250465,1
1527.5113612512837,-17.253945066607734,1
1553.85686649543,-26.967206511085813,1
1527.5113612512837,-17.253945066607848,1
992.4361018746258,31.21607049366193,1
840.646444259854,39.30562053635258,1
770.7092099285164,-20.350106060098547,1
1543.810070664124,-13.412596113843243,1
773.7725829352948,-12.075875160552066,1
760.599829274516,-7.2192440824135815,1
763.6632022812944,1.054986817132857,1
763.6632022812944,1.054986817132857,1
1482.716489370233,23.531493329781327,1
1469.5437366455308,28.388124087184714,1
1003.8276624455984,21.69756128275423,1
758.6122921725268,-9.577634426784833,1
798.1873808587995,-21.126336365983143,1
1583.8134279602427,-38.12544249792453,1
1510.0695448257393,-0.6459061354085947,1
1523.6698969668842,-15.919920648284922,1
803.2440459508289,-13.091157266023764,1
785.0295392595733,-16.257833461596384,1
1530.6373180158803,-8.555965382636998,1
1512.4228113246245,-11.722641578209569,1
768.7784982290927,-19.687385453678637,1
917.660477654922,34.08047883878487,1
990.6549090790509,26.554192260078207,1
796.2766258008778,-20.455112839718048,1
1097.276049839043,52.4751990650092,1
1443.3613513071884,0.8294693567184268,1
1497.8889361538731,-19.269960132465137,1
768.4959680980278,14.13967135091709,1
755.3232143763073,18.996302449936586,1
742.1504605905973,23.8529335708812,1
816.4167994981174,-17.94778830527637,1
1487.4805484098629,33.763137994328034,1
1510.0160202571615,13.742442671375713,1
1514.3386086030396,-12.39731433540161,1
1501.1658559365974,-7.540683597960125,1
1487.9931032513641,-2.684052854080086,1
1504.2292289433763,0.7335473015864693,1
1498.102482929819,-15.8149144975064,1
800.1180900852764,-21.78913725804086,1
826.4635970235636,-31.50239928299508,1
800.1180900852764,-21.78913725804086,1
1021.3230057014432,-9.298827230180144,1
786.9453365379882,-16.932506218788312,1
1491.0564762581425,5.590178045466622,1
1477.8837235534984,10.446808795997377,1
1501.1658559365974,-7.5406835979601325,1
1487.9931032513646,-2.6840528540799795,1
1580.202371673311,-36.680467932858896,1
1491.0564762581425,5.590178045466622,1
852.8091037685638,-41.21566124172201,1
1522.2347474265516,8.96160109792907,1
1496.1717712303957,-15.152193891086604,1
1525.5806520248066,-16.59114417454996,1
1253.6295879668012,-10.330629753439275,0
1200.9385762392458,9.095893560134641,0
1174.5930701993889,18.809155277253062,0
1423.8635293422576,26.13008090784711,1
673.3522628005878,2.3437156261997174,1
1443.3760430084162,0.8341907822398582,1
750.6692864140996,-31.322329276213118,1
1074.1727533178482,33.22874494934821,1
894.5571811337275,14.834024723123754,1
1400.7602328210626,6.8836267921861065,1
773.1733292796832,-39.70156695537931,1
1420.2727464872212,-18.412263333421144,1
-27.888646369479602,50.37208282101408,0
1318.4815063389037,64.9831273802065,1
1611.4982509455722,1.9345568028784754,1
1598.3254983486017,6.791187516516345,1
1585.1527457350712,11.647818235828375,1
1571.9799931044558,16.504448960994324,1
1553.6937465896258,10.304709663858581,1
1514.1754885897067,24.874601876386315,1
1648.0707439752314,14.334035397150274,1
872.7016216866903,7.066448378845145,1
928.6788800150432,-37.96070983586852,1
937.0171583815509,-20.754040212327233,1
1656.0721457805685,-33.42551579402785,1
1596.4982488046826,-29.865816632392004,1
1600.0948911585574,11.60164115075424,1
786.7822146128581,20.339410648052876,1
1423.8488376410296,26.125359482325564,1
1664.410425546435,-16.218846649959367,1
1616.7170079066777,-56.127539831901736,1
833.1833612011148,21.636341443051954,1
884.1049822723305,-2.600636242669353,1
870.9322288767353,2.2559947446072997,1
857.7594754328511,7.112625748429686,1
844.5867219384481,11.969256769561518,1
826.3004754236185,5.769517472425612,1
813.1277218763298,10.626148511678203,1
1560.5766332661665,26.171533326438446,1
889.3237414544265,-60.6627336384442,1
855.9322275505303,-29.544378969804832,1
904.3237429133737,-28.86235996951489,1
1540.5209939413812,15.161340395064805,1
127.45513493972794,-12.325226332987974,0
42.11748085765498,11.083242668582272,0
1503.0216002538868,-11.896768576514269,1
824.4134769111072,-34.28453866786119,1
776.7137418176642,74.1153329671221,0
880.9956570286693,-55.28972751410809,1
1446.4394160151949,9.108421681786133,1
205.11514044454566,-50.71955763991959,0
214.47548817934717,-65.92213059424947,0
214.47548817934717,-65.92213059424947,0
223.83583590951548,-81.12470354699192,0
214.47548817934705,-65.92213059424941,0
205.11514044454555,-50.719557639919536,0
205.11514044454555,-50.719557639919536,0
178.15663787563892,-31.108781614811384,0
21.842719598217172,83.7420790750453,1
-242.31100377323514,32.398040902008255,0
-215.96550016914102,22.684780019473543,0
14.684421434019441,9.436742605200422,0
-158.5544388421584,51.659694643487015,0
-127.87216690077821,31.01718030981765,0
-138.02196319817523,41.149006470805745,0
304.9758602226268,-94.36514478253125,0
272.1680492424832,-82.26614171395548,0
270.26282107193697,-81.55344207877295,0
291.8031081206457,-89.50851423849522,0
154.2386718802502,-43.92055547019546,0
150.85766476955803,-3.420859024838876,1
30.053043082272325,-7.530870366547688,0
18.605190654160197,-0.6695261339879437,0
904.3552778074018,-5.825727993290187,1
250.17085743746895,-61.62839179628809,0
915.4745324174601,55.80278067828396,1
676.3800818688003,38.92844889309698,1
19.20912878069055,-52.30128192894022,0
-226.58442668237154,37.784047759866965,0
-269.6320569020013,95.11970199291677,0
-213.0042014820396,106.55215292401748,0
-288.8476288189477,65.80098361946922,0
-92.30793599567738,45.94652412283909,0
-192.8425099085377,97.88897944207018,0
-105.4806890974391,50.80315500943738,0
-105.46599739621183,50.807876434958665,0
1388.163979324614,130.9601760989962,1
1361.7918345038688,111.53671694164498,1
1384.8959348873707,130.80926890743072,1
1416.2826037238647,129.10014113475688,1
1382.7577703533718,113.44844065026686,1
1328.8224513893902,146.69275095148504,1
1347.8425080999755,137.47952292833847,1
1329.6138038022866,134.32416637766914,1
1370.6691252514045,158.9672921517911,1
1411.4522505562106,76.39700919821766,1
1336.6227797281504,104.0119847653891,1
1324.7394046231993,118.23933611027505,1
1338.4816168416514,152.66447849983643,1
1347.8425080999755,137.47952292833847,1
1275.4870898263707,164.04198771063997,1
1345.814833439627,131.87185747567008,1
1315.0053478159439,149.47209550165712,1
1346.892159290847,137.63621651114556,1
1307.6747153716572,170.34860997245815,1
1371.451377673237,100.74188381935409,1
1329.7529770733329,116.11366986573017,1
1314.3176747724835,121.82782242911452,1
1314.3176747724835,121.82782242911452,1
1406.394634401168,108.02775671228511,1
1320.847468059873,165.49197922755627,1
1343.7756872429088,149.38344683768295,1
1310.5998051866682,123.18929939595935,1
1252.3829894428698,144.76943574485412,1
1344.5773458430963,110.76114882617878,0
1389.5993537906106,94.09337194194009,1
1344.4073876689993,110.67293961847827,1
1302.8389711125112,139.8265233942464,1
1314.3176747724835,121.82782242911452,1
1227.450930238351,161.14454612681646,1
1372.2910107654554,102.38929410183329,1
1297.441840623921,128.05378372750585,1
1297.441840623921,128.05378372750585,1
1305.781520283349,110.10249294064766,1
1323.7890558140712,118.39602969308214,1
1335.196656236443,106.08230785109576,1
1274.3387371471447,108.81359690944228,1
1334.8581847683656,128.10358638638763,1
1324.313519877186,148.82798564600836,1
1379.0546888994315,114.81777120156103,1
1315.891391336872,96.98758303910532,1
1297.441840623921,128.05378372750585,1
1368.288565075802,132.146374091699,0
1421.1224698996743,43.48134282861193,1
1390.4572012738854,57.63977824335247,1
1297.4434891114581,96.09582933334488,1
1272.214788362479,91.44203506156055,1
1432.1836211373823,88.22794349716376,1
1358.1460648244736,69.57989210512814,1
1326.744332264516,71.27222048106236,1
1287.0353891434856,111.31233024139931,1
1312.500676378262,122.54200905037882,1
1380.1718424500295,83.05571988771588,1
1456.9980872106978,48.400982001167655,1
1440.122253062135,54.62694329955898,1
1453.2956154323538,49.790108000709644,1
1479.8737092995157,58.193031224420146,1
1529.1845336688684,21.737514126451636,1
1481.438094918607,39.39178055161177,1
1307.701631590234,92.05989197157913,1
1278.442057690693,116.9081831780152,1
1490.6679700850968,81.73851062355035,1
1289.0906225110416,85.21607376316933,1
1266.4080832450343,107.37555302693461,1
1493.9122861939036,58.91164623431101,1
1447.0031063627082,76.24275946836133,1
1272.214788362479,91.44203506156055,1
399.7475306742085,-40.61145503118464,1
76.7775881352818,-13.580660980578763,0
15.335406240958719,-44.35376741723845,0
-158.94574299709888,-36.05863653986254,1
824.1197148180852,-10.1948077287716,0
824.1197148180852,-10.1948077287716,0
108.69291705009971,-66.44208404151183,0
61.73308464930142,14.840130259068815,0
-213.41166725405856,32.92741470555494,0
1563.9613286031868,36.7068196229076,0
1565.0393900015551,42.49505861776465,1
-142.5319689172685,57.55702929070874,1
-106.04317556204381,11.474745512594843,1
-152.45683678073374,39.10943471153721,1
-137.14648556842354,11.092923894695758,0
-43.93619122186669,131.0430839502727,0
1270.0907090457779,-35.4064624562266,1
1301.4926101307883,-37.093321392119954,1
1295.9368639305046,-34.96722074976278,1
1315.5756993445063,-52.167459910611804,1
1270.2061741127523,-35.36562312858691,1
1128.4046319118902,25.266147965484134,1
1222.0790364864183,-33.55340970857318,1
1250.655676763015,-6.711700421203233,1
1151.5390940685402,1.9462490463171633,1
1090.5230076115831,39.325959437233784,1
1198.620543365825,-15.001566451565147,1
1188.4962515675047,-1.8825766144065952,1
1221.1545690527487,-23.32242368088844,1
1173.4326704711757,3.6821283011020682,1
1189.4207190122083,-12.113562645872115,1
1163.0901251066703,-2.3884291274379237,1
1228.514961431443,-26.56922494327946,1
1238.6392532331129,-39.68821478158544,1
1167.4988744924076,10.81048561281532,1
1202.1843675812936,-16.84409144382358,1
1289.12745908396,-44.52950685635809,1
1162.5067129277247,11.599290925015303,1
1465.2338411084304,-67.37730271652217,1
965.8752094956208,69.06789162115473,1
1173.985416711359,-6.399410082487648,1
1112.9693296110406,30.980300528868707,1
1184.1097085367305,-19.518399928914768,1
1196.431739618364,-14.745069301812471,1
1199.5450108375799,-25.232552492299227,1
1242.3156896456553,11.229614941729956,1
1252.4250695729704,-1.9012467869654444,1
222.3034093813959,-24.105614227910415,0
222.3034093813959,-24.105614227910415,0
847.2534188508755,9.094337527669893,0
-253.58459067724175,42.4567521290214,1
-147.1196600170628,-7.028381247703884,0
-106.60726641140616,-18.685002890422062,0
47.30612363442253,-12.565378366178969,0
44.80687075726007,-45.369050036929316,1
412.9205041757124,-45.46093553056176,1
404.0526915718865,-63.801247801960976,1
-151.4599043867214,-38.86674286184894,0
110.83824008523857,-39.41687354920362,1
112.88683310287593,-31.670926306367896,0
15.335406240958719,-44.35376741723845,0
225.73102953590137,-52.61346108995716,0
-270.0987095996567,0.16693523887882833,0
-270.0987095996567,0.16693523887882833,0
-270.0987095996567,0.16693523887882833,0
-228.14413447722364,1.7179903816869313,0
-284.8928859202444,27.235113704102627,0
124.98585165456586,20.542334949524246,1
105.83255864723958,27.613945275480425,1
751.6734467627346,19.26360018544608,0
-252.68983732192606,19.198755836253454,0
-178.68030027261017,-8.113144071898219,0
-239.5318664338373,14.334269337407655,0
267.0467642288472,-67.85199470407014,0
-81.2374736979234,3.772660210807686,1
-70.70446335874124,-14.101199751145451,1
-75.3952730326522,19.795421955544533,1
-64.86226269347003,1.9215619935914106,1
-107.56841655720132,13.48665609538611,0
-122.50069533726429,-15.616882029856946,1
252.0766006901158,-62.3245950942003,0
122.70839279580218,21.387983977089107,1
179.8420956965556,0.30204536732870224,1
-54.40177103020892,73.9714771081814,0
-36.910908585939865,63.41189842168145,0
-113.91124036658164,1.8387574318241917,1
844.8363238244424,-42.94227153971736,1
-78.98147065864248,88.3193200829996,0
-249.54593627816655,30.646222474158872,0
-56.80654500460673,-113.04225141486768,0
-203.63754492799012,-58.95658964948276,0
-210.8848158697541,25.1910610849527,0
-281.84589051619463,38.472068748166095,0
-249.53475406678274,26.531954886390395,1
-180.53734450520517,26.72293017453184,0
-144.33156373542698,-8.326209376118989,0
-229.1694240572529,19.044511022833397,0
-255.51494353643147,28.757777344767277,0
-37.818004297188736,144.8017313823899,0
-238.08063236377996,32.91909804022988,1
-152.46851174575278,-38.40774645476554,1
-216.4828705069947,47.99006331373465,0
-361.17216989557164,-0.7818624326125558,0
-216.4828705069947,47.99006331373465,0
-205.94986016781246,30.116203351781508,0
-216.48287050699463,47.99006331373464,0
-216.48287050699463,47.99006331373464,0
-346.15179675853216,11.638636027648332,0
-327.7779746984679,26.578216457200597,0
-256.12877913974336,64.93205580923771,0
-278.15455676529945,51.456228026649875,0
-218.7208547221515,-25.333611619860868,0
-278.15455676529945,51.456228026649875,0
-278.1545567652995,51.45622802664989,0
-300.1803343908556,37.980400244062025,0
-150.5425619289174,3.848176748294982,0
-138.93443226035288,3.4465299526152364,0
403.8696654039237,-67.07933094149749,0
61.762189180457995,-42.87567142375624,0
288.5227907444639,-6.325618632426995,1
388.5136636855416,-64.92960806717477,1
428.0568134201003,-41.896019918440366,1
164.47451343335433,5.955846901175306,1
160.18552037114023,29.198402240568566,1
136.25232246049188,16.364465921230476,1
-202.5634539693255,13.236329062926941,0
-152.96358579343098,14.651304680438294,0
-210.33979867316418,29.842301843962066,0
253.30821203309563,-14.993558457868495,1
-186.53356247929702,-19.037757114673447,0
-250.76163988654383,-1.9705661037751696,1
-275.10164272845645,7.146967625751508,1
-301.4324618339079,16.86495240168304,0
-207.8363534668788,11.160168840014435,1
-210.33979867316418,29.842301843962066,0
-211.08574095617325,59.76280330178993,0
757.51556635214,35.28348413560934,0
171.9453115071026,-7.318354312245425,0
-118.38018045374832,21.468681414233096,0
-201.70273965465913,47.55742226033048,0
-240.92270328304454,57.00499569024599,0
-230.38969294386231,39.13113572829285,0
-303.3930023753493,17.503768706558787,0
-221.30316213614833,17.489625888076915,0
-452.1455512048201,54.277586277082314,0
-227.76473094233364,52.14050869367741,0
-257.44133612497154,32.08800362660382,0
-322.20611201641174,24.50457246147418,0
-295.86059330504787,14.791306402622403,0
-236.4838442659426,39.93740786640167,1
-260.04601384151795,13.536052170025485,0
-174.5853423752199,-32.14831380182084,0
-260.7376176788525,-19.753523537418793,0
-279.75160826873383,-30.88839326904725,0
-251.3748951730904,-34.917589262166835,0
-159.16561282994223,-68.9140091108714,0
-240.17983850857752,-16.33076373671218,0
-249.66198092561865,34.95768355285726,0
-268.81514457778144,42.03331026163724,0
-265.09728322646816,40.67183611624177,0
-268.81514457778144,42.03331026163724,0
-189.25384817659568,-5.67668537515312,0
-32.275225254732845,-12.31921112647695,0
-56.95437401419315,52.150685549648884,0
-193.149691651747,62.07233353044659,0
-127.27178807679331,-57.92232691029748,0
-155.07055507074375,-39.79238151784747,0
-135.9328896645028,-46.899005075703265,0
-193.06659256525614,-25.813066465942832,0
-122.75941862133175,-51.73249537962317,0
-65.64127460511315,-87.04782101363978,0
-82.56437953948364,-61.060036294343185,0
-18.047201696828438,36.096593309479445,0
-218.7011973589763,-19.239838715367092,0
-205.54322647088748,-24.104325214212885,0
-335.12989527634033,2.6351485914675905,0
-256.34857041466637,5.116021650928481,0
-138.5322342649896,-4.110409349898795,0
-251.90572918014647,9.596986642658102,0
-265.09728322646816,40.67183611624177,0
-389.05431594595234,54.559512272224204,0
-107.4849010875684,4.699297379141846,0
-132.2118989992016,-6.353133860947821,0
-229.08009212005987,-12.480481609695694,0
-196.76895567064793,-24.42059547147138,0
-164.45781922123587,-36.360709333247165,0
-139.60723350630184,0.45341721895545106,0
-154.07892446015234,-43.120066438918506,0
-205.52771758435227,-24.07307339969352,0
-173.21730184440685,-36.036585507024135,0
84.59250287622933,-75.31835827680834,0
-277.38503113429636,-5.782656592599324,0
-301.60586330539695,6.772268151327154,0
-288.4899312071675,-1.1054751933361402,0
-348.2877393059182,7.503733461546027,0
109.03210039311796,-84.34088218043831,0
-276.5734205518117,26.636312895067846,0
-329.205211274985,46.09746327471831,0
-312.3293771264225,39.871501976327096,0
-255.1956742256691,18.785563366566656,0
-302.87426570634034,36.38317235482164,0
-329.205211274985,46.09746327471831,0
-312.3293771264225,39.871501976327096,0
-297.0847486150878,17.46935143926752,0
-275.59418671396577,43.94564962792238,0
-196.7689556706478,-24.420595471471437,0
-215.92212263866037,-17.344967626557,0
-183.61098618924837,-29.285081488332715,0
-174.14176387257896,-25.80560133146559,0
-182.4253348170423,-4.856284827185085,0
-183.5026606682627,-10.620643862660593,0
13.211359589434096,-32.12887111375856,0
-201.30558054033128,-0.6921508570621526,0
-67.6113860061352,37.66005390899524,1
-19.87414182635166,-48.70234469367711,0
-427.3322792585035,37.61734551991386,0
-377.03653688138365,61.212953777094775,0
-209.9424267138187,-19.58710516755159,0
-157.3106482756778,-39.04825133788932,0
139.0926939696276,-100.54993327054899,0
60.77850845612829,-66.8107055834341,0
195.68017779684988,-85.93989794771215,0
421.92178374434116,28.627380194326307,0
-229.18194924113345,-6.90051553538801,0
-197.07627594921922,-29.82636717697452,0
-183.9182120905291,-34.687720331350455,0
259.4468620433712,-77.9454262629246,0
-196.41690292511998,-7.805903563439365,0
-153.13697859045902,17.186428820192496,1
-144.56099002013514,-10.2065529204259,0
-144.56099002013514,-10.2065529204259,0
-112.24985357072308,-22.1466667822016,0
-119.80747349294478,-30.79833987900482,0
-183.90528050947637,23.513843174154417,0
-157.58739353912262,-44.40570491744541,0
-106.13787563364468,-63.42930110627076,0
-330.59623376803944,27.821731383074376,0
-324.4685692284037,12.543218954131909,0
-360.6241102953271,36.14197844137895,0
186.3174558888535,-70.77583242778104,0
-4.082811290724862,100.2294974066204,0
-107.27476205194444,72.22123118876979,0
-190.8756184090115,-21.051770161703253,0
-221.74622301071042,-9.623465034934306,0
-141.17444697914357,52.57648294270199,1
-128.69234794388422,8.159870586511644,1
-133.0792532213315,1.8471896381321073,0
-173.2369897792799,-36.020444890981345,0
-127.75309502924836,-52.81719142067903,0
-77.85126400172044,-65.99207274440647,1
-107.98680654092857,-42.967330407764955,0
-240.69590909265645,-26.04993891530463,0
-259.84907465397976,-18.974311552374694,0
-290.7629736121815,-11.915585950748799,0
-373.27351546819284,71.39482325896267,0
-275.82686509201307,40.38129812582092,0
-242.02219901328414,13.952071634117758,0
-283.7205996131882,29.323857680493717,0
-109.04308377910417,-54.766970359628324,0
-117.10557985266928,-68.03207867987797,0
-113.38771335537456,-69.39355458847962,0
32.08602610672233,36.02208302448294,0
-68.95545019484013,60.33546596531334,0
200.91786746766024,22.1440551533965,0
-235.1523228445966,37.96270962633831,0
-139.96422288926857,12.329797042932391,1
-160.06423147866036,-40.8770775589033,0
-99.09678244043869,-26.987159096040138,0
-131.4079188898507,-15.04704523426441,0
-90.86107178832219,12.879761568479019,0
-124.12664200311639,0.7887090610087952,0
-144.44421513630647,-49.27804350910349,0
-94.52575828583082,-60.21177064245024,0
-211.15815861308022,-7.2971002896985695,0
-211.15815861308022,-7.2971002896985695,0
-259.84907465397976,-18.974311552374694,1
-299.1559019140376,35.03801024387819,0
-299.15590191403766,35.03801024387822,0
-117.17343820125848,-1.2495684197502968,0
-157.59503835441888,-18.0382887039059,1
-68.48801366306168,-32.24023136566009,1
-69.41247831465762,-22.009246291218226,1
-87.64118261234648,-25.164602841887493,1
-36.176877213649846,-44.18034522743576,1
-7.314463835778383,-38.217975765518354,1
-49.012864435682104,-22.846189719142437,1
-64.44816673653145,-17.13203715575795,1
-16.70172798627027,-34.78630358091814,1
-250.63018936710182,-27.584544858640434,0
-228.60441174154562,-14.108717076052592,0
-292.4285655216743,8.525129817649912,1
-209.30923390687872,-27.759068863481154,0
41.8609601665604,68.39578750518172,0
162.58259037853827,7.845710940623029,0
-220.86838922422646,4.059567758186006,0
-330.59623376803944,27.821731383074376,0
-164.10576647570792,-19.746017425215094,0
-170.07067250048465,-17.49602690561914,0
-283.63948777105065,29.592967204340198,0
-248.48659629213182,-25.81831390881913,0
-332.4886534256278,15.697170615470789,0
-363.833489021432,34.93540459165635,0
-217.30566348078128,-6.020003975850763,0
-94.52575828583082,-60.21177064245024,0
-120.46956810006071,-6.653206338900411,0
-152.78070454947266,5.2869075228753175,0
-26.789613063157844,-47.612017412036,1
-178.1465158061386,-1.6487955664050418,0
-97.4347291184144,58.15680321008496,1
-217.96753081610785,17.49134472302707,0
-126.79146755942492,7.473165392909657,0
-188.1476114633038,-5.556636735370439,0
-331.1341565713897,4.766440967077635,0
-242.51480186424214,32.270138767431376,0
-215.9376236426774,-17.375963530605993,0
-166.65708665396636,-35.499420566320744,0
-171.91836995571379,12.393531080731151,0
-115.75729915105916,17.111784447487793,0
-161.47696890815428,35.127745279680525,1
-81.71654836334562,-9.192543705539379,0
-230.46351096103245,-1.151499056404333,0
-137.72957144198676,3.9224246617894423,0
-208.38477264324456,-37.9900527770803,0
-208.38477264324456,-37.9900527770803,1
-240.69590909265645,-26.04993891530463,0
-215.9226250796499,-17.36127966100903,0
-168.24402611391469,-34.95889121392759,0
-185.09184099888466,17.22702138465099,0
-44.245527536660575,-31.765940174302237,1
-46.61052351880255,-21.02314654205444,1
-14.212178352854949,-42.87109330959421,1
-78.9073083483425,12.8106843324585,0
-128.69234794388422,8.159870586511644,1
-143.02759589604693,4.05556614338591,1
-206.16659138981566,15.116525780597222,0
-251.90572918014647,9.596986642658102,0
-240.69590909265645,-26.04993891530463,0
-223.42359525817824,-14.576660281663983,0
-183.62648719326552,-29.31607739238168,0
-215.93762364267747,-17.375963530605965,0
-265.2199189483562,34.44581287296539,1
-293.10307514591153,57.01981955148407,1
-218.27824425363906,5.484127892405688,1
-14.212178352854949,-42.87109330959421,1
-14.212178352854949,-42.87109330959421,1
-91.07870713253175,23.206922930715187,0
-0.5424670946481456,-52.463444078601434,1
-102.18944261544033,30.798177371944607,1
-225.2049940079566,35.969872675071755,0
-129.8548405662034,-0.8010655066368244,1
-116.68208555706849,-5.657697046772675,1
-347.1058646080787,90.31739578458237,0
-36.1698706426057,38.94620307530337,1
-189.29075724125312,8.890564482205981,0
-182.47561157693985,-7.621820195576873,0
-239.25537724494342,-26.56174765031134,0
-239.25537724494342,-26.56174765031134,1
-29.493715301688326,-4.825736016360366,0
-123.5539219455249,-59.28380269348481,0
-92.73058776360767,-50.9502845247627,0
-45.68605938437361,-31.254131439295513,1
-61.12136168522318,-25.539978875911025,1
-61.12136168522318,-25.539978875911025,1
-20.83547366943958,5.559995112907124,1
-46.300762016194994,-5.66968331506682,1
-54.89409235700907,-0.07383075945639206,1
-102.22985739390208,27.799141258888536,1
-89.03160329757259,25.929594116274682,0
-78.92222276935115,12.798732181686283,1
-174.51048212384939,8.462621290624973,0
-378.20118079995893,5.431409336060106,0
-351.5673218701704,20.151266455325292,0
-98.87687555498019,-64.87672212920876,0
-314.2580763710355,-18.16749278268953,0
888.0509656782365,59.72780316104121,0
977.1926314170978,92.94506004555521,0
977.9190207954482,28.025897383821462,0
1020.0119000447687,29.30427003048959,1
888.9937736592819,6.732186481743646,0
-237.1534410188437,32.33383368702392,0
-116.84762322291186,19.863362976970606,0
-170.74545683124148,-39.54435195719808,0
57.11257654397127,-43.8124902311988,0
304.3350633369695,-63.34049161855631,0
156.16500302048144,48.40846533433158,0
61.14953733401546,-78.59356725378649,0
130.67050371927485,-78.55185021088829,0
10.15520394703799,-60.92893232566529,1
-327.6276413692657,-0.11150643571017582,0
-310.75180722070314,-6.337467734101402,0
-255.47543004883573,43.1649111890898,0
-127.84411293753101,16.046687364754135,0
-149.37684757452604,-27.509153441761207,0
-147.87575129913887,45.733817591879415,1
-295.1465925874155,51.73128914708187,0
-268.8156470187709,42.0169982271852,0
-295.1465925874155,51.73128914708187,0
-268.8156470187709,42.0169982271852,0
50.56678770523229,28.479097049285354,0
-125.05424771336607,3.662547353938294,1
-215.8101939265116,20.91865021049147,0
-134.97351438266276,-11.718185269338171,1
-132.60980921512095,-40.12814947640987,0
-210.30913034163927,-1.5607225024990683,0
-204.9626123795972,0.9637828697153168,1
-177.77247782353976,-20.578029705825706,0
-127.08650946794086,-39.39420624471074,0
-143.04946834053413,3.8956271821006823,1
-153.30760966186858,7.931564147283673,1
2.969741137829601,-23.174344990288425,0
66.48077122094139,-87.81762687445118,0
-358.74667442110604,-5.2734295417796275,0
-73.7486194928137,18.130217420829567,0
-90.50132265946274,-29.86994977900529,0
-129.71949081347077,2.8185598468973723,0
-116.54673550219445,-2.038071796763461,0
-186.46466640720126,-10.730670227872857,0
-189.97136342315883,20.312456704236247,1
-238.19228330227378,34.21096912827471,0
-238.19228330227378,34.21096912827471,0
-147.91047786608573,19.704303366131057,1
-137.3774675269035,1.8304434041779274,1
-103.16437864356692,-58.5098429901962,0
-144.4444909129652,-31.55886434292001,0
-213.80440835899327,11.664396991811927,0
-427.0359289058069,23.501289773724206,0
-162.63194891820382,13.505317479390271,0
-253.62758560312318,39.92512169165919,0
-249.16021837043127,24.546240890261977,0
-251.93242673581375,53.10293609078528,0
-153.21900311476708,-49.461134862508466,0
-144.44449091296525,-31.558864342919982,0
-162.58172412121553,-34.29706965148143,0
-195.3814296375266,-13.358020425122952,0
-340.67783154422625,58.47011560605046,0
-314.5685539045311,48.78940694896495,0
-283.2505058424772,50.9461768383987,0
-61.0896030886945,-40.714398290686226,0
-242.2906158406892,3.9730949922020855,0
-183.94806402533658,-16.984248370248956,0
-226.8553135398398,-1.7410575711823881,0
-388.3248389291844,7.322851011579424,0
-71.10797446694346,5.081268915155121,0
238.67503849195475,37.41252363671523,1
-264.8318150783512,44.076852803569025,0
-270.5034197516857,46.15108299005042,0
-270.5034197516857,46.15108299005042,0
-40.99772385743836,-23.79699081148609,0
-227.77977480347397,8.489926342416787,0
-237.24626497633443,23.430202187757853,0
-264.78664036549105,-25.198079121996322,0
-177.8766981787188,-50.68864454942001,1
-366.80139538418473,19.290504862758432,0
-14.444299262128652,-38.60651589830925,0
-308.48116268738346,-20.208384197681944,0
-135.08177016308372,-46.72292946603758,0
-356.120642542943,13.65677699898886,0
202.85243634476353,132.08782207260745,0
-0.3914896298657595,-26.61544610506632,0
2.969741137829601,-23.17434499028844,0
-135.08177016308377,-46.72292946603755,0
-127.82161352527805,4.351777683084848,1
-197.1059077529806,-12.115744736586457,0
-119.27870772166187,-6.557266604661841,0
-106.1059527445978,-11.413898133809063,0
-235.4554768603677,37.10205225992375,0
-201.25837197455826,24.46336133941168,0
-189.98649809100215,20.293354113851002,0
-393.1173473287169,29.019481344509558,0
-1.2611825021907634,-20.242854879398486,0
48.19989961100089,-70.55134365799881,0
-387.51767349966576,8.931398449922156,0
-132.61263141248327,23.627876915348367,0
-147.12347125192247,19.111045154730675,0
-120.35676912003015,-12.345505599518894,0
-107.18401414296619,-17.20213712866606,0
-135.58964648371608,0.21390486597767477,0
-109.56722930327817,10.500047936909851,0
-131.59604899637878,-2.971744722843148,0
-203.00163803697285,32.14358830412142,0
-218.5796427118051,30.8760909615325,0
240.58125286804204,36.731604601906795,1
-222.29750829647418,32.237566557434434,0
-204.06880399878514,35.3929231081037,0
-219.85196871135616,18.518660595460517,1
-206.69400032075805,13.654174952348647,1
-150.84133571017225,20.472520364679106,0
-131.68816895107295,13.396892591346187,0
-89.989768351169,-1.974893455029786,0
-130.91228238993693,22.31124813489847,0
-163.48337204744212,17.57369335405327,0
-171.67045883283777,13.544976340563927,0
-193.52103384369417,8.804373342121714,1
-180.348278161071,3.947741571223446,1
203.69027341747085,-193.82956052954964,1
-246.00847910116295,5.3345697917475405,0
-148.44659977029067,-7.877112162161012,1
-126.42082214473453,5.598715620426816,1
-183.70727818408966,0.5793200264715068,0
-174.06732880909345,15.235974654247642,0
-218.5796427118051,30.8760909615325,0
-374.3449216976187,4.0747680086548,0
-116.750165631573,5.767221990261781,1
-47.93202375583189,-45.59155848025923,0
763.2503670740125,55.45587724215807,1
-360.8062108793049,17.079367482733872,0
-164.7188553388795,-55.55722901184942,0
-127.48976271925972,-37.7464000967963,0
-161.90623875084788,-3.4596775433850766,0
-148.74839543095726,-8.328181037335952,0
-149.0426808248822,5.197514126944675,1
-201.7038085632426,24.650129663141303,0
-195.47653923502867,50.116277779595926,0
-271.61099976685114,37.44901557877736,0
297.2219923996498,-70.19826020730957,0
-29.22621473600725,-37.514045356300976,0
360.8528771712854,-62.58724130812576,0
57.42414066773563,-16.872046490541656,0
-396.02618395225244,27.01863589849886,0
-220.80274507634664,0.3471533786256984,0
-359.2256017811388,16.606171140681134,0
-89.12685318216148,25.75767655233138,1
-85.60207785078217,-8.280546639241813,1
-253.3822954691621,40.6043721294466,1
-283.6771706954102,68.47752862339794,1
-243.7533174351155,-2.9084632605333667,0
-153.19460038170683,28.475494231104882,0
-143.8342488613082,13.272919979687472,1
-152.11741332463208,34.235347235161065,0
-127.74520984532836,16.421394182202746,0
-252.45783671170005,30.373389074555984,0
346.3605660702425,-102.1359565267982,1
335.1097590118859,-97.89746825382792,0
-235.01040107947205,-29.60270593965962,0
-196.74886523457974,37.75884741352387,0
-188.40918174730052,19.80755531510043,1
-94.14977683948871,-11.406725988956232,0
-242.82885454046698,-13.139447732979185,0
-175.73568576472826,66.03960120530633,0
-162.5629241933985,61.182967416716444,0
-210.75943611179616,15.001603028180035,0
-271.61099976685114,37.44901557877738,0
-157.30680150738732,37.72233580638752,0
368.5891843725922,-82.17990020736389,0
-167.76682258100897,-63.80355600797113,0
-175.23642565619554,14.950923404241024,1
-264.68727074003755,18.573782205071396,1
-153.0896254220006,-22.6275352493572,1
-128.713433113652,27.146829323107905,1
-229.4266830791193,44.87068414345474,0
-73.13158945572042,7.199972863232148,1
-370.47768259638667,20.778545873226292,0
-91.15754719719752,34.78719189910349,0
-46.08342472731806,18.09530644328005,0
-162.07858192163422,10.08241976820839,0
-208.4097193640274,12.087852141686021,0
-396.8232047214126,30.49181310172664,0
-409.9810553316878,35.360400226598735,0
-383.6653570509677,25.623226984150673,0
-396.82320472141254,30.491813101726624,0
-370.4925970173955,20.76659372245416,0
-370.4925970173955,20.76659372245416,0
-201.89497452564535,-2.2481702711427474,0
-129.63789631411584,37.37781390033747,0
-166.85686661633986,23.320190741226725,0
-327.1718101471377,-3.4713019548637334,0
52.328797512897495,-27.849840578344136,0
-150.517377957355,35.8146644114566,0
-132.30287126609971,38.98134060702917,1
47.02333121173649,123.00905213009597,1
53.251302084078475,148.4979762784129,1
-72.01916956829098,27.70371088338214,0
-104.33030601770287,39.64382474515784,0
-162.06366997357236,10.094291633342785,1
-130.16231182941755,-1.7409590901317458,1
-106.34206634463612,-9.449278684444153,1
-90.41192485898296,-15.550399205071308,0
-146.40281608071496,-62.305606785136554,1
-383.65044262995895,25.635179134922804,0
-357.3198384804641,15.909960973562917,0
-370.47768259638667,20.778545873226292,0
-91.02382194509869,-2.7087456641825938,0
-163.999305400485,25.337006453121898,0
-136.43177551330604,1.705602848892461,1
-168.90783811330124,-52.22028396394122,0
-98.4183251213143,0.36213171897446017,0
169.3902247802231,-69.50192043930798,0
-209.23283612698725,-15.646370507920956,1
-81.78967909812894,2.0652202164447644,1
-335.8074999325862,5.006045516494666,0
-344.1470810660136,11.053328609275681,0
-357.30492405945535,15.921913124335049,0
-317.80156864242815,1.3400647048525371,0
-221.72720797099515,10.578137851071496,0
224.5838416530014,-8.925894600731958,1
-99.92111537599465,2.2121976357210897,1
-140.02184469908354,23.618862460206614,0
-252.45783671170005,30.373389074555984,0
-271.61099976685114,37.44901557877736,1
-227.60725099676603,67.18751562675862,0
-81.78639143609257,-23.81292643867193,0
-330.9594100940008,6.20864869160976,0
-108.493533734832,-3.5868253931993124,1
-130.66149353146454,8.416288329664717,1
-138.9446576420088,29.378715464262825,0
295.54489970600696,-74.73826215185562,0
-154.00276780814858,-5.765521623712843,1
-62.81091717099878,16.028705529950074,0
-76.92538200597903,-39.621602590001665,0
-253.3822954691621,40.6043721294466,0
-227.60725099676603,67.18751562675862,0
-148.61393190722407,-70.88816694842015,1
-46.08342472731806,18.09530644328005,0
-172.8193259651742,33.11327746226645,0
-159.66147764447732,28.244772254851867,0
-284.76897316111206,42.3135029363317,0
-54.89960438042294,-26.145774807413837,0
-240.71741790999977,69.26515850150737,0
-5.990022856276823,-32.549490044242795,0
-45.93508302243629,9.802744231558833,0
52.17411502700372,142.73812327435664,0
-174.18263565594987,43.94829710477873,0
-161.0245695630639,39.08694318488357,0
-252.45783671170005,30.373389074555984,0
-253.3822954691621,40.6043721294466,0
-252.45783671170005,30.373389074555984,0
-148.62816231865088,26.475547291895943,0
-163.13900314834865,21.95871587057801,0
-193.3120004795681,-44.97449198603558,1
-98.99497804025333,48.28286402658896,0
-256.92643255011814,1.9365567965697181,0
85.49609382926701,160.69442636062018,1
-27.1688000225962,-14.598619340931869,0
53.25130208407836,148.49797627841286,0
-284.76897316111206,42.3135029363317,0
-94.39505078582471,8.649819631172711,1
-271.61099976685114,37.44901557877736,0
-147.70370084749925,16.244563307193552,0
-261.73375752030154,0.007865464028689928,0
-220.52200322242652,18.99838035190917,0
-121.90756142019649,-2.183471998299048,0
-196.52509787568619,55.843771212809514,0
-188.42317864087192,31.350949485969757,0
-116.52473497241738,17.964997004059207,1
-24.62466927174671,1.0610862517550146,1
-253.3822954691621,40.6043721294466,1
-252.45783671170005,30.373389074555984,0
-271.61099976685114,37.44901557877738,0
-19.76365984163317,-14.747589899574741,0
-301.29332716278253,75.66783040931035,0
-309.28473072172665,13.331023591150455,0
-123.46562581019867,10.684895173754867,1
-372.38344859101494,21.47475696339403,0
-372.38344859101494,21.47475696339403,0
-325.4534536671652,-4.715971059421577,0
-56.92668963699009,-38.48857578415255,0
-40.72780102509773,-29.423990933033956,1
-288.31565689147203,58.64969976310185,0
-27.47698050119959,-59.247371584643325,0
-219.54760985094362,-31.57522733351565,1
-71.52853575231165,-86.19902714981902,1
-417.70453546208705,20.01325749688587,0
-219.54760985094362,-31.57522733351565,0
-353.761429706945,-3.585726209238082,0
-124.62324088291757,-7.123178998184947,0
-153.88929874434803,-28.030526543560775,0
-200.14292069647183,-11.670474758982273,0
-178.8011612466624,-40.4576600175968,1
-268.9269939017007,8.303254270707853,0
-207.54907621504736,-8.931816188247005,0
-413.8631771037598,18.64465933245686,0
-27.47698050119959,-59.247371584643325,0
-323.51512869846323,50.000228047963354,0
-66.28704574352423,-23.285999961353163,0
-71.52853575231177,-86.19902714981899,0
107.58220512085768,-31.6641642025023,1
-82.04475966798816,-16.12967774807695,0
-354.47323381425724,15.201480746690343,0
175.47078374090302,-53.20968651053189,1
-335.8074999325862,5.006045516494666,0
-353.7614272339981,-3.5856459236003175,0
-337.7886496615664,5.257196896371646,0
-194.96543327173532,-70.99290294004712,0
-369.7104844956003,17.281462253132375,0
-377.7267300482199,33.094637540972606,0
-274.39568198483494,-31.73528484704699,0
219.97070025216158,-71.41989342385651,0
175.47178064762795,-53.177321362809515,1
-167.997801861271,-55.17833180756717,0
-298.75757649208526,53.4316754169697,0
230.18208899971444,-69.87789438246281,1
-186.98534261500214,-16.54763451978112,0
-351.74399905834497,8.567775216771459,0
-70.5819135623002,-54.372259415793046,0
-232.59059998836165,3.664002049272675,0
-44.80686230786864,-27.789118242260734,0
-176.0151579699011,24.710404051676115,1
-319.4328626089331,-3.372338645004227,0
-329.5886830541438,18.83252177398881,0
-200.14292069647172,-11.670474758982316,1
-175.9437681696573,-10.187443108569873,0
-296.86655083795944,52.72905577471601,0
-120.24830777902457,-18.494655053052206,0
256.3101325521511,-68.5074962045544,0
-319.4328626089331,-3.372338645004227,0
-96.47516604426079,-0.05628724319527123,0
-233.88227081711506,11.201602527006997,0
-283.7236180000996,47.84851764738935,0
113.22263954885773,-33.73953412239192,1
-325.5062415848395,47.504128966681066,0
-150.18815979638305,-6.820118823790111,0
-219.51827337605692,-32.29574755225294,1
-338.9040604025277,48.79812247380303,0
-213.47739309152217,6.910548963745974,0
-166.47377386078205,-39.45403735445918,0
-317.42325760339514,22.972249971205514,1
-160.6664483041838,-9.279608419832968,1
-165.98467568330602,8.173268491146068,0
-13.151489299151422,58.213959920039336,1
-182.04206450091056,80.73921540410916,0
-74.88004144937304,11.848534895436025,1
170.63901235794765,-66.26208618223151,1
-280.16184267081934,-6.241264280926224,0
-319.4328626089331,-3.372338645004227,0
-196.4335354956844,26.70258739689905,0
-196.4335354956844,26.70258739689905,0
-210.3091303416391,-1.5607225024991251,1
-238.72826614425537,-28.24123052189008,0
206.9148710595092,-51.87844984523185,1
-104.04637851180905,-3.0282126925553854,1
-108.90738694416211,12.780463116904187,1
-186.51425730225242,42.08331607157469,0
-276.36397340732896,27.44121278773302,0
183.81176758273284,-71.11863666329523,1
-138.19244562824815,-34.571131628832454,1
-238.26260638511366,5.729187740182148,0
-238.2626063851137,5.7291877401821765,0
-417.704537935034,20.013177211248106,0
-74.37245615942874,-37.85476762327992,0
-228.34332819168174,21.1099164148578,0
-199.13324084219227,11.081640248097749,1
-27.959047422898834,-79.97503084083931,0
-305.6061521632088,23.155936357702743,0
109.48842073597575,-32.34508366184915,1
-64.55229874207981,-21.71723015738906,0
-69.65744802280255,-64.60324479446334,0
-275.59418671396577,43.94564962792238,1
220.07270934400765,-56.74703274683059,1
220.08784401185108,-56.72793015644542,1
-109.44351040519894,-14.800951877958902,1
-292.4333941875179,18.299303801113503,1
-168.40129261106802,-9.942191329734207,0
185.41704574358585,-29.06855161014436,1
147.04003211530016,-57.90870366655931,0
-199.1481552632011,11.069688097325617,1
-202.19661632191765,2.80732906291351,1
-259.28402894992263,38.82599664477227,0
-160.80094122482973,-12.51700376173499,0
-316.4457511142686,13.951983954345344,0
-279.9301059023127,52.17001699333848,0
140.93120411034386,-31.056187712247613,1
86.3853172591995,-51.58527047991257,1
-201.2945394381145,42.51126166794268,0
188.64475364630096,-58.02680168989793,1
206.82408812798587,54.48211185871194,1
-318.7642193196217,28.017290642002134,0
-81.6129730203686,40.568576089888936,1
-316.696484550669,19.109982722272925,0
-202.63774590917666,-13.165786811872358,0
175.35663659866304,29.942459098744425,1
-266.7573479266217,47.31338443674925,1
80.33932494527437,24.048644002968995,1
130.3680713088745,32.30320236950742,1
157.14364999696454,26.82513348113291,1
-199.71252289643252,12.381633979047372,1
70.94452806185359,39.099865371786294,1
124.97093970650383,20.530463084389893,1
167.03156123519284,47.895727526304675,1
104.92619509170231,35.5968627083997,1
177.87079515190499,42.4723188442344,1
135.7652030822078,44.075941596046825,1
-124.70112229382119,9.122073467406281,1
-120.86507370679868,7.67239967978135,1
99.81434241043712,24.593680935819997,0
135.6458187283489,49.63503375583602,1
-134.02291152107517,12.540982420264527,1
-211.99864443781297,2.0191712507071387,0
-223.828250469208,30.798201475407495,0
-201.71328561395723,-23.396770393656404,0
171.46178410356833,59.75957016528628,1
-176.8626998990232,13.41735615854624,0
-234.02442206336917,-11.456656531880675,0
-258.96419500799783,19.400016567568393,0
-249.60329412749712,4.2150576991519415,0
-211.99864443781297,2.0191712507071387,0
-193.26859389572354,-4.883657094572719,1
-68.78277017097747,11.530890931851054,1
-248.67883618414203,-6.015925076795156,1
-210.13952903670724,-12.654653767392752,0
-240.5115186092509,-17.737210539046323,0
-99.97104688045476,12.240836124655807,1
-120.85015928578991,7.6843518305534815,1
-135.18562439022884,3.572895887502959,1
140.20706409314664,-91.54690129848325,1
-184.26703077358752,-16.838045326000632,1
48.19989961100089,-70.55134365799881,0
-248.67883618414203,-6.015925076795156,1
-223.828250469208,30.798201475407495,1
-180.61196828362046,0.31004097071544834,0
-202.63774590917666,-13.165786811872358,0
-210.69934300102346,18.910992592823455,0
-158.46775601648523,21.5603880221378,0
-248.67883618414203,-6.015925076795156,1
103.01040028623413,36.271615751229604,1
-142.56280620684913,7.8882259076312735,0
-176.8626998990232,13.41735615854624,0
-201.71328561395723,-23.396770393656404,0
-206.43125467661656,-0.004393210362778177,1
-227.0905491752215,16.368638401940288,1
-244.06079863876425,10.891200094283327,1
263.69929092802283,76.31958338862165,0
250.9942463175321,-56.4187381515792,1
14.19676386534968,-3.8039515579043766,1
-217.6885498534108,4.166647111413425,1
691.3930716799168,-66.40170869232341,1
1042.7174400439078,-62.516143080378036,1
1415.7627827455478,-80.31164759994348,1
66.15444374008246,18.517358714224315,1
148.08019971956844,-77.94887491331218,0
488.6118410534723,-87.21086747956846,1
508.14833204227807,-96.61699010779748,1
-440.2086807078539,28.357920214991562,0
-49.65529320008034,-9.235377102433752,1
1421.3181071704234,30.289520636867273,1
1334.1807693991004,-80.1469106481293,1
-7.405278121054039,-53.228671375026785,1
319.9303970010741,-51.69936127238203,1
671.2621268269415,33.65712386074935,0
72.54845242560532,-17.540296683460433,0
851.8200814081013,-45.268657433141236,0
730.0796387235553,64.03444247756732,0
425.9890384666829,148.88399756874225,0
1619.5120649139672,-164.4468812730099,1
488.4439572990532,-37.43381704347653,1
68.87675278545464,-27.45545944942358,0
-184.26703077358752,-16.838045326000632,0
737.8557468997926,58.671584642561804,0
1009.3155727083215,116.89560426471516,1
501.2858645939864,-66.57212627862268,1
-288.76716287861007,48.795131039791265,0
974.2151967933733,51.1265761964122,1
1123.2254023214475,-49.303268434570136,1
502.7820809765126,-123.75534664701726,1
51.262290055549556,-24.872881090250708,0
671.1238528998138,-46.0363839387683,1
-216.39571002031067,22.069013252192306,1
474.91272771126296,-74.4458900648583,1
523.9833204520532,77.87686840822603,0
44.82821404537037,41.64315421343041,1
449.9878459499546,-69.75327371429995,1
933.4585495094325,-25.758190347067902,1
-142.5350047782419,-23.551011653280632,1
-180.6119682836205,0.31004097071547676,0
-210.97479410540575,16.603932694917205,1
343.9893978683742,-73.56853750357536,1
838.6473279607112,-40.41202642811776,0
460.75651198225387,-93.1068835329595,0
-78.89215214126295,24.66175336054471,1
326.9649674387017,-61.73479625468837,1
363.56298151882515,-23.106461907281478,1
-106.79055939617172,6.529669319872305,1
638.9509903775295,45.59723772252504,0
1038.5866683928705,-32.94878046722767,1
-244.22369553805692,27.271795227795003,1
-196.01379661743476,22.502011643714194,1
485.844453557444,-335.20800352662076,1
584.5353743074936,115.73292436950524,0
854.4207934363044,-0.26295914740175164,0
1061.9014285994426,-47.92356989183377,1
179.58629156825532,-76.65534884537698,0
194.048959353692,-72.12381702671493,1
1059.1469863429836,-43.82941139249734,1
507.1018484028157,-68.12914475396784,1
-272.75011242850366,34.027718791190296,0
580.1960341296754,64.38098128325986,0
313.3156019219207,-93.34059336177424,0
540.8321282082006,-46.04787590082639,1
1024.2135262208833,-40.19707240018452,1
559.9165625924522,-43.717451181324,1
270.70011182449923,-43.17304856424739,1
32.44448505925561,-130.69335967694678,1
217.6775762518131,-71.67384933663308,0
510.91074113358354,17.723666547798807,1
847.8891461522055,-47.103800596545035,1
1348.5895967124413,61.93009263603377,1
-201.71328561395723,-23.396770393656404,0
-183.55840315727568,15.75773294293571,1
1067.563259455375,95.37325932882572,1
166.48059086614273,-46.55196748650534,1
684.3993663961148,95.18180186911732,1
428.56937667427155,-130.286410522788,0
458.64162720504737,-81.00497703523882,1
1013.413744834404,-57.91547322594881,1
167.07197601365476,50.89476363936071,1
-201.71328561395723,-23.396770393656404,0
-227.57751650194092,17.690885481739762,0
-195.8477204421534,-11.799540549102538,0
612.5071705790874,52.44086742148412,0
563.8803580673443,-39.176281228888236,1
672.6395827525143,9.045637016553094,1
-217.6097589098094,4.201791672556553,0
543.1551878644188,27.05132007235424,1
-119.16161186788793,36.99519408422622,1
263.2458236158583,-78.22521754572767,1
6.784287037237277,48.587395024937095,1
-7.463192070881746,137.38770029931757,0
831.8328114451413,4.439056761355808,0
368.0887121661717,-63.13504169501274,1
1011.7216963979774,106.08051930053425,1
340.7038435473753,-44.66712689719731,1
10.997116055061952,36.967172522669124,1
-28.741374608207707,33.25513666578685,1
-218.64152452049711,-42.73878013825665,1
251.18712157752373,-64.76246735703504,0
-139.37105436109243,-6.357338188046519,1
179.90474922105443,31.620406200376244,1
1023.4644950654372,-42.26878398115718,1
1140.6282184413649,-25.094308883832078,1
-71.24222924388391,-2.144077206157583,0
509.63627092620436,8.364652042813944,1
211.0441996389976,-46.10128161326339,1
999.3619674687368,104.32957536485492,0
250.47875837674587,-167.91117533320127,1
1033.6658518713903,-63.84751610266556,1
394.8099250996794,71.01089064914953,1
291.639311646651,109.04745799442051,1
559.916562592452,-43.717451181323945,1
-234.29640161114645,-3.412058790452569,0
522.809023086144,3.5080214789192183,1
28.204050809659293,54.2945902261898,0
543.1404961631915,27.04659864683296,1
193.7421158347239,-47.02189936416814,1
-215.91335423987033,0.48665588644517754,1
-172.61339448790733,-12.491356171498232,1
703.310604275651,-39.758147726631286,1
-115.39162090352164,27.109868123192975,0
377.4914571503176,-124.24735094405327,1
183.58516148214164,-59.91284362752133,1
205.64706776499338,-57.87402080530914,1
343.9893978683742,-73.56853750357536,1
996.2617759941568,-119.5403272070127,0
212.90590143234135,-153.99928149804057,1
681.5699198285529,-309.7813998241617,1
-189.54035803934863,-6.213595255420927,1
535.9817752308536,-1.3486090797572672,1
321.0912230333968,-109.96996340057603,0
-347.9994180935246,-5.638492873879898,0
-136.9823372477743,-25.560477090316986,1
-174.4520692013856,-11.753475299556477,1
208.93361039479908,96.38860372654962,0
174.32910691210566,45.606749240965634,1
-24.32903244673048,-9.73761378612226,0
383.2636033987634,-65.31209373991467,1
1006.2344552114732,-3.7675235487705336,1
1056.7997786239623,-44.55114012097335,1
-292.4333941875179,18.299303801113503,0
1113.2655752458086,-29.334273563614197,1
475.73025527880736,-66.40283631087294,1
115.55376278896688,32.71192638315652,1
86.69930148621836,-25.169667846408196,0
434.1657108331908,-57.53418923274139,1
18.559066973293852,-10.400343286571122,1
-159.83231043817102,-66.35120058074483,1
1138.303277184721,132.32735640391988,1
4.500406403659326,7.6260854059400955,1
-161.5894168599351,26.12834043518328,1
-142.31519433599874,26.05427316792709,0
-176.25016137855147,6.653723507937677,1
-180.34728049916714,-58.73060515809113,0
407.2892182572699,-63.847797972276915,1
364.54912350568577,-49.226633558297216,1
-160.62143385845036,-5.8324053158258025,1
-13.752069476118209,1.539770575204571,1
1889.219294973685,-8.780998353336976,0
-187.74318569511047,-27.279810307869987,0
964.7561510418966,123.46136283084786,1
836.0526175055475,-11.866206306510172,1
-210.75943611179616,15.001603028180035,0
2164.650864317974,91.48572575285336,1
1071.445720085321,-54.077639105705806,1
1087.077164536078,-2.7780421379594102,1
-160.62143385845036,-5.8324053158258025,1
-177.49726800701296,0.3935559825654096,1
925.6929380446713,289.5274969291987,0
120.81227915797683,-21.612265913756524,0
346.73058062703217,-44.66502358898821,1
1281.4897582091514,-60.72038751875933,1
-173.9083054929407,18.34564524531121,0
84.79355665836943,-24.47346400877266,0
1234.7832388660713,-3.2662992944758926,1
-130.588083775266,-16.937558759278694,0
7.238914022371887,-37.16640181151525,0
398.43188595651304,-79.25739191483461,1
455.5629211336418,94.12763714770156,0
668.0292727473472,-47.33900375283738,1
1276.225465348383,-21.582101263885882,1
-218.4592866927473,-4.932704725584372,1
-154.89170360526765,-4.900827211497457,1
25.562545735194135,-22.290966760797865,0
520.1851940324657,70.24740942415012,0
-136.86451583157321,-25.66064932787723,0
-233.89458899359687,0.7814478378001439,1
290.56594290926705,-29.799073779023026,1
293.9395280644535,-29.675681673353473,0
-223.6173327872516,-42.7941231806597,0
57.92885577078653,-56.40373035205959,1
-55.827599834509556,32.09875521993253,0
12.3888574993656,-17.464612730536196,0
998.8764554245213,124.84354885605805,0
448.8242153989295,-75.73637090490175,1
1011.7216963979774,106.08051930053415,1
642.8711199399245,80.84804531613972,1
734.7369349725134,-38.49271682009901,1
1493.973270393341,-128.5908939480658,1
1127.1140652863623,-76.73453687359518,1
196.83197976181964,-29.757131679820553,1
693.0307464551572,72.18295075744666,1
36.81154285307127,-4.314028455835604,1
-120.28357112320941,10.87345786819914,1
1582.0537515431693,-150.52399862150006,1
-124.33755980311383,13.948727583190454,0
-144.2307988314751,64.5098380697629,0
443.52605914345406,-72.73676238424608,1
469.9293166170369,-79.39881065359387,1
-104.33030601770287,39.64382474515784,0
681.2836909492246,-53.2708466883608,1
-232.95392671410292,40.664252553753784,1
625.1199248311657,-11.347626601541442,0
-190.53750412167864,-41.33851867665802,0
512.8639797167741,-98.29521519058252,1
-262.3940929215525,59.605965419576414,0
1021.550048939308,-41.750098775084204,1
1083.9572939536467,-34.41543290499879,1
3.5210473224639145,-35.80492583349068,0
-125.65917062967935,-29.776972951671844,1
-212.30599947505254,15.938191896895738,1
-121.2505915681466,46.25347488963623,1
0.9077447649887063,-51.664839772744834,1
-187.87146044575854,6.88908155748981,1
690.1378504622812,-34.90151659620938,1
-116.63748716796641,87.3852978078908,0
381.8024894952207,-80.98483699644785,1
741.6134790218646,80.28571139305525,0
603.4444942935431,-59.77444107051317,1
221.28665421236963,-38.76223700337383,1
545.4939675164985,-0.85199133388425,1
-72.6724440716485,-45.06457927326091,1
301.55661559210967,136.01534118011105,0
-103.59452583005776,-7.826478594455139,0
-106.6255302187738,-27.696458134187104,0
-79.30206236901347,-38.05041400225142,1
-194.3731021555754,6.619517280956636,1
26.639732792268774,-16.531113756741654,0
-307.76225267366516,-5.830313497345109,0
-194.31538944646752,24.154372631109865,1
1055.9676002053432,-3.296425341938132,1
944.1471282862433,-43.50534346065427,0
54.14809678610027,-54.49751605036116,0
711.2677118231454,-90.73332067593864,1
722.7789875266355,-68.13531387428603,1
-360.9099341781827,35.354981517154485,0
-178.9523516976293,-15.468208084729447,1
-107.02976619531631,-46.16889055256572,0
-263.0070379610494,2.759197180912494,0
-222.93083619397356,10.227623141417645,0
-232.74849543876672,-8.345556904704623,1
-187.65424725394445,-6.907550872133726,1
447.6155607931256,-107.53523491880176,0
-41.89810164302128,-72.1656587468394,0
-193.577406621519,17.805308580201853,1
-351.74399905834497,8.567775216771459,0
-351.74399905834497,8.567775216771459,0
-167.69008204773007,6.757135432683974,0
-158.82283224928835,25.079273053853445,0
-179.61022397492587,3.524212112558601,1
-36.1693654276113,-62.4770272543466,0
-171.65483918511222,10.293529561177664,0
-175.91907167451086,-7.226456996410576,0
-181.61446462438346,-8.084595140039617,0
-306.2131583857383,18.720586823945645,0
-245.92124880047123,-3.4889259290401498,1
-234.14999680082536,14.367407828238576,0
-310.02440303923237,57.597562311761486,0
-232.74849543876672,-8.345556904704623,1
-44.82123750637504,-38.6811796015103,1
-190.1432343141081,21.398072074511745,0
-92.56767625663645,-21.026913176350114,1
-78.05683845624208,-16.510080717079198,1
-234.6838527388856,-7.6660244676028455,1
-73.27298560885833,22.627179493206786,1
-175.91907167451086,-7.226456996410576,0
-46.67016682938845,-18.2192094458349,1
-77.13237395578693,-26.7410657397346,1
-247.9654828720324,-2.8017542629776386,0
-238.51018235544143,-6.312897458894611,1
-279.8828721096119,8.98515847930372,0
-175.91907167451086,-7.226456996410576,0
68.2761610586133,137.39433254747365,1
-142.23480632698954,-29.008317901725654,0
-116.41856964465416,15.843683222192915,0
-162.73059763801632,-12.04503879058722,1
-207.82074578304002,4.598506827536944,1
-251.8862352280347,-23.376744641268353,0
-363.66232014194316,36.48125059231619,0
-120.2078930005627,-15.495618939996184,0
-189.07691335025794,-2.3578729328428096,1
-200.83110961169132,-20.13246847841939,1
-64.8829818703947,-21.330965247326695,1
-162.74551205902515,-12.056990941359324,0
-79.61294427832269,-40.38104881691809,0
180.92645328495234,-20.265278720788423,0
-171.65505943194677,10.28637912156455,0
-170.63943432582158,4.657295378004122,0
-160.68136272519257,-9.2915605706051,0
-285.58481151959785,48.57504046301564,0
211.53140150060017,68.50112342735088,0
224.6893673705398,63.636638647911134,0
-326.80853182972874,-17.030471226151725,0
369.7799972870778,-100.25115742972145,0
-213.9701700153247,2.821863869990942,1
25.813619611273793,-42.977630563170685,0
-230.8463945494696,9.035151076891147,1
-154.94776481639445,9.64319721746135,1
371.8285328319482,-109.30770816999586,1
-196.51233136081044,21.128537050278737,1
-453.381432509901,33.21455065625892,0
-52.765553578912204,-73.22327733540232,0
-198.92883250920653,-20.138974727418734,0
-143.47437947116663,-14.45192289195635,1
231.15948349168218,-29.14826769024902,1
-306.38077048526816,-14.743233743041365,0
-269.0429735532996,41.53507699559188,0
807.2326029033309,32.99900932189408,1
-306.38063617333876,-14.738873229340506,0
-131.04312952508667,59.66507758984023,0
-186.59748951979867,45.19423060404559,1
-300.6799410736495,48.084815307346304,0
71.0439277072179,-20.61749944441599,0
195.754792704745,-35.516984683876764,1
-286.06012329303934,-22.264267834517533,0
13.466183350585766,-11.700253695060645,0
-199.19226732117897,40.011301384168625,1
-289.85142664249435,13.80882791009045,1
-119.24700182226525,40.04443400385078,1
-188.58973331000993,21.212384001362125,1
-230.84612793488037,9.04380687221225,1
290.84560602497277,110.6920268966869,0
-119.78337427083687,-22.827954389366504,0
-255.34558696386995,1.0678493631027521,0
-68.43999707234326,35.719094752241894,1
-263.10894345856275,28.540410889944884,0
195.754792704745,-35.516984683876764,0
-192.75342536052807,22.74795365529968,1
218.42682515116212,-73.73597419308979,0
-254.09383085223425,-18.743916076846467,0
-107.59662774321544,19.013924033544754,0
-196.17164264184623,24.873165869905876,1
-292.47380896597974,15.300267688057495,0
254.26258696845866,-9.908080872185685,1
192.46037831078218,-35.65709909152094,1
-236.69916399531365,-6.984520345316348,1
-256.8419375271717,10.3258277249585,0
-206.41667657638817,-0.0033599063261391393,1
-205.94722129421677,53.41442358037181,0
-306.38077048526816,-14.743233743041365,0
3.5210473224639145,-35.80492583349068,0
-166.40768986219706,13.04192035450339,1
-289.85142664249435,13.80882791009045,0
-239.36559545973603,26.50380416347643,0
-191.23630709347572,-5.106263808261268,1
378.17634111359087,-87.57101088011959,1
-264.6823698853641,-30.11501978941734,0
-200.9894940375711,11.800433486893759,1
-196.5129219314456,21.109363836410985,1
-287.72385014697727,2.284393397426385,0
-170.18210427000048,11.39129842228801,1
-176.7608860928433,-20.304490771960353,1
230.68457193976224,61.42549439309052,0
-207.56425477769858,-8.952343848702434,1
-129.4288551699342,-28.386012378286573,1
-160.90273533693346,-16.769050804204603,1
-201.76317646590502,12.606835377842728,0
345.35028948509216,-91.2125687985409,0
164.53747610845937,-56.406516956084324,1
525.5422200890994,23.22734303692395,0
90.74030711946295,6.829111771139061,1
194.17858330892022,96.82692472707069,0
-124.33755980311383,13.948727583190454,1
-9.636920126190716,-30.94044051312401,1
-234.79651142875804,6.968297459603292,0
54.71345075004774,62.37620071104397,1
-204.73364225914526,45.28723393286662,1
332.77577319741204,110.73182373888409,1
-161.58983846647226,26.114652737515488,1
-257.66214709922957,20.130802576584777,0
-209.13740172564417,15.906628689412969,1
12.3888574993656,-17.464612730536196,0
568.1797977766792,120.54736627288602,1
-157.38864503549416,69.37834255192432,0
-160.61421210498486,-0.46059938445824145,1
-196.47141481303174,24.105410988213194,1
1287.4742507806561,-22.692822672133254,1
-180.67290651568948,12.115090654346389,1
-151.09918194386717,-6.475919979301523,0
-289.3880014551482,47.24642909868054,0
21.26851710444862,48.94845620234406,0
44.57636584407953,-11.161799056296893,0
-64.12114494668356,-22.436805974904424,0
109.42877819872501,37.46666885019463,0
-201.96728275925705,17.763541950268774,0
-200.26959317239925,34.24694234869306,1
-338.69190693468005,-2.8031198812656726,0
-49.37382669008116,14.808308312572784,0
585.3783469284785,116.11786254730747,1
698.0400003202287,78.78983099894845,1
-183.119403884289,-17.971751642770236,1
418.41702963559476,131.82918118798045,0
-222.5024613322321,34.59123163658249,1
-87.53624794458733,-51.589296489357075,0
-48.378114405176234,-49.227457385591926,0
385.50019496957486,132.19856689394666,1
-141.77478691879747,4.793715211817926,1
459.4000751720514,113.7773073674779,0
-114.81041102461984,-43.20514764181046,1
239.12295398877825,-88.81980660423218,1
-363.71491319091115,15.082882550424053,0
-158.94574299709888,-36.05863653986254,0
704.9298423472824,57.993730702665694,1
-167.968558090228,58.03238865484579,1
-222.2953707979554,20.77111456610526,1
-152.0198187180942,-20.082811296029128,1
-69.04690679930832,39.493149004155015,1
-224.28699147223318,-11.573909326042006,0
-211.02375807467706,16.59261194229606,1
-227.32842501236263,32.67630130117023,0
-322.6496526737177,0.13745953994016702,0
-317.42325760339514,22.972249971205514,0
-219.5750987786227,-35.31685850304407,1
284.84829209120073,18.5299389139659,1
-193.2435842452988,-4.849062801146076,0
-274.334426831892,38.37155077994926,0
-215.03167968449407,78.12777465210827,0
-303.0391826520433,18.650776415769407,0
-188.87131105139963,-15.849057461044758,1
-304.939978894484,19.340213328196235,0
-227.12813908763593,7.686349746683248,1
187.68447323384453,46.995556280409,1
64.16528702468781,-16.84881446332539,0
113.04480646329307,-34.882929199377465,0
-194.79045006801238,19.9759984023824,0
-89.13896222332522,22.570041454892152,1
-211.02375807467706,16.59261194229606,1
-180.05602840456368,-9.69744045758602,1
31.561561575231053,5.590127232039961,0
392.78939276551364,141.26845453628775,0
-207.4719171847159,72.6142383343642,1
-93.95654947740763,9.505884581563343,1
-197.86579208057208,11.728045987350534,1
-130.50234308830335,-11.539424479307549,1
43.56501295248586,61.749823193220195,0
-325.5062415848395,47.504128966681066,0
-191.25121904153764,-5.118135673395621,1
226.20001689315268,-65.87476822550099,1
-303.0391826520433,18.650776415769407,0
-169.8743109144159,58.728595232326846,1
-204.7964912194101,42.05867977311291,1
-200.42122653645498,-2.20638572614822,1
-249.95097332072936,23.67592464816473,0
-161.82720033588163,-6.538065610746841,1
123.7514047420741,70.61591400475439,0
-100.95863230097609,45.87834931889942,1
242.86664865867397,-58.20787984318357,1
40.29772588441756,-2.669773930073731,1
-195.5884582467745,10.878379093273807,1
-122.02398485781589,-22.952450696835477,1
-187.92065459790064,35.83279876035944,1
-252.34071551982737,40.13358588590296,1
-177.8766981787188,-50.68864454942001,1
135.7742836951237,27.753407319285365,1
-199.86229360849882,11.92021046987847,0
-272.73578731496235,25.67405982960606,0
264.00083882987417,84.10651526630748,0
121.41904491378818,-52.980540424943364,1
-30.989513653971244,-73.3679694179742,1
214.4340461796878,1.2059312778941873,1
-201.56877609181117,13.10042721784334,1
-151.9117666099575,17.546800706567147,1
1329.5938971103396,-23.940373899081074,1
-240.80672632784177,51.54463189864576,0
-124.33782641770313,13.940071787869364,1
-128.03375700451437,-14.06957581233474,1
-277.9331082629481,57.76592984129424,1
-145.71290313705708,37.3605863805717,1
162.1197889473542,18.04014587203742,1
185.64541380409412,-22.38612330695512,1
-209.34449033170728,29.726826232173995,1
-130.6908155010537,34.731376978265935,0
-138.8403300612169,4.072541408479857,0
70.22203185132798,-34.04632228327865,1
-383.00746372003954,15.904567141100614,0
-160.34489592687328,-2.1295422361968264,1
-10.463131456949895,16.076273122275552,1
-321.6539144894306,-15.351753756414602,0
81.9432483953425,-32.591517739215426,1
-291.8739348720509,22.87272737442972,0
-83.45362491950624,23.818333376968248,1
-92.08831981123933,-82.29998538861184,1
334.8399247025874,113.49725336565487,1
-165.89357000163574,-13.706363893966632,0
-188.60533518572322,7.738251449810477,0
-172.48535476999808,30.1185659113372,1
-195.5884557738276,10.878459378911572,1
-125.66703642531712,-0.7666485493658968,0
74.4534989919938,-35.599696700795015,1
-206.86006849710606,15.056962002720788,1
-129.17112948215413,0.83794519928162,1
405.9228332539843,133.4485343448939,1
-244.25600249780706,33.41666752004967,0
-169.8593964934072,58.740547383099006,1
418.41702963559476,131.82918118798045,0
-147.0792210400586,30.624334800738346,1
2.694836401384123,11.21178766153735,1
-257.39645218217765,32.12842732813837,1
-127.57379493262687,-0.1031692108140021,0
86.3368689964924,-49.82721363480906,1
-272.73578484201545,25.674140115243823,0
559.5766772874244,-15.938448679920107,0
311.549808354604,-60.2926137497324,1
-297.9684484921878,26.67061920821885,0
-231.9718811145941,14.74871320605348,1
319.61793403658464,115.6004069407461,1
-171.5349744191269,2.009980573227587,1
-91.52820384578604,-79.01437956589777,0
-393.1173473287169,29.019481344509558,0
242.8690136723967,-2.761039413203193,1
-217.746905512201,30.00575285340462,0
-182.43048977972262,6.013893423966046,1
-206.38662748753597,0.027694834831208937,1
-141.89552284342324,-33.20180252989824,1
-172.10358518876876,-31.19005229952024,1
-284.4198705471086,46.13013763698854,0
-111.16480507285621,9.092096138608355,1
-212.8703646098524,17.25021805552324,1
-154.94776234344755,9.6432775030991,1
-147.0449238590245,19.17959198851038,1
-143.46905930536383,-8.355423248950288,1
-83.55533407413213,0.6398112545730683,1
-160.34489345392643,-2.1294619505590475,1
-240.80672632784177,51.54463189864576,0
-233.90093597998708,6.5108656353899335,0
-244.25405266335918,27.23073990688409,0
-255.95974829944294,24.974190222055178,0
-263.10894345856275,28.540410889944884,0
-78.89215214126295,24.66175336054471,1
-71.25720085179006,-2.157885962302963,1
-235.89819374931915,21.358505028886384,0
-154.94776234344755,9.6432775030991,1
-123.59957083032822,-30.07677741272787,1
-160.34489345392637,-2.129461950559076,1
-172.10358518876876,-31.19005229952024,0
-228.5236370328945,-4.727398698071688,1
-75.54894179729092,-66.80220863261445,1
10.421940386740971,-28.59638535747576,1
-71.25720085179006,-2.1578859623029487,1
-281.91310082495215,47.014897653802294,0
-147.0449238590245,19.17959198851038,1
-383.7564435618373,13.834521487111438,0
-201.55718351666133,30.531864747021725,0
-106.45666535895617,-10.807360178635186,1
-204.62055652343975,22.257633847475226,0
277.3942640364023,-24.90755869149195,1
-33.257675790508074,20.941985001150343,1
-77.85126400172044,-65.99207274440647,1
-98.4891025315282,46.784948272420095,1
-219.5750987786227,-35.31685850304407,1
-145.56556172930675,-62.62875841119574,1
313.706443215032,-100.69027642684978,1
-148.55347043731666,17.94420915890177,0
-222.6405962298764,-3.391746264040755,0
-251.8862352280347,-23.376744641268353,0
-74.37245615942868,-37.85476762327995,0
-52.22823583176523,8.990791558466533,0
-254.23155598088783,40.84174531926346,1
-187.73882996572814,-28.24226919774606,1
-185.9604851410017,6.225008470837636,1
-171.2965068945527,-3.038740707600553,1
-189.0387725687889,-2.0611745794809764,1
31.61034727327126,43.13601389298065,1
237.78277498582577,-77.57935480303865,1
-65.84509475414734,9.62866108964019,0
-232.74998047247794,9.739116943233519,0
-18.021601887876727,44.89698801934936,0
110.35356480475946,-44.25288344513029,1
-179.4170939975014,-19.36604510662999,0
-372.9226232894151,46.27366552384329,0
-71.25720085179006,-2.157885962302963,0
235.8717302342401,-54.05186816187699,1
-20.724233354946705,-1.1427306300385993,1
-85.33103853156484,41.92359506963865,1
-130.8640680823225,-7.422280000364616,1
201.81311154667048,-59.68569403424049,1
-163.45007440507908,18.35575715130649,0
-334.0891434526137,3.761376411936844,0
-248.55536025768828,13.137551290535477,1
-262.27530533001965,7.724523898710764,1
-296.16358507286026,46.09423582564535,0
316.12997569228,28.477784714271504,1
338.9322508669019,-101.64975823228013,1
-183.6114978352938,-7.620811774894165,0
242.16823099755356,-45.66779677619926,1
250.74651634020097,-54.264333285804305,1
-227.0153631852698,-6.428692469001518,0
-146.02371747050933,-21.520675409842603,1
-217.01875484503432,-5.444513460591082,1
-224.01548729203665,-42.65159444383415,1
-158.96087766494225,-36.07773913024774,0
-100.28091698959122,79.50011842047182,0
-198.4257603371409,-15.78823943651306,1
-145.86220669768858,-3.295167575513851,1
-204.40906075495764,-0.24955159691970863,1
-235.01040107947205,-29.60270593965962,0
-81.6129730203686,40.568576089888936,1
-101.05953073924809,0.9653780726294912,0
-229.644058281345,15.237100943653374,0
-77.36746146841881,-40.1617398869117,0
-106.45666535895617,-10.807360178635186,1
-175.661979317617,-20.757733502080264,1
-415.14312495427305,15.54365356192173,0
16.876565396187516,20.605293778092978,1
-95.35439624616532,-77.62724732136104,1
-156.23321834807524,26.06894060637847,0
-305.03211315651566,27.730473822882217,0
-189.02385814778012,-2.049222428708852,1
-201.03412122665162,11.768345441699758,1
-315.09972173837093,23.724648571730885,0
-331.9369792627376,32.873923872704935,0
-245.15823396433126,10.681815644555648,0
-160.83680112677774,-35.357709562470724,0
1.0073046011987117,56.04372826230615,0
-74.57436744388525,36.050066378411245,1
-138.73537726035795,-4.497096628992793,1
-276.22993596642095,42.385075385792774,0
14.305120542190593,32.99062887685017,1
-256.3162007233825,29.774777478802918,0
-222.50245885928518,34.59131192222026,1
-222.8584358249464,30.822628244482214,1
-193.82551864971134,28.44226490360964,1
-193.31200047956816,-44.97449198603555,0
189.504273472592,-55.380403035170936,1
-217.00354753437523,-5.423052479596677,1
-234.64124960465415,-1.2517550654088154,0
-118.61577471511936,-2.04792749728243,1
-30.20711890869336,52.47993441203025,0
-50.95217085492095,-99.94507080297646,1
12.024811941293478,-15.52421658943883,1
-74.11252293731036,-44.53806421655735,1
-201.96728275925705,17.763541950268774,0
-164.20119491139843,9.188423188503023,1
244.3174476865354,-34.01275189574131,1
-41.30955940785418,48.116543208881694,1
1.738842163755976,-119.3715945589372,1
-168.5723369878001,-7.254905131198633,1
247.22217468950726,46.796916724646735,1
-180.14781920881927,-29.53351892747306,0
-51.54155899265072,5.850802445001378,1
204.66028460857376,-11.222869596940207,1
178.15663787563892,-31.108781614811384,0
-182.95050199608653,40.924174687101086,0
-266.10020311222127,43.63629786794513,0
20.54121540567121,33.42845819788295,1
210.40644101174223,-65.28154628978868,1
-85.33103853156484,41.92359506963865,1
-74.37245615942868,-37.85476762327995,1
-221.49816428691565,39.93057649281195,1
58.76060834771715,-140.41606446818506,1
320.47289768637677,-93.7853760822384,1
6.098977927365013,-120.98009758565675,1
-219.51827337605692,-32.29574755225294,0
-279.27542511520664,13.434817924421225,0
-51.15017443339684,14.779030553323615,1
226.21167144515016,-68.72530752316865,1
31.610347273271373,43.136013892980536,1
54.89874445520036,-139.10492413457126,1
497.752900921706,22.59216897682786,1
63.921483722683206,31.195900031204857,1
-14.773166639849137,-41.667394417672234,1
164.17201542701355,-179.25966832026398,0
-10.965023129540441,-114.82176899028738,0
-174.3036839734861,52.18403014016002,1
348.88216062669994,-42.579126881021004,1
48.03645938323814,44.7345385993916,1
62.99702013485364,41.426884741160535,1
-315.4554510367839,33.06980772083331,0
-205.21645488627695,29.359414417661878,0
-291.8593542988756,22.873840964104136,0
-247.8544697726482,52.64912495435465,0
-122.4403176516642,-9.788665396811048,0
508.5417795163771,60.60767568851068,1
8.786615440130504,-27.176706605728477,0
-126.38746782493752,6.085551672987876,1
375.88192090315624,-80.6167451409498,1
484.58014874549895,27.448799546296563,1
-72.15828322028858,37.06696342597784,1
527.2030258267803,1.8462981958989815,1
-291.8593542988756,22.873840964104136,0
-230.89078534970446,43.40115619581363,1
494.74635331749346,17.339049028072417,1
-232.43484866908847,-18.699384975202328,0
126.94944498901134,91.02257417070538,0
-210.1407390113361,21.898673665035226,0
-255.29041263689578,52.47222891052271,1
-221.69341581126707,28.14137708347327,1
-371.09156970316076,42.49530912709741,0
-289.43829428145176,20.609230359407313,0
-86.63624105891358,12.06786788632494,1
280.2107084597375,-58.174910404356915,1
-235.78589915245976,1.4743225195798217,1
216.86302600264378,-198.68619123914527,0
235.8717302342402,-54.05186816187699,1
374.95745401431736,-70.38575929994451,1
-193.79860459482785,-3.3324407546372896,0
388.2857206969841,-100.70187249097444,1
-199.69738822858898,12.400736569432532,1
-393.1173473287169,29.019481344509558,0
-93.92719418667946,7.067225453950513,1
-32.9844855040634,30.163275281462244,1
204.75406546175554,47.520468702841285,1
-158.12375119336212,-7.895372484860658,1
-141.1207790044313,-13.785691116545486,1
85.10611467547778,-150.12932628394998,1
-206.40430018036898,32.003705366186594,1
-210.17709326208075,65.94307850551158,0
19.271731554134362,-125.8367286521424,1
407.129845030453,-64.10147101400767,1
-2.2507796562885005,-19.58079310691732,1
-291.8742687198844,22.86188881333202,0
-101.05953073924809,0.965378072629477,0
-202.1382881585609,14.618851369982082,0
-14.290872705591937,-5.787210284377878,1
-158.90379236965117,18.566056344208484,0
519.4396486786709,29.31842563889471,1
-99.39018611683878,-19.039242190674777,1
-135.39563087734524,13.075625820278049,0
-250.8035384345054,47.53328152259648,0
50.962354246273094,-137.6759995016923,1
-207.5639881631093,-8.943688053381344,1
476.29698777118824,48.411225606303496,1
-296.9151470368062,46.68466444996855,0
-144.02213417520846,-2.5609260804694074,1
298.61790814046583,-81.94354957282718,1
-250.8035384345054,47.53328152259648,0
-163.1752045317345,4.517833861411113,1
-276.22993596642095,42.385075385792774,0
-193.10684876372682,-4.296447092675869,0
217.9268196481064,42.66383744462202,1
111.48100410306279,-159.83314514498,1
275.2143298265237,-34.003629978923975,1
198.8978906169625,109.05407294307307,0
-305.41355004923184,-5.1930920123392,0
-81.85691900198049,117.7882053240653,1
-202.66428993617797,39.29534919395476,1
366.22730543483385,-85.60378724621563,1
-211.3689865848042,-7.570328966103226,0
-188.81994807393573,-15.893247733658818,1
22.35943371893711,-25.1945368379753,0
-131.72852772817185,11.491216356396308,0
-44.649730883242114,-4.7606547128938885,1
231.1594834916823,-29.148267690248993,1
371.57069116675666,-59.4500672772681,1
-204.37845840879896,-0.11786439061339848,0
-110.38774090768794,3.096688999014802,1
300.5730042298836,-92.87035675055057,0
-162.47709783996186,-25.55957645153854,1
-260.8798073847609,20.138272343465673,0
-65.02008131536058,44.749366364314675,1
41.581030649274,-1.7657771129190465,1
484.6369741480646,30.469910497087668,1
-178.31332966119902,24.264087881211413,1
370.7676372381146,-55.728257803014266,1
-178.29791713251046,-1.6634339418618538,1
-141.55548577637637,80.0271863884952,0
187.43346760508575,-70.85125348058426,0
162.66229043721876,-70.41468922663714,0
-225.43408014991718,20.82849770451736,1
131.55665849479453,-21.233532597993282,1
-247.94936983535882,26.431715289435754,1
335.3885606057934,-86.45171347338135,1
-141.789919113694,4.774692907070502,1
-331.9755558869334,29.950609870122083,0
-195.62130809328067,17.903471156164002,1
111.17216386333826,41.62732524751135,1
-245.9219921582129,40.277510993115065,1
-59.25963427235507,37.419485568035725,0
189.77914383994562,-69.21832649433239,1
383.11553698872103,-113.45861129940738,0
-249.54432994978004,13.193822461100233,0
-190.9081068573201,19.08115845394996,1
-198.43365499282731,1.4931343664922565,1
-168.89565533960348,-13.856930283275723,1
-226.3065667918538,18.35674317476773,0
172.77159773803703,-83.547904280723,0
207.1825501420352,88.10176876563051,0
218.85215831776316,-45.24242997353392,1
-216.88303023228855,32.56531426596183,1
-81.18894892827063,-27.824393275722578,1
227.21429863162984,-22.470438841200256,1
43.23972317332891,28.894709916265622,1
-155.37555814973177,7.92561080542297,1
215.02496306370824,-76.02279198754064,1
209.57115313415602,-90.81186013493573,0
-215.09604696603157,8.522751907662268,1
187.95479328700128,-92.69537002291571,0
213.05678948836885,-29.0510815875216,1
-183.68873012353737,-16.447351827234904,0
-130.2305877738857,23.906126234541766,0
-283.0054057029195,41.23648900526811,0
330.02139776832405,-50.558539164648245,1
39.57174400888675,53.71333178367455,0
-246.93191542258222,43.6383993511578,1
236.57464684132708,-37.673011958247265,1
-302.7573592626825,57.22589257210735,0
-171.94411392537324,-22.11920903205003,1
-157.45884645373496,60.55447705182,0
278.6029891597477,61.72279322790981,1
389.2013012970709,86.74018675598009,0
-283.0054057029195,41.23648900526811,1
-214.4878426514005,13.012998816660897,0
124.65375701747814,-164.68977596738645,1
-104.46449096247204,-55.698110626408926,0
-158.49707861245895,11.049101018811271,1
-19.696121327793207,40.28644399888272,1
-148.7559998221135,-0.05149767434578223,1
-179.62110474816956,43.5099081854285,1
355.2191962501181,-43.00308719890682,0
54.429853959171965,-138.79811789576283,1
-266.5106477653189,48.32591807887505,0
61.01336180966587,161.09550063646824,1
-248.8232293167589,44.331275312796095,1
-166.43773647810224,13.010945898983778,1
-124.80218392814947,-99.65871657317658,0
87.56322987439285,4.23113897277576,1
177.8689019227519,-72.54488363454723,1
262.34809534333453,-40.153898409088576,0
-153.90578468154467,-19.384153951655044,1
-220.067212117186,12.072890563291821,1
-195.15268193186938,27.81604343869414,1
-291.8742687198844,22.86188881333202,0
-247.8544697726482,52.64912495435465,0
214.96828495604314,-79.03912092503259,0
-208.54303869069554,14.623997387120525,1
-225.66839450025054,20.105297775926346,1
185.76539391399524,-51.17450240857372,1
134.35017816022992,-45.87448693011772,1
285.32371026262786,-47.13449188194961,1
-222.42403104404315,55.52984712249008,0
317.39432026872805,23.299208292539248,1
-148.47718636193747,71.27237991680212,0
-90.67892176438636,50.229501187927404,0
-119.56321912092403,-24.97858786439931,0
-90.67892176438636,50.229501187927404,0
190.47840234060925,-9.294208047919994,1
-182.11032376768196,-12.009456708018782,1
198.89789061696194,109.05407294307327,0
-209.73273943941211,31.619751284301415,1
-135.59815854193164,-4.920081602378026,1
29.708380788405634,141.5513604747152,0
241.26886285682576,-42.27912922632333,1
32.19788953526211,10.434904541099769,0
-182.46346538596134,13.034886739140887,1
-144.35962959532486,14.744424715040587,1
278.6029891597477,61.72279322790981,1
-136.7080278591481,-7.550227551556759,1
230.14390015508798,-46.487824806975986,0
-215.48889967211488,44.934669770887425,1
-330.00873840229764,9.124145360080512,0
-57.66828121928967,41.33666963856911,0
275.1575044239579,-37.024740929715044,1
-166.2609466764426,7.787805439627803,1
-153.22096995705726,13.568426423949894,0
-115.45636746313824,-25.37168181766284,1
98.30825112508376,-154.97651430079424,1
229.28910651758224,-28.45539918259275,1
205.69419406036275,-40.37794574661054,1
-162.09935443063063,76.60847454939699,0
-221.47837022214657,5.560534033786631,0
-21.22745232906857,47.932316913753034,1
-221.71579852196908,19.480549446539854,1
-161.63401435311988,-2.71229564504052,1
-112.95312713422902,-27.51691253943134,1
-268.3310233758799,20.19206191799198,1
-317.39006457249786,-7.100868815852429,0
-164.417181037921,-10.199322433143372,1
-164.06288457697622,-0.7720851782158817,1
-223.06376895411358,-20.903178990447877,1
-203.4272610947504,37.16336247151753,1
69.50535948100742,48.04781685023828,0
-1.8545862300404679,30.92228784390769,1
22.31220289699195,38.646987917182514,1
-123.45767167549945,-17.65745373829197,1
253.28928703610245,-78.9374774249903,1
-11.632418296210972,36.48091686577962,0
-202.73434796804077,11.663501764853542,0
-174.2341111412776,42.67642726923572,0
-130.18421274545454,-4.224257626236053,1
-272.50012904399335,37.64103022729145,0
61.27077958250743,22.685169327190053,1
-283.4171805350749,47.54990548980295,1
-247.54445359672883,35.824159915032965,1
-9.665990210147697,21.465894636080556,0
31.017514935180202,33.23053012693416,1
-173.10236815982012,-2.143506785002586,1
-117.02636971994184,-9.092842152284128,1
-0.8031317978882271,27.96270807014611,0
-209.43991375175017,-8.223657756881067,1
-155.76880812491146,-5.717339876516284,1
-188.08007888625275,6.2184134715585415,1
-205.36509045600405,37.87512214857036,0
45.34420195395967,8.420958682167644,1
-142.8473822973615,40.96902836526431,0
-202.73434796804077,11.663501764853542,0
-113.67220865012189,-21.230366664374195,1
-272.5897201066209,46.336774268566074,1
-212.78952759049173,-22.666947639697447,0
-289.04800744231886,21.866330861203238,0
-308.0628723734939,10.703075138773954,0
-198.04488866816536,11.25904727178748,1
56.720956042069474,106.18452310045998,1
-129.13741261283013,17.42678610223485,1
87.34037958841407,-20.818778313856605,0
-199.02684422443298,11.511154627464904,0
-1.7131505769489195,51.861649129298534,0
143.4076054558791,45.459160037773515,0
-167.3416483031512,30.452953446401345,1
-166.47865549882783,10.03399167541157,1
-112.08179764053386,-10.045459714291447,1
-301.9558835278688,38.69418921075065,0
-158.7911819402217,15.168082617646654,1
-34.17159307612644,47.45523756591877,1
44.608734553582394,6.701477484674001,0
41.00512433673157,17.03489076937273,1
-33.42384984732098,0.26520163789383133,1
241.50836038433158,-57.312919375251035,1
-175.15865305870273,52.904781713339105,0
-270.86841674365434,50.80553487766054,0
2.171134543689732,-35.916984719988996,1
-171.94411392537324,-22.11920903205003,0
-133.01613448955123,41.75122509449017,1
-151.1356446539728,-6.070095125382522,1
-45.36409223102817,-55.3516278193699,0
-204.2879033989293,43.63497515262655,0
-146.14693702569878,18.53109876921866,0
-268.19987358024355,29.554281808927065,0
112.90954588531713,6.1813934695053305,1
348.6428056176602,-95.87270187014738,0
265.19402423244355,-70.19221412128991,1
-137.9628889527823,-10.926726902642649,1
-105.31243567352305,-0.7235123156829317,1
-189.2635389733788,44.0121894154515,1
-185.75606347626427,-7.602407742800608,1
-174.9222352105188,1.3498287227202894,1
-328.5072912148995,64.19343827094521,1
-208.40635056562746,13.728686154026548,0
-231.85478818788317,20.754512138673093,1
-232.1732649492124,57.32613185652015,1
-328.4714257982209,19.17848207181286,0
-149.2697729750313,64.09473988364661,0
92.76971502600315,30.136164131065566,1
173.7278793783181,-49.029683645606234,1
-263.59755740691253,12.501629291891305,0
-283.7466854439039,56.951064598786544,1
-239.02987367129504,24.962337324654968,0
12.128784517265785,7.9252582488243775,1
-257.710445092939,45.941048117510284,0
-5.5897028979088645,-19.27975956788999,1
170.54654937293424,-17.13889002988116,1
-141.92382644155157,21.235574749584075,1
-275.10989597438135,48.25099542049019,0
-242.29107878609756,6.770966496546286,0
52.62866382551658,-23.468934103685193,1
-257.710445092939,45.941048117510284,1
-173.6325309127779,24.81221937237346,1
-228.86647189324452,24.519131819070267,0
-196.47129104203862,24.109429284383097,1
44.83511328355462,-10.421476076745357,0
-162.47415783786903,-25.59752500610984,1
-177.0196758519519,12.019556367609894,1
-138.6609694322492,15.731796898382207,0
-298.13451239514677,37.6313958213663,0
-244.74072598375085,73.04228584921043,0
-141.789919113694,4.774692907070502,1
194.9734268866306,-82.35480308841278,1
-162.70453920524767,11.67494937242516,1
-275.5609936830685,13.872530840864478,0
-222.5024613322321,34.59123163658249,1
172.6426773291439,62.26119058610875,0
188.3660877353517,-46.84890092449407,0
-222.34402331179314,84.21589973855659,0
-179.59558066446914,17.87944968982194,1
215.5037472307805,-22.36902919109523,0
-324.50578652168065,41.49173724493299,0
30.80528369533863,-39.98738095694697,0
67.27030888271418,-1.6967190138134498,1
-218.16632925977984,11.386265655327662,1
-374.09602586438825,40.24668262079754,0
331.3434954585605,-29.464553821569275,1
336.8185730509034,-127.89911741631224,0
45.34420195395967,8.420958682167644,1
-172.66500580631623,-12.455202217470806,1
-28.72906062786501,56.63332814860674,1
180.36780269199073,-33.76721409893435,1
-220.361371665759,37.482868502177496,0
223.67669518376113,-55.18124535526271,1
-242.59514605524362,81.34386245200955,0
-283.64525116651504,59.77707622761629,1
162.66282768493602,-70.39724717183361,0
-77.23351449399405,58.094921253996105,1
-205.69818062543152,-9.611775617416889,1
-179.59558066446914,17.87944968982194,1
-125.50668863456929,19.620681345145336,1
-166.46374107781912,10.045943826183702,1
-431.62766582595987,71.14214851430347,0
-325.46440979524584,91.1646140498416,0
-253.75242462628177,34.063814017374256,1
-215.51776966001705,21.60361438286001,0
-179.63649721224783,14.902575751887483,1
354.2910873881259,-51.15639460051789,1
199.62452680672766,-10.446574345858757,0
-315.2980764231768,10.300954271513767,0
-173.09203315826386,-5.299234293528151,1
141.71337983702074,-48.94613065096829,1
14.632551497875852,17.742332238562867,1
-255.6302982930642,22.830589021094827,0
227.28456333604242,-94.29491695018845,1
136.31624744087844,-60.71886966410998,1
-331.4564911974104,19.675092735102915,0
-294.4139346438242,8.996274210759687,0
136.87636784001597,-73.78809789151128,0
162.66229043721876,-70.41468922663714,1
-192.21654049380362,73.17173257640869,0
-172.78750958289078,1.3755272667898453,1
-198.68000707498737,9.449386564320633,1
364.15985773999967,-84.7664675254951,1
155.54087625775082,-37.495715999586544,0
-208.97297845050872,42.16423910104065,1
57.122034111539506,-49.689662428429465,0
154.30746904778232,-52.482726796857584,0
162.60561232955365,-73.43101816412917,0
-189.67379572574606,-9.64174621478191,1
-234.32723468616012,57.50076544836803,0
-30.48099031475158,22.57991488356587,1
327.41883679156285,-34.50915303601551,1
-158.5667773093594,10.979838549256286,1
-194.86860107753165,28.476075061437175,1
6.836752022091218,-23.966967560520438,0
304.65948992914696,-52.65710080883181,0
118.03107542148314,-66.88372485163873,0
196.629434734931,-12.75642245550484,1
358.39772413732226,-54.600396304679556,1
276.0393684843606,-60.789348347141534,1
193.79196664205017,-86.87813124809134,1
-208.97297845050872,42.16423910104065,1
-192.21654049380362,73.17173257640869,0
-209.17126662510475,79.35926762362797,0
177.58270153223907,-23.971145172722593,0
-286.70502488493565,16.763116556885997,1
141.71337983702074,-48.94613065096829,1
-183.54539238789243,-8.432347024539432,1
-254.32408000811353,60.981173820613286,1
174.58760946044242,-26.28099328236869,1
-197.66713405984518,43.662111368178394,0
211.78590661522287,-55.78906027687069,1
321.22519276020034,-65.87006234432695,1
194.9734268866306,-82.35480308841278,1
182.10382555267586,-29.047782505425808,1
-275.0589709895316,30.945179221855355,0
179.53812458578125,-76.64065052502838,1
117.53107898228768,-56.7526476179903,0
200.10126162925167,-84.27594426803077,1
-265.195880307268,28.704897828972378,1
-197.80271490715796,11.725287068885798,1
-234.78644615776483,21.560256578332798,1
185.76539391399524,-51.17450240857372,0
345.8404895071369,-59.79963555773393,1
-246.62292047707336,3.660572704291475,1
144.36233024075466,-76.5873979831303,0
196.73979104431294,-82.18764717506934,0
184.68806806277496,-56.93886144404933,1
193.79196664205017,-86.87813124809134,1
-184.88245788192438,20.717005724226475,0
-327.6749617280765,18.33006115351059,0
221.81540992200394,-67.3205168969466,1
194.91674877896548,-85.37113202590481,0
55.33216507107966,-48.747593379021986,0
296.7083058155423,-82.70431317261486,0
-207.1173519298871,23.08691027841464,1
178.40912437496172,-59.44049622415461,1
211.78590661522287,-55.78906027687069,1
235.9478338501997,-65.52094629987653,1
167.70291646330406,-62.42799750049098,1
361.6923453499744,-57.32644992551017,1
-166.4377364781023,13.010945898983806,1
36.5012685474037,-27.37389172118204,0
-212.41400355368347,61.135926706711274,1
-209.15657492387754,79.36398904914927,0
219.8240126015645,-45.540676536210206,1
184.68806806277496,-56.93886144404933,1
56.555833376754094,-16.39858289941548,1
72.94124110734947,-50.22988653216573,0
149.48953759040114,-65.55805842739227,1
141.71337983702074,-48.94613065096829,1
301.2837243375908,-56.22452617407334,1
310.6440724068839,-71.42709924301263,1
-307.8877161131359,25.778889983363634,0
-23.59476378651243,26.96794830095531,0
-183.65106975827536,44.21169985631725,0
38.999613335015624,8.75750374480392,1
-215.19603943890831,-23.740682580716175,0
-177.25388709934168,67.57235820897905,0
-166.43773647810224,13.010945898983778,1
-208.97297845050872,42.16423910104065,1
168.0027446347699,-61.65827911983279,0
-89.76669422497179,-42.548575823813316,1
158.34202506643476,-47.24304188152215,1
158.34202506643476,-47.24304188152215,1
168.01268060880932,-47.07453517905919,1
159.41935091765504,-41.478682846046574,1
144.37711841782334,-76.57954441416587,0
-115.54364008113254,78.85156514598332,0
-92.67986015133317,30.358901196552313,0
194.98937970439124,-95.27998820000084,0
-275.9171248575073,63.38755936574622,0
392.12800570936383,-32.519128056860886,1
375.91842105338185,-35.99918665875365,1
49.62851836087498,-35.22729034063841,0
-142.71109723177466,19.760566501793207,0
323.2871954846911,-79.52500338803705,1
-180.1039415543185,36.4968051574086,0
-171.72461741406414,15.848422074526034,0
-224.22620331235987,49.92033308217187,1
-52.6395538696961,-19.34723673043265,0
-244.74072598375085,73.04228584921043,0
87.76372776490939,-3.5910332896381405,1
40.96737403935617,-25.989230573873833,1
-38.716063411023924,23.787403413682085,1
-13.527000470851476,39.808243639971934,1
-272.4169945564791,52.748459921115476,0
-212.50452232963238,-1.9118610565714675,0
-200.0067643869803,-25.92300876199804,0
-220.09714628028638,48.36638720164543,0
42.85573559807881,42.42163570062324,0
-161.18712420014054,-16.16960338440709,1
-220.50674031172093,48.477632200502256,0
-197.00260467026163,-61.36881684416242,0
199.1890975695727,-75.10539173174541,1
-323.039225837235,-23.694022227281103,0
-156.6933513459719,4.5110150142614245,1
24.122938578599246,84.08025615019996,0
-203.71808522041493,45.012285033892574,0
-99.44177566126751,-28.598685522321468,1
-245.8952844845278,14.605186100146234,1
-287.68604185293754,2.977048733103558,1
56.79256434531169,59.81367193239282,1
-194.30025477862404,24.173475221495067,1
-297.2032005035261,101.09195518439634,0
269.2850169277217,-67.54559819526526,1
-295.946558411851,16.64902197452833,0
-160.89488829308527,19.425680149329438,0
159.78433944180642,-37.53064238394665,0
123.43247338955075,73.10198321441402,1
252.40911013634343,-61.32199528748321,1
-184.871912286902,6.409565785696785,1
-275.55756003895533,12.073342502722305,1
-196.92565231992705,-17.583574583681845,0
76.43404317369823,0.6115692307140179,1
-217.90755950454957,20.5227648855062,1
-93.2719494838193,-17.28728213167259,0
-339.13457385214247,22.032410412412965,0
-174.05273003198977,24.29426423453731,0
-248.03614276097068,28.633639626179722,1
70.31425569040539,6.507131556237269,1
-250.0855403455759,43.68374959987672,0
-221.46849296053352,-6.108387165752156,0
-222.19128483761972,64.74988191989688,1
-248.0053723444152,28.68811268430141,0
-214.11797804053998,-17.952443585859136,0
-339.50384447594934,18.16290251273307,0
272.1544128608841,-82.23684463886195,0
28.07631135918473,-3.1831451666161925,1
-162.025200830173,30.405784879395135,0
-267.37315649816475,48.66291501176681,0
-246.15440476453375,27.93459611985274,1
332.9558411549983,-100.4384887067086,1
35.60799286165752,5.26215144063859,0
-178.18464301428838,-10.397211391634563,1
-184.871912286902,6.409565785696785,1
-146.14693702569878,18.53109876921866,0
129.13453446203528,50.367336350962816,1
-147.87381401568837,-12.059949182952614,0
-282.47317786640576,68.75640008377349,0
232.75922306568395,30.3241447721899,1
-298.21725645820146,-5.866331353412114,0
245.5197031429143,38.997681759793984,1
-3.9357918017263955,-32.04154635773313,0
-176.70964922953686,-6.262275210559999,0
-10.186274376815163,40.16339022609969,1
-1.8545862300404679,30.92228784390769,1
337.73963839333794,23.726949545646328,1
-139.1237982137382,3.2559302406677446,1
-229.18337478582254,33.782607023474625,0
-310.4983595511052,30.310766778686045,0
362.34528324320024,5.936980426793461,0
-242.99966230404198,54.150651136092115,0
-109.7888035105367,27.386783389342888,1
-271.1640740441345,6.8984804256409475,0
22.789859742579438,87.8018407704428,1
101.71991952513895,-12.421585002038164,1
-138.7353772603579,-4.497096628992821,0
47.16245761875223,19.243849997427176,0
108.27343659840972,-42.3299651080489,1
-150.71174301484382,19.50419176002238,0
-215.57723245154773,-1.7230845962137664,0
-13.961100233498314,32.8271937286807,1
-76.03822109802496,-71.1890642898687,0
-191.1023993786452,27.10556712478572,0
-186.38057294007132,27.204513936614397,0
46.74212164328287,-11.076694470628262,0
-278.0485651041485,76.6807011049865,1
-71.74929197470686,-56.86686773758732,0
-158.49780510533742,21.52933328098044,0
-232.07994500413338,20.202841581687466,1
-168.3455182668646,-3.751505973056865,1
-92.8954993418032,-13.37321554637142,1
-169.20580008049336,-11.103977938538442,1
-233.63832488343502,50.659099575361566,0
-10.866273979976086,0.34575652607757945,1
-87.33313179197575,-14.999410648752637,1
-30.133888800422483,41.515899658341404,0
-239.67469866415576,68.83124220510473,1
-0.7772603788201877,36.68664687938323,1
-79.00898027600482,-32.98272654258485,1
151.6838397755762,42.07027325118612,1
-127.97573716774485,13.167307098888521,1
-275.00068019029277,65.98890906996108,0
-121.35481515096001,-21.09188325154434,1
-223.12527209133066,12.878879692882336,1
-218.90719771001739,15.345908436398439,1
388.9484303008468,-107.30358586153471,0
-139.9648038499783,-10.694581376262356,1
-194.06691098547054,21.960788703602276,0
95.06483807924246,-4.469872229888168,1
96.32278878580837,-24.194324582865725,1
-93.30556992519143,22.64854023766521,0
-28.741374608207707,33.25513666578685,1
39.021963029411154,69.64902907050563,1
-321.9767479213533,83.3310150088565,0
-179.54051200568506,12.16068007684278,0
-23.3558978454854,47.8784153471322,1
13.418169254644909,17.296143734274843,1
1653.8382908537405,105.76824735538426,1
-165.02607816864196,11.496126589396603,0
41.00512433673157,17.03489076937273,0
904.6716550297695,18.240626057199293,0
223.83583590951548,-81.12470354699192,0
205.11514044454555,-50.719557639919536,0
205.11514044454555,-50.719557639919536,0
214.47548817934717,-65.92213059424947,0
214.47548817934705,-65.92213059424941,0
233.19618363538177,-96.32727649826018,0
214.47548817934705,-65.92213059424941,0
-141.93158605828637,-46.9225045858688,0
-234.39237920502666,17.035887386361644,1
-158.67926508230403,19.54662036020244,1
4.894739207750831,34.621463521897155,1
0.34673596236689264,22.289530264146556,1
150.4516858452455,-8.7787711049982,1
-312.065245840819,-11.77425602421473,0
14.95838839910516,12.914022275689398,1
-145.32483251172243,16.67985309268012,1
-111.62830830751949,-3.4736497130394,1
13.012580931964408,79.70692771649026,1
-161.03165527730283,-7.191365261282257,1
97.4726580552815,-29.867502905979883,0
-70.43724292694287,-55.80398411905677,1
-65.10550145804092,62.14937591199124,1
-147.48548923306515,-24.75761472901828,1
-81.92889107769844,59.777615049258934,0
-57.6879385608828,29.962817174093722,0
-173.71455117556394,-3.9523480176696424,0
-42.56955174822906,56.395835078518864,1
41.8387604115627,13.334662660249748,1
-237.7487281146906,24.96433022988418,0
-70.84590764466202,34.82730305471539,1
-170.3927520268822,7.987028099573266,0
-125.93184773486962,-2.959531601341922,1
25.07498252247524,23.13601140259166,1
-106.45666535895617,-10.807360178635186,1
-263.08754576418596,37.48709704976172,1
-260.09117127837186,22.433883268004443,0
-199.59438232240973,29.927989426881787,1
-10.19792892881253,43.013929523767395,1
-308.8189078944677,78.4624315102505,0
-158.59385270406034,13.907193488499978,1
-211.01114007871382,22.541847729218745,1
-148.00351928349033,42.63132588626985,0
-253.0890697006506,23.993041284091213,0
-152.07545163307338,-28.883959208078828,0
-3.643176137742671,31.707916466923905,1
-185.3860562252096,19.35622772150743,0
-111.74644415633725,-46.31173872815919,0
-346.4981224241476,55.97010741708264,1
87.34037958841395,-20.81877831385659,0
70.06946407306066,40.7792372435764,1
77.42111797562563,-36.19951266968241,0
77.42111797562586,-36.19951266968247,0
-198.04936482067268,19.79590739893905,0
268.91209270303216,-71.5472341150384,1
-302.71068498198895,24.02653435483104,0
-190.37566367274803,5.903394676647139,1
-256.5047998970476,29.23155013935447,1
-211.6100308811079,64.48359838083861,1
-191.53599085133425,31.93588937573644,1
-239.51670680332586,92.72198670130823,0
284.3477736738779,-77.24909294014068,0
-315.3345352970898,59.336806419463244,1
108.2734365984096,-42.3299651080489,1
160.84570469242408,64.01785739563475,1
-106.45666535895617,-10.807360178635186,1
53.72147584602703,19.417457462687047,1
-189.86749089963303,-1.3936911489284611,0
-145.3250527585571,16.67270265306705,0
-51.15017443339684,14.779030553323615,1
90.24262603006525,55.26992182650402,0
65.44495343160236,8.019959654171423,0
-178.0782430935124,-9.967617011042712,1
101.71991952513895,-12.421585002038178,1
-158.49780510533742,21.52933328098044,0
-143.73309598631613,5.0786587634179625,1
57.5037659534255,-30.886624091345702,0
-127.81761418768656,-9.597871108964874,0
-71.24222924388391,-2.144077206157597,0
-166.54698261065352,-10.346469648372427,1
-111.62830830751949,-3.4736497130394,1
-27.58567388367885,18.876800848656757,1
-81.36478490118736,9.276947206097951,0
-46.14442591403281,17.623541224301306,1
-193.5322014031999,9.010354994821768,1
-113.62652560070461,5.673552872940419,1
-79.04846955408368,-35.95171575570887,0
70.67705711383735,-35.72581320099655,1
36.004921053619796,35.159918382561486,0
-51.15017443339684,14.779030553323615,0
-124.41090746291161,9.757335590478228,0
75.84424589909099,-127.22402563485556,0
6.7671846513470655,33.73615578690315,1
-200.16226137613597,43.060774562772764,0
-55.04781149046562,10.737741656387449,1
-230.0573654790939,11.343435209462953,0
-226.90654163552023,14.232488228888279,1
-159.4423709262769,-59.754515439948456,1
-42.56955174822906,56.395835078518864,1
-179.43097534493643,-19.344457932227535,1
-313.9829841964611,28.18288254121049,0
-64.84142504215447,1.9190075104523672,1
-126.24339466623337,64.48990842123976,0
-186.05361496546328,41.081934660040154,1
-320.0907794849559,82.63243795012012,0
-157.23491035678597,3.1184440379417424,0
-13.961100233498314,32.8271937286807,0
-205.5593940137793,31.28803563237839,0
-166.25822001509283,-24.20108958225027,1
-233.40169642027104,48.47173695741785,1
-5.493051996652071,1.0237078861074167,1
-5.050395512707041,10.516790935412402,1
174.5117182658263,51.852187806456826,1
-267.4442851230019,63.17728782070071,0
-24.32903244673048,-9.73761378612226,0
0.7540083976065262,14.897885380855044,1
-52.01593710304587,27.897633175441722,1
-194.36135652287027,-7.717548540659465,0
-171.83710714231455,24.415204555433274,0
-154.9866120050067,-28.37967172410523,1
-100.0008757224723,12.216931823111544,0
-197.97132185842975,36.135001503687974,0
-255.28712681583613,35.1312417952837,0
-36.04785851084171,21.88904438191583,1
-18.48323284066987,29.219199547717782,1
-177.04267580041403,29.218478299958484,0
192.76610248782617,58.00045806028187,1
-166.44818519713442,32.820872792909064,0
-234.3683191558638,13.6295303738085,1
-282.5239585404684,3.514124275247596,0
-126.78436683024825,10.542136783622105,0
-71.24222924388391,-2.144077206157597,1
-167.55429075864345,-13.156362174274385,1
5.793634307491743,-40.59622840754606,1
-236.79877136220142,27.841394302660817,0
359.755918627744,148.75929920306226,1
1421.957789613678,26.826282998281773,1
-34.51094247357173,43.635720009994564,1
-30.65543883375858,13.337601284717472,1
-98.22121286441785,38.80089048418245,1
-159.9211296423914,33.471592457406985,0
224.219206659811,-24.78028698510257,1
-70.43422283604872,-42.067404298057376,0
-112.00263028696395,-12.91382364219988,0
207.8341515346657,-14.208585392573973,1
150.67242937032006,-39.082598083000924,0
-162.55514119637388,-25.570419230618775,1
142.76945946584078,8.93673850462465,0
-161.54626616405403,13.266974246568402,0
-132.15208022546796,11.823222485505127,0
-228.98782579101436,37.002837180494126,0
-282.8303168261431,96.98916999939553,0
3.692023602618292,-6.082794735180492,1
-194.13475931086407,36.08448618610885,0
-71.67521856054515,-9.635595561848056,0
-46.36642291268606,46.08192719748726,1
-54.497886546149516,-28.099885988418343,0
-147.7208076221271,16.28347684231816,1
-150.26935445418712,9.093519295692353,0
-230.0573654790939,11.343435209462953,1
-165.8611217623195,23.29537767168465,0
-285.5516880139744,60.462986308204066,0
-30.78280635458509,7.552833382815962,0
-274.9930879781516,17.067833450967342,0
-154.32945455964932,40.06114799558748,1
-248.69378166163506,18.939427023044743,1
-221.2998117974759,5.964377265061621,0
242.86664865867397,-58.20787984318357,1
-230.74347171252646,6.284506135284154,1
-284.4198705471086,46.13013763698854,0
263.2458236158583,-78.22521754572767,1
263.28873812234656,-110.1584884774515,1
187.51698572622593,-46.31135460881371,0
270.793177438635,-71.59374213714054,1
206.17090453981098,-47.71351441358913,1
-246.52069671716498,108.4801469735738,0
-164.49687679603466,1.2414883195733282,0
-115.18593887184659,15.614045392178753,1
-173.0269136216038,9.397077294183653,1
-255.90367763396188,-12.663267954952154,0
-104.46020452586168,24.941085415903682,1
-275.0589709895316,30.945179221855355,0
247.30995235419823,-81.07914562641045,1
-188.18784603475916,3.1560952261508106,1
209.07072849789392,-48.54206202551068,1
-171.7524474649406,18.75584471739935,1
236.75309288236258,-74.95757012950685,1
-96.5656969176398,-8.98994934364302,1
-252.5784315863279,74.29292725523442,0
253.1364439974368,-65.09435592287096,1
-98.53928672959267,18.205063740672195,1
-64.18775829558302,61.53050417555489,0
-243.32674042116162,82.41455289855284,0
-285.24241026720404,-3.844039848728613,0
237.96005790027755,-51.19274274314031,1
-3.222258557257078,9.770403199140041,1
-203.94139117206078,12.444799205315164,0
-195.85400114669494,-0.43888596392151413,1
236.44332830513395,-90.31103230301406,1
277.9911493372068,-46.892123251533555,1
214.02063245916077,-26.425442590942502,1
232.56292605228634,-62.965481944099146,1
-235.56033121114808,11.119503418290599,0
-279.5643862633339,30.3677321498137,0
195.90110975104358,-40.82703852235077,1
-286.0622140478948,7.36027576930654,0
-164.15756739603478,13.205448321464388,1
257.4193318652518,-94.21000721247898,1
-177.73692073225777,-6.202389625434641,1
205.11514044454555,-50.719557639919536,1
-66.0737267319804,62.22908123429125,1
-279.6455119533603,24.211623120057915,0
216.55515400736647,-74.68229931804578,0
272.1791401295427,-85.88202585706776,1
-336.75881306696874,-15.163843729873513,0
259.56955336354133,-99.35127084158509,1
-64.17284634752116,61.54237604068919,0
232.1604406185893,-61.19538107551603,1
-255.3722830121868,90.15590394767743,0
187.17112343523195,-58.859115589643345,1
25.938346713419037,45.20119758394935,1
262.67475534725804,-74.0455966270049,1
-221.45767776601718,2.617294656858057,0
226.33394896167715,-77.1801707743704,1
197.2805027725766,-71.9899771161927,1
187.17112343523195,-58.859115589643345,1
-196.30680949349897,-13.118496633836322,1
-163.96847833964142,25.43459601423404,0
-184.91028872655505,23.624428639069787,1
-74.64269465330341,36.14937773578845,1
269.67893273310244,-112.48213237917301,1
253.1364439974368,-65.09435592287096,1
44.768315837164664,38.27152819049123,1
-64.84142504215447,1.9190075104523672,0
211.56803722494396,-35.94077549946643,1
63.92148372268309,31.195900031204886,1
-170.97081204883096,90.14216835109636,0
-156.5088116245238,-27.833361595434518,1
252.0361859116539,-65.32363120725631,1
-177.80351052273272,2.6556732760987316,1
-61.48879044153199,7.846927408205978,1
-110.41596534152109,28.72415166190669,1
237.96005790027755,-51.19274274314031,1
-223.228495364627,30.169106153338966,1
-102.91345810534858,25.985193528232593,1
-225.66839450025054,20.105297775926346,0
195.91276430304083,-43.67757782001845,1
187.17112343523195,-58.859115589643345,1
-316.1971527898767,23.515262657549577,0
-297.15092952652725,34.71367590953216,0
-227.55977715492213,20.795854583207785,0
-267.1020433593054,23.640590489603987,1
151.9489780395577,-13.800071299541237,1
-294.3157170235377,39.41300008778519,0
-154.94304074664427,-25.431414810052395,1
-107.59648433904914,10.458154672855194,1
-71.4388428863769,-10.481361180509602,0
251.76884660592134,53.73523079317123,0
-267.8398977515492,27.294315432020852,1
-257.6475693081196,20.131825844916726,1
208.7740264005099,-38.975308294339065,1
-213.8526390009364,0.07322870648987845,1
132.38007295389627,79.4956676072182,0
-302.66837004817177,13.930923646595879,0
208.77402640051014,-38.97530829433921,1
156.06956197722684,-27.309859142075048,1
18.16233624238737,61.81807471470745,0
-137.800894281458,-16.22094376213284,0
-4.2325999523831115,-25.09329338299029,1
1179.1554386751243,-155.73505839581978,1
121.98631816414093,-34.04773560652358,1
5.300127265124161,-23.06728455724737,1
123.75571097409602,-29.237281972285793,1
504.12429079008166,30.530416029910565,1
-10.103107061709352,-85.50486965390007,1
-188.3493786413561,-73.47909810768559,0
-196.68936462666971,-55.53778313263397,0
-86.19385549751001,-83.33445692436973,0
-61.329157164372646,-29.910276112768166,1
-44.453027653212985,-36.126648295299326,1
-61.329157164372646,-29.910276112768166,1
-39.302243837945866,-16.39757715103864,1
2142.116837077559,99.80658351446102,1
-196.39015540563025,36.43937497514169,1
-191.70435084262476,-54.591708305609835,1
-270.82032666644625,24.988458189973787,1
-240.18357716120835,9.787517088000293,1
-297.04398756377395,16.439635409478754,0
-219.12898852957562,14.691303007552477,0
-294.1556543771465,37.029221730242426,0
-251.45518922731736,13.966100619600738,1
-329.35512401318596,28.37974927125444,0
-306.6858152642066,-8.16855507896721,0
-126.97560729962925,-15.964284463610205,1
191.97443359828935,38.6226886750776,1
248.4172363756345,17.829576706188647,1
289.98562040995273,6.04182184944748,1
149.83527397351781,34.31378141272491,1
226.4075063990108,4.402491967876877,1
247.26578074691463,64.18956920214659,1
265.06193073684244,19.581408011826902,1
-167.20268264293532,-0.5255016639147954,1
270.4590616501233,31.354147533052544,1
270.4590616501233,31.354147533052544,1
1412.4890485662447,26.907204601388234,1
-40.48259916942834,30.52742340541945,1
-96.96786223092829,-15.930142280380174,1
-215.81224699258672,49.84738509544141,0
-197.0385110000817,42.91806343347064,0
-165.651837521135,41.2089340701184,0
-180.16267685151917,36.69210213507941,0
-173.93540752330523,62.15825025153403,0
-264.97243970514893,38.22055821810518,1
215.82934730750105,-64.58523295622328,1
38.89625727715156,22.875940142033883,0
-172.29957721125032,-11.739822863659278,1
-281.1192695233155,34.612724565275684,0
-246.21843924705848,22.318468517744556,0
12.007519062834604,91.93753318259766,0
-264.9726599519836,38.21340777849211,1
-57.878438116155394,-37.0731878788095,0
-43.0578382969627,-17.202892369417334,0
100.95484107399398,78.26598465616885,0
-198.8384070280087,-5.509730216690414,1
-71.4388428863769,-10.481361180509602,0
-298.0250243413526,-15.33969453568249,0
-275.99924671579646,-1.8638667530946265,0
-157.43327501992798,-17.602376951411053,0
133.26597752340604,66.32587079439315,0
37.007094311215155,54.896258627063666,1
23.83433687707179,59.752890998098366,1
216.16852146071813,-42.046182896647785,1
205.75774498558803,-24.301516979858782,1
-287.6924159969425,-9.018090291179831,1
156.4007696231415,-33.405921958114625,0
197.6176964932754,-59.41043764131614,1
-147.16361480823775,-1.0568787154583177,0
-311.98891415809277,-0.05246375606616027,0
-213.8676375639639,0.058544836892927776,1
-213.6780007916438,41.489185680045615,0
138.7762232104335,-8.943439821083814,1
-265.71388789194066,-27.27980839745819,0
-277.67578029914756,44.10771755604983,0
-239.72170989430816,5.118001875456443,0
199.39409252221571,41.915493856484446,0
-262.39409292155244,59.605965419576386,0
-306.8205578387896,20.07650032340733,0
-121.03577727395663,4.537753650535315,0
-143.67116509570064,-29.601341508224188,1
-188.81601702280284,-34.002122201802315,1
-313.8722056055404,18.091701928554492,0
-250.8655079110543,32.81870472371111,0
-69.82363265644545,61.44062671370527,0
-227.0256070376575,4.923030851113886,1
-147.21349221403932,-1.5809004020258755,1
-182.46578621971645,-1.6300708253337959,1
-275.3620873273397,38.81464918599938,1
107.59287233988425,36.03173343399107,1
-208.47050606357072,11.831284156951845,1
-306.2520205364095,47.61993608931785,0
-120.63198223492446,-13.052715810244287,1
-54.18403400387706,22.224853355692446,0
-263.10894345856275,28.540410889944884,0
-233.32416721222603,-9.074518416855767,0
-137.37799385856692,-33.10822318958177,0
-155.12736588515833,9.157820231795114,1
-190.74834751931292,1.8314332908335373,0
-143.91716966465077,-25.895551766830543,0
-129.2013471041924,-13.784691612148727,0
57.34972855475246,-22.33362291194198,1
-37.19131349338193,-27.27773776829705,1
257.4333180057705,-53.5508920906293,1
-106.09402087832939,20.352099768055517,0
-155.7378078813311,-18.725354062229265,1
-127.89312937265856,10.336669650425975,0
230.83541465091537,-76.54243227749944,1
-31.15782330474883,23.834760858562518,0
282.2395020199584,-49.99341975118977,1
235.2583591679089,-50.09151724531798,0
382.573473788117,-17.61994372465579,1
183.85416889951398,-21.488738399129097,1
-229.1615538625383,-3.687048731088005,0
274.0186676996244,-55.00915131294705,1
21.517904682877656,4.3840695848669355,1
-30.866137104907352,21.60827181293724,1
252.0361859116539,-65.32363120725631,1
-17.204787422774984,-2.105666240871308,1
229.54453490056085,-59.76827687267642,1
-422.90060537818783,0.2307927828912142,0
-145.73998442791122,28.58312226427078,0
-229.10472845997242,-0.6659377802969004,0
273.52161516309286,-33.15414770081595,1
-235.76845774785363,15.953190482750252,1
224.2182264454774,-24.81211020476993,1
-181.6566463487339,12.248402750019139,0
268.44943523951156,-52.85430306830637,1
-174.00725877636614,24.085408387341406,0
385.6368467948954,-9.345712825109352,1
-250.65090274679773,44.96341073402754,0
-300.51417937864346,31.340111866954498,0
274.7555026334751,29.17898466196292,1
261.4556564543125,-22.520990649716985,1
-144.94244216516995,-0.8186031846417094,1
424.0751649725303,2.493673575138331,1
264.682147894929,-51.51867542076433,1
-230.52431968859156,27.851061423530464,0
319.40836508578263,-68.1749302891098,1
-143.91716966465077,-25.895551766830543,0
1108.709444121167,392.71988215289997,1
-258.1766813597508,-18.97102557717401,1
-100.47251756686268,-7.8218527535931415,0
-269.703924667454,-33.03068348629716,0
-157.72604859400218,39.64719386845666,0
-235.90371519090934,-13.42424773363863,0
-270.30761383768305,11.839774764303925,1
277.1498995305908,14.660180666703454,1
-273.7540062235743,25.723223915964176,0
37.00747916357898,54.90875307944022,1
-141.7894224292649,53.48401418303013,0
18.16233624238737,61.8180747147075,1
100.56934226345629,-24.743765142608787,1
-81.23020349970471,-16.420639502555595,1
-81.23020349970471,-16.420639502555595,1
-290.8048582768974,22.796465520325132,0
-202.48767406544698,16.41038325822987,0
-191.58988173152125,-32.52014298204059,1
42.67948118717379,52.84356888693832,1
-143.08233629702414,-1.8089638551088996,1
-131.78459878687755,-5.687187831565325,1
75.50750455267757,-27.973695884677873,1
359.29133870087844,0.36754959584131086,1
-33.78421784987631,42.951957490102814,0
274.6343708815116,-76.4221157632634,1
-215.99820523639977,11.715566450262429,1
-197.73891151476784,20.72377756501031,1
258.03423080758853,-48.98796593538649,1
-176.56508518743055,26.147308135409883,0
272.8459031210242,-63.998688047125206,0
-175.66197931761695,-20.757733502080292,1
323.8039196822358,-90.9825512807638,1
-163.73529764643217,8.716396986817365,0
-168.91394632047786,6.3412260238371445,1
-163.39232854330993,21.290676035066518,0
90.9992677461305,-18.426986173907686,0
-122.42350087430714,-20.865581590905215,1
-120.63175951514296,-13.045485084993466,1
176.68890865640594,-8.532476540361024,1
8.360064747227966,9.25265305221204,1
-163.75790956235846,-5.875264718689074,1
-154.9629817978049,58.31454804336602,0
-322.19705638236906,53.69881179364934,0
-171.15852002685853,1.8470185496696416,1
249.57868678436307,-45.999244059328525,1
-264.2518947023562,-0.6277636282693422,0
164.3794300267632,-30.86945764763083,1
37.007479163578864,54.908753079440196,1
460.7880865441614,-29.194750863725098,1
148.88082964680154,-38.053446564987304,1
-187.3633157494507,37.413403932415534,0
340.23362027314613,-13.835255882592115,1
40.39365775858471,-25.44557123182856,0
101.6895320711601,-38.714210571758805,1
-193.7570539218347,-3.453320877952301,0
-166.50475630326497,21.346451885674206,0
287.9682382353684,-40.304788258696924,1
-137.90304189621042,12.171482326163101,1
-271.0629270073727,12.669773750353905,0
30.227451330272515,-15.33582007756059,1
-275.28786397254834,36.36769424969053,0
-262.0677594159794,14.08159531795991,0
256.5660652350133,-38.62678613429242,1
-29.782169661421563,52.39514517238848,0
-50.82697475843622,60.15303125387426,1
-96.35769732733246,65.8565190945171,0
-37.68404647212549,55.27249468607907,1
-34.22583358544523,93.81757721843707,0
-187.3633157494507,37.413403932415534,1
-88.45440760189649,74.01476927697176,0
-147.18705290136057,-6.998126762244901,1
-213.6768577239999,32.42448268437932,0
216.80209403396145,-79.85417880685563,1
225.14898028229447,-36.96065587354828,1
1204.064532647772,17.793873366108542,0
1185.8500259565167,14.627197170535993,0
1171.316150033895,7.079878873899148,1
1566.1486709321816,44.54173503297302,1
1500.3925574495838,2.0853194967949804,1
1169.5989854931868,11.197644984126477,1
852.2551575573698,27.44035634481572,1
-13.700286799802143,10.494973991097595,0
950.619873981525,39.19070723437852,0
959.9825934389978,24.026642554088628,1
983.5779162508459,35.96251151612236,1
242.15994091310506,-74.31036637188876,1
237.34230729126796,-87.3760286009256,1
228.98718568831976,-69.45381589082504,1
242.16015868699276,-74.30329621791341,1
228.98718816126654,-69.45373560518723,1
250.50014804871307,-92.24453121688654,1
228.98718816126654,-69.45373560518723,1
228.98718816126654,-69.45373560518723,1
242.14502649209635,-74.32231852266091,1
-108.38746147954339,46.217255842501366,1
234.27871403765505,-95.65740994008507,1
210.99657901782064,-77.66999777564533,1
228.98718816126654,-69.45373560518723,1
228.98718816126654,-69.45373560518723,1
228.98718816126654,-69.45373560518723,1
242.14502896504325,-74.3222382370231,1
242.14502649209635,-74.32231852266091,1
242.14502896504325,-74.3222382370231,1
-48.93613538684235,59.44487219380588,1
-102.90436198183681,90.33938418224952,0
42.3146913689269,-134.5344091680297,0
237.34208704443336,-87.38317904053864,1
229.00232035616307,-69.4347133004398,1
228.98718568831976,-69.45381589082504,1
217.76005900692496,-65.24795356264326,1
292.75866983937635,-61.923183103243765,1
-76.55814712678495,89.37530572693335,0
237.34230729126796,-87.3760286009256,1
-118.38721801621438,68.40190607021646,0
237.34230729126796,-87.3760286009256,1
228.98718816126654,-69.45373560518723,1
250.50014804871307,-92.24453121688654,1
70.2877467578013,-37.02354762949481,1
-333.40089401200976,57.85959078564608,0
-105.08901566820595,43.605528645976115,0
315.46741273023747,-70.24899418936269,1
242.7172867886518,-64.62490734342563,1
47.21261199796891,-9.846428516916326,1
-152.0196949471009,-20.078792999859267,1
65.42673678604615,-21.2148712925784,1
168.45171173396398,-22.79967628439865,1
25.088915000313136,32.16436861432161,0
-75.28164944981546,69.15813665994469,0
-209.88299383458298,42.77588259876022,1
348.73081030606295,-72.65174484516788,1
317.37315539637314,-70.94519728631423,1
-328.20485437737614,-15.577595263105358,0
-196.32474725273175,18.8488575717302,1
-296.9800083330045,61.20314472840565,0
-85.53677268478816,-28.426265943940372,0
-39.640484761215475,-22.312901863651696,0
394.22428238637565,-3.2814272523221177,0
296.5848577064519,-63.310313794500665,1
-64.94622492230292,-70.2680055938277,1
-119.5610440027562,-22.12089911263508,0
-7.910144729444937,84.08048833821344,0
-146.8506216414355,25.766760096862512,0
455.42542019491157,-5.15064125420993,1
48.961561303297344,-23.305152188040573,1
238.33664412274925,-41.80541448063716,1
328.6550791503246,-75.09367254736821,1
219.43515601494641,-46.63741550090669,1
-35.763379226928805,54.58824025937009,0
450.42067286467466,-7.219588776643235,1
277.8548997752888,-56.37530588886447,1
-187.16509942580421,28.953992099257228,0
208.9277673265517,-40.36638443414957,1
321.81401255042977,52.03823695930944,1
-311.196612020926,89.13101918985987,0
-163.4327433217718,18.291639922010503,0
71.9627449553193,-145.2632525391647,1
198.81838843130504,-27.23552305907952,1
-236.15257370395983,45.37130633622368,1
-246.03738801110092,2.5389125673032353,0
-261.3506826771712,33.262835697845176,0
505.15201183863223,-7.583947374604314,0
-166.79417044837948,-2.417419951070954,1
-273.9875133537211,-6.873367508917298,0
-198.32095196540718,56.785023752754746,0
-103.25598112526092,-29.896467285143423,1
139.64901850500587,-51.72674411158027,0
-269.35101624806896,63.960365361858365,0
137.82650987334785,-169.54640676973293,1
-234.89598910460256,38.84982660536411,1
-220.9210516605362,-7.537203729368471,1
-158.84212993829408,7.525099329013166,0
180.0536949463302,-26.915568846275455,1
-249.92488332326684,44.42893937391641,1
-135.58134370739458,-15.996997130789218,1
-16.609412956774918,47.53851305130671,0
218.11590664503512,-4.556312311337386,1
164.17201542701378,-179.25966832026404,1
205.88085950615937,-7.983270162650491,1
-303.17975356660054,12.289436041128262,0
-181.27056338025767,65.40737928144533,0
-266.44136514560745,48.30744576835927,0
-54.65936937024401,50.48237465753192,0
-42.95492701974797,57.25177751744555,0
357.3589322274422,-58.07902056949683,0
28.46550311824194,30.872805022250667,0
-155.5168091371745,19.531835026751928,0
-410.595305199044,45.41632903379952,0
-218.73691503048428,7.172154756467279,0
6.098977927365013,-120.98009758565675,1
-247.29976776085698,48.13089112356451,0
15.380484259162927,-124.53503116957114,0
-189.1880604643914,28.456332501372827,0
-179.46905561788617,-26.369665916326817,0
-215.85623347470732,3.5173559530963203,1
-199.63938983542607,18.35795969916319,0
45.58785505204651,-135.55943351514622,1
32.44448505925561,-130.69335967694678,1
-298.03343947788244,84.2673096097752,0
-117.41709388379229,-42.237237420173564,0
253.97424139432542,-68.80686505561138,1
-35.41438689249844,-83.69867298225964,0
-137.24547704335333,25.719622173115653,0
-57.334888281263034,-64.41632782016515,0
59.462709949083205,-28.687471074610222,1
-261.19697824411674,48.591715297742866,1
-179.46905561788617,-26.369665916326817,0
-202.68347683058659,-1.3392761472470198,1
-366.05397095112886,24.353944937000026,0
-61.31291387493178,92.68522951710676,0
-37.664039364553446,55.28209589258514,0
-77.09193690019066,-57.402310336742026,1
-234.86616026258503,38.87373090690837,1
-70.43674424369397,56.24053715009302,0
-170.56420700330187,-1.0379661318923326,1
-190.92473853223942,-1.3625172351068144,1
-282.58329706423325,-38.70207641761589,1
-24.13777704223503,-109.96513782583304,0
-314.1470736961215,31.929624607608282,0
-183.72205118966872,3.8305376589458007,1
198.22112375763618,-31.655052743097023,1
243.20853107084292,-208.39945262333734,0
-116.62685248475731,-11.179711675784453,1
-348.4656861639156,34.27921239854588,0
156.06956197722684,-27.309859142075048,1
-319.78100556550703,28.183321726698907,0
-157.94553102681215,45.03303591610982,1
-157.57806303971222,-9.755494645980995,0
5.213637678986515,-61.19864076584398,1
-20.246529747263367,-111.26683530840438,0
-29.386082077986543,-49.24395356776288,1
-83.53293723480817,-14.324595014398078,0
-1.1657749258449712,96.77672326131899,0
-219.46355444812485,31.133470783661313,0
-241.42912602325515,26.39409192630037,0
-11.980929499474883,-34.265483870563564,1
-136.2272937067699,-6.005972893795374,0
-204.55974106671965,37.161190601340046,1
173.08845578395528,51.67411393119016,0
-181.58361113804602,53.25833362795215,1
-80.87369238560893,17.077317464818492,1
-210.4018025505473,-20.08507553808814,1
-54.18403400387706,22.224853355692446,1
-113.6120858024986,31.59457810905244,1
149.7043082088727,-9.797357594315308,1
-359.2256017811388,16.606171140681134,0
19.593895605837815,7.96878767988899,1
485.5046978696921,17.220442632884186,1
195.0579538544074,-37.249183235188816,1
76.69039028399118,-13.774565753579715,0
-183.41850082283588,18.6195546753913,0
174.96437812330987,50.95408474801724,0
-349.3968398725128,34.7284980085786,0
-217.7175841465061,42.029775145984345,1
166.18395232026057,-2.72656666687557,1
-184.3901725944337,-6.4060948863107186,0
-180.2036600636539,-9.620468980910438,1
-50.08249283661337,-21.766808329083368,1
1.738842163755976,-119.3715945589372,1
137.79712647089355,-169.55584962077566,1
-142.5798395712158,-23.58983967776465,1
197.80510966683153,65.97651746270374,0
114.95314002019745,17.997632266670735,1
168.88563266399194,-35.958237436380664,0
35.28995851005709,-18.30632686433065,1
-255.75918133883687,-3.400192629437754,1
-241.38389494104518,52.745719347537346,0
-17.98494209279056,18.982227914322408,0
-261.1721581465195,-1.3428028432822927,0
-265.71388789194066,-27.27980839745819,1
-215.11725817726386,5.0233992223659385,0
214.71583542572182,54.52017230795886,0
376.9956081104565,-30.239333654697298,0
-402.21624350912464,50.7235162585478,0
-85.23554661038281,27.559681261493033,1
-405.70715191402815,61.5138935617517,0
188.13713412343486,46.09745286833096,0
169.3860362966226,-25.833198744841035,1
-251.20452643694722,-0.2072775348965621,0
-181.58361113804602,53.25833362795215,1
278.9257553720536,-38.55928985184817,1
-31.1576970608088,23.83885944037023,0
-351.96896192642924,39.26645385525514,0
-167.3749745627701,-19.01766593755338,0
182.0590981927894,-40.79172585086946,0
-327.5292045613029,30.24939729385816,0
-148.81155134943634,22.945104248984947,1
188.86077516937348,-16.452479496339315,1
156.06956197722684,-27.309859142075048,1
-233.96008273180718,11.884391695402343,0
-4.2325999523831115,-25.09329338299029,1
15.7959123849879,-8.167717767016079,1
-309.910441888593,23.111924836174968,0
182.0590981927894,-40.79172585086946,0
195.0579538544074,-37.249183235188816,1
-227.74671829927235,52.09589782938033,0
-153.68658890005838,21.759426468276416,1
-176.20171391440238,-32.26012554786943,1
-185.80100149602708,26.74572264836331,1
-186.96240424561205,-5.420467930812471,0
28.078536497028836,-37.03340724476602,1
-271.8450304892877,22.26443997296755,0
323.0744612083861,-98.43709166139442,1
-248.65153691415458,-10.70420653199772,0
-120.63175951514296,-13.045485084993466,1
137.82650987334773,-169.54640676973293,1
156.0578863033586,-30.260281456905297,1
-165.12416157151284,-15.333534681972743,1
124.65375701747803,-164.68977596738642,1
-43.36760075395,-32.556355269398686,1
-178.28178684119905,-10.457895208191324,1
27.102611440781175,11.056602527311874,1
146.70921344750968,-12.107285915377297,1
110.60084130208202,-63.972011000933186,1
-53.43405898615765,1.1768981778475975,0
-211.20640434427958,-38.013624429438885,0
-133.66515857566367,-13.990427429295615,1
1333.6604359718035,-36.55070505309444,1
-319.5442041967343,20.156884944987105,0
100.95484107399398,78.26598465616885,0
-239.27056713161494,-14.168253533600172,0
-394.0686260155194,8.705561270026159,0
-223.2002421587082,29.555278217841476,0
130.43360460807253,51.05416590037967,1
-20.00138847240396,-43.87320744833378,1
-105.95760566490554,50.212068231737504,1
-133.0016727187779,-9.315939498941404,0
-184.00875128952396,24.021303744269254,1
-303.21757438086235,-31.02491054852323,0
-165.28850431519135,-26.9850945819966,1
-16.058471400647818,-33.1963969542014,1
-48.110909545803224,18.40376438837398,0
80.62881528684352,-11.556482042846532,1
-92.79976258511908,45.34348368709319,0
81.16709605441054,-15.901826612541548,1
-197.865918324512,11.723947405542795,1
45.61723845450092,-135.54999066410363,1
-215.80756486803313,3.5190875898574134,1
-122.77556487103487,-1.7789588563123644,1
-93.90713466859688,10.198812403886812,1
19.34186373627199,-30.111400657534325,0
-190.11148943243768,38.22144665815115,1
-197.86591832451205,11.723947405542823,1
-149.0748657996441,-3.650554274488819,1
-248.03891488686924,43.73036231518,1
-290.0069944375914,7.432803089368996,0
-122.77556487103487,-1.7789588563123644,1
-310.69099726960496,12.21071896159468,0
-207.23857540021322,41.36951123963747,0
-153.06236524314915,-67.50210811690377,1
-157.02426088821863,6.522794907130894,1
-173.51055493088376,-3.305072273779004,0
-202.9268666751982,29.52571604307522,1
-203.84143725454777,33.431192474447954,1
-229.87577000069052,-29.219474987221496,0
-99.91663730156915,-9.506213878033378,1
-141.31403037851032,-20.287778734300723,1
-41.7818171077173,142.56278995838514,0
-25.227452375054895,-63.183748742642614,0
-80.46246112338673,-42.735193203691516,1
-153.06236524314903,-67.50210811690386,0
-145.29235273117848,-31.399505221973378,0
-86.30271428596689,-27.139342096595776,0
-115.01840342960276,65.59720770407934,0
-151.89344299327394,0.364257167563224,0
-48.55740941086481,43.027717542372244,0
-53.14823361477568,-8.00710249939457,0
-140.0721010549579,23.758020679474473,0
-214.74175247307465,17.949908703934064,1
-149.0748657996441,-3.650554274488819,1
340.2055865150827,-78.32386774644937,0
-42.859004164792054,136.80293695432889,0
177.34476813252058,-184.11629907109068,1
152.82177041243517,-56.583374588955515,0
111.4516207006086,-159.8425879960227,1
-70.0892386420411,22.615161136336035,1
-135.11632240469152,25.433584167101838,1
234.6392997454418,-28.416892306745233,0
-173.90009503678118,12.748756205522106,1
-148.28907810588208,30.290215944361975,1
164.17201542701378,-179.25966832026404,1
174.86359568692365,-43.05880376209165,0
-129.2009012576005,9.80189700527648,0
-201.0784998992188,40.70130293322168,1
-201.76295374612351,12.614066103093577,1
-143.46906177831067,-8.355503534588067,1
200.77440415526087,-39.21480548390253,1
163.93237109152324,-40.87685181107319,1
-128.42220673974327,-14.284205516793186,1
-215.80402263619368,12.202088136287749,1
205.64706776499338,-57.87402080530914,1
-189.9690270378843,8.852461685323952,1
-177.01036996921903,7.547251633166056,0
211.0441996389976,-46.10128161326339,1
-193.42296386166646,-5.327250207950826,1
173.47631898479926,-46.76453990646991,1
215.8962979315536,-71.85295748929701,1
14.587924441758446,-8.209742003128262,1
9.059898654606968,11.473349499734411,1
-180.2355168305956,-10.179160432452257,1
-175.21652095485024,87.57166877856073,1
-351.42118487657956,9.783495166252983,0
-216.88303023228855,32.56531426596183,1
-150.12510722384638,2.1823289991185177,1
-116.51486723005348,9.450660025159713,1
278.1385325136539,-34.85444644197906,1
216.44133162916125,-34.328542461018266,1
-74.71756650716935,15.748757092265905,1
-133.34856105647088,-7.469213797446649,0
-187.35457505820688,2.283910886359969,0
-144.9095936260237,-7.843694799581343,1
211.0441996389976,-46.10128161326339,1
-177.31810285271416,3.59465830902581,1
-232.96952859011782,6.203243825613896,0
200.24993599904383,-69.6467600343785,1
-264.1615379080594,8.414525447763808,1
-86.53943541741074,-1.9206545196824791,1
-113.5473190049882,8.715120877688385,1
4.759270459273694,55.059152926737134,1
-49.694957606241815,-23.662185456601954,0
-224.1816033759951,21.461116115158283,1
261.23851558857746,-81.3593135547334,1
-209.4502182682021,-8.253606218690557,1
-228.97677928031436,17.05872023663109,1
-111.26930020605533,-2.2624687808041983,1
67.24933509226287,-27.65302175462741,1
-132.85161087318602,-27.1423884809847,1
-188.60511246594177,7.745482175061326,1
-143.46905930536383,-8.355423248950288,1
-3.459152747354665,49.77245493268939,1
14.81123437162671,55.929562929723744,1
-207.1864114501863,47.14191876573244,1
116.42395422754691,18.649999947097477,0
-222.5024613322321,34.59123163658249,1
-222.28016348729636,20.792575547099666,1
-197.86591585156515,11.724027691180588,1
716.892781557696,27.28180314532502,1
676.3800818688003,38.92844889309698,1
676.3800818688003,38.92844889309698,0
675.3028948117255,33.16859588904063,0
672.3078927320262,30.861622518932883,1
691.7830419594056,40.25566416545054,1
102.37047858434573,6.563354725875477,0
59.16157755671145,-15.15027512030155,0
81.878814510545,-25.87715160586027,1
182.92982934597057,-47.14714381772165,1
-351.50334418231375,81.34172727545486,0
-140.0770907792247,3.31678506208614,1
-174.65889497316607,2.0752982008383896,1
-187.83165028444228,6.931929844499251,1
-153.2498461090683,8.173416712108875,1
-161.58983599352536,26.114733023153267,1
-180.05602840456368,-9.69744045758602,1
-193.22878373440727,-4.840808807563292,1
-201.56877361886427,13.100507503481104,1
-196.17164016889933,24.87324615554364,1
-194.31538697352067,24.15445291674766,1
-199.13324084219227,11.081640248097749,1
1312.500676378262,122.54200905037882,1
360.22051821565447,130.26965965842703,0
381.17024448500695,138.0225056161003,0
174.34474279056928,-67.29448369080836,1
147.99923319440904,-57.581220755167074,1
121.65372279930648,-47.86795754577832,1
-117.59219308127393,3.686300989684206,1
95.30821143406001,-38.15469400398175,0
-171.6554253298524,26.40498623852748,0
172.95709156000044,-42.38727293353775,0
172.2858372184687,-82.94698769621382,1
-187.92065459790064,35.83279876035944,1
-350.36907227356704,5.827534461920294,0
-163.34425512453947,-16.376510310235993,1
-87.52066589946179,12.823749907285311,1
-159.80812474900938,-12.550599593860547,0
-305.3568010897486,12.395364084342958,0
-193.42296386166646,-5.327250207950826,1
193.69507842858764,-73.02626322309095,1
-412.4228404065783,40.41813511554861,0
93.87902475401438,-39.716169291890814,1
215.75644779088861,-71.00488256778178,1
-96.15211368397064,-33.88462447598226,1
89.86553027266734,65.70793825610852,1
-197.85078118372178,11.743130281565804,1
-209.17278286708347,27.33343853219592,1
218.81019613730712,-62.738242615099274,1
-239.17120247357104,26.99715615013425,1
-248.13422577753698,92.5616704446891,0
165.29998946274645,-66.0776988150501,1
-186.54332887404024,7.488725040047406,0
-200.78240247435377,-2.0196839361371275,1
-171.823598964957,15.869158515852561,1
-177.31810285271416,3.59465830902581,1
-101.6470436925535,17.769018971555674,1
-103.34189088646315,4.601178551977178,1
-176.51723070121767,-11.52702909982633,1
-214.92101817932507,17.47541945431864,1
-26.154682228602383,2.805410418447032,1
240.45021686422945,-73.72442970848647,1
-230.16895634985434,5.135338476670817,0
24.738995294287975,-18.338661357219145,1
-228.97678175326126,17.05863995099334,1
118.28386621777668,-28.58722634708797,1
211.3190690464403,-59.93920474352337,1
-225.25879043306998,15.701263111102087,1
-176.33803763778292,-11.054898240820116,1
200.24993599904383,-69.6467600343785,1
212.9951143523475,-61.31699010528029,1
-187.12862151923792,6.030760216177903,0
-222.80331955020972,-3.906508223484778,1
-198.92819096057804,5.976046552258744,1
220.2211431295027,-41.57166779550743,0
-227.3203127279569,21.518499253570383,1
-189.49587891796466,-6.186314312787857,1
-179.04279172653327,10.367754262516712,1
-196.02506140070636,-3.610303096452725,1
-196.5129219314456,21.109363836410985,1
-176.3332706246204,9.379187781306292,1
-222.61994590799418,2.3322904988070476,0
-224.60765795341712,17.2383103667175,1
-179.7381638429415,26.03583206280168,1
-163.3763990241066,6.954141746861701,0
-382.9710502635762,17.9878103511875,0
-111.60816207965195,-6.382272615089867,1
137.82650987334796,-169.54640676973298,1
-112.21499164237702,-2.137628423315064,1
-269.32867169824334,63.92372266112417,0
-160.34489592687322,-2.1295422361968264,1
-128.03375947746122,-14.069656097972548,1
27.74576515460444,-13.078325736770033,1
203.12175298917043,-41.64576561019776,1
-231.05991142424955,118.53169919127507,0
-142.1077153467047,3.7370830979254563,0
228.00108845651187,-26.18936764158756,1
183.5845976502451,-59.93114875293076,1
262.47599448978565,-60.24860192589869,1
-166.70578239094993,32.50593690841037,0
-131.59176505193807,11.965735539503406,1
-86.47440035599976,-15.671053932328824,1
-199.84263529022496,12.09476643446179,0
-108.23129848945388,-11.498655723994439,1
-152.8993905683941,9.01352932582914,1
291.62672484678467,-67.96043460729578,1
-198.27671891119616,7.524021683018276,1
-260.33825012495316,15.796190356985868,0
161.95382595057606,-43.24816896469712,1
150.75908114195659,-36.03766311630334,1
-217.35039669792252,57.12398870451679,1
179.59491337503096,-41.83533606737104,1
-5.838071763392804,5.366643395427836,1
-168.84720655532948,6.583018053913008,0
-241.0574375245577,27.68707741354952,1
-214.162470444319,16.649914981716428,1
-197.85100143055644,11.735979841952734,1
-182.16622605707255,-9.516359540394532,0
-195.994527988343,11.024337042769794,1
-121.0909063496731,17.122956684698416,0
-119.57629528126347,-48.90361003445414,0
-246.8956958473297,-7.046831293245042,0
233.98479440771803,-67.86113833104415,1
77.47870549708603,-5.896737668775081,0
-207.57104393808987,-3.237221283783917,0
186.31668654959003,2.9119464008928944,1
-180.9363066335393,-9.13509485933944,0
-231.19969372056352,13.82081985610418,0
267.33450279093074,-67.23007410826588,1
-162.00609571833144,-7.000532086107583,1
-222.2953683250085,20.771194851743026,1
34.70690422716552,-6.14517018084625,1
-303.13605199680984,76.4449024379949,0
-99.29839992149266,33.04103748012622,1
-193.21386931339856,-4.828856656791132,1
200.30146379492453,-37.584830255964185,1
-228.97677928031436,17.05872023663109,1
-208.7463010751457,15.74696355177381,1
77.47870549708603,-5.896737668775081,1
-206.3717130665272,0.03964698560334057,1
-227.88446002834314,22.837595545434738,1
339.5323083305981,-97.35572244308574,0
-202.1556869562935,34.94144992916544,1
-199.88457279057576,6.0535567789885505,1
-31.7812118036976,36.58676751392602,1
211.3190690464403,-59.93920474352337,1
-196.37160963350152,-50.78401606128171,0
285.49414545026,-90.45203209004603,1
205.64706776499338,-57.87402080530914,1
-139.61797070683002,-9.789526792903608,1
-5.1021667605917855,-21.06537838514867,0
-89.22747493156646,11.262102046059667,1
-110.76989366977688,-12.339056094044544,0
-32.920294626757254,21.935266538610648,1
-57.48496449889825,21.764895703833048,0
280.0307755713335,-35.51669361564253,0
-99.02775402726542,24.77412030550934,0
91.98819409815314,-39.00801321815921,1
187.3453240385478,-41.13933652935621,1
-195.32362647223817,-4.633474860373489,1
-320.0760877837286,82.63715937564142,0
-125.37283617533438,2.7308754862779523,1
-168.978556626929,-14.36103892975823,1
-139.32674187635564,8.258065296875571,0
-200.89454806559598,-16.80177192009912,0
-131.3060036935771,1.1696678510565306,1
-403.0601098750792,25.25406664088209,0
-130.8640680823225,-7.422280000364616,1
142.91533460818323,-49.73102918667103,1
-200.13522945785718,-5.957551015649457,1
48.764983985757226,-37.47416852677109,0
-220.89566069435529,-16.156495427308705,1
-90.16834131732423,-0.2296815533749168,1
91.26612258835291,-32.22958443702661,1
102.89099424699032,-71.43858877113556,0
56.93428935261113,-26.938064348540017,0
-152.00217424186565,-9.018967377100566,0
109.49554370061708,-29.050956090681915,1
308.30434382801513,-66.48450866021486,0
108.20615879030674,-38.421841516879645,1
-11.358527483381408,-15.22884013371624,0
58.655250905192474,-45.202401916860474,1
-78.0586692932659,128.14686843386679,0
41.20165044574253,-28.92995947245999,0
91.60913077435134,-67.28814235049987,1
-214.72683557911898,17.961941140343946,1
10.37831731042445,-37.263477999786225,0
112.20283221936529,-74.87557983131384,1
-1.100385754549734,-19.264777238523088,0
235.9478338501997,-65.52094629987653,1
-107.9968525947184,23.8882821035212,1
95.11600360353793,-37.4481493475569,0
30.56115424544066,-34.81182874314667,0
-221.49816428691565,39.93057649281195,1
327.0328337680901,-73.46723698140829,0
27.25415145898694,-43.48943929817744,1
190.51752079500602,-188.9729298071764,1
30.87091708088849,-19.458365972840163,1
-231.1996961935103,13.820739570466401,0
-65.97801649635551,117.51851312340878,0
42.721575890542795,-30.728398402684782,1
-1.9753862481136366,-27.429521829281775,0
-163.19325051631614,-27.600980634226566,0
126.15033108753641,-60.31609996496491,1
-0.8255171441992388,-33.102700095669356,0
-29.914410885505845,-13.239749682598521,1
-119.7100009398406,6.5000448266879545,1
-145.18833511347742,12.5548340671576,0
-195.32384671907278,-4.64062529998656,1
130.56715692815044,-41.53904112831608,1
45.86515924193736,-36.64562064562656,1
-207.73781895545073,-21.02507951251659,1
162.9156170630116,-32.10074818134817,1
78.45116392224031,-62.42365723453148,1
110.96277831455723,0.9341090546780819,0
366.55109189789755,-88.03712923844054,0
-165.1749311752531,-4.162335177643577,0
-41.7818171077173,142.56278995838514,0
-141.55618611694928,-6.481726817928582,0
-168.978556626929,-14.36103892975823,1
57.42414066773563,-16.872046490541656,1
190.42355987529766,-35.527158809103206,0
35.60701713364631,-32.609683410802695,1
-154.47199817270268,-15.423293295539843,1
496.4635187499971,13.221282612282586,1
182.92982934597057,-47.14714381772165,1
63.796755754624314,-56.98292781922064,0
96.10789220403626,-68.92304168099633,0
117.582025790962,-41.95952085599857,1
-52.40490138163216,-16.448134397986315,1
-238.02511856282666,-1.7971325114670975,1
-170.4787409096444,-3.942050412031243,0
-155.85584223362764,108.21508236525,1
-181.39230801179235,-30.738342909861224,1
-124.84646245787025,-48.10710304689348,0
116.43429966871383,-76.42895435459647,1
95.3269980708028,-68.64961853292269,1
-11.358527483381408,-15.22884013371624,0
-42.859004164792054,136.80293695432889,0
-165.4220750653327,4.093209563129953,0
-177.64047950741434,-32.103362305761515,1
45.86515924193736,-36.64562064562656,1
-153.22596426410172,-23.285990756313474,0
-152.07545163307338,-28.883959208078828,0
-201.5751407504536,-5.425595603417165,1
98.91349581770066,-27.114078732172153,1
42.68945375983617,-49.20359186156187,1
45.86515924193736,-36.64562064562656,0
63.72874170408704,-35.75819393478799,0
76.25503690173957,-38.24574804912904,1
34.70690422716552,-6.14517018084625,0
-130.431153893386,-4.3459059410837995,0
12.057581276577139,-24.129262415829096,0
17.454712530472875,-12.356523011310848,1
359.76936927222937,-85.47698035712966,0
93.76271200243355,-46.84314987643278,1
-182.72022562283257,26.458420921968283,1
232.51658728165,-28.34493525045344,0
-169.3163124510968,42.80519145787229,1
-169.26386751616553,-17.361268665854134,1
51.57605604852279,-38.69232651583045,0
93.16722816554102,-32.908978619740104,1
40.99249347673174,-17.986404585674016,0
158.4904993821399,-11.64879394319761,1
347.509769086039,-67.20485542399797,0
25.813619611273793,-42.977630563170685,1
-94.57245952310535,-30.268388540506983,0
-205.68372292656284,-0.8774929412164525,1
-198.9431029086399,5.964174687124348,1
-84.45259290082004,-27.530781998040247,1
90.05933747971767,-45.48340922694798,0
57.20029087965827,-44.68675916910133,0
266.8609449838458,12.977666982826769,0
356.7441476296709,-73.51346685408893,1
363.51060071863697,-81.59556062019757,0
17.433310037963224,-41.0860754045871,0
-214.72661780523129,17.969011294319266,1
-166.89144450590425,69.61839997907575,1
-221.9114836440558,-7.45906189710319,1
-171.8235964920101,15.86923880149034,1
-105.1426712472906,31.520165954055635,0
52.471783531010715,-31.57623500027622,0
-102.84713755400946,20.295137720781412,0
201.69755873450606,-1.7778915399203399,1
-86.78081185298731,35.18735018355875,0
-68.43349277587595,9.552255798910892,0
-259.33652384542,47.32578755586954,0
-31.441679551779544,-6.097694057797604,0
-185.0747214633372,-5.8744196139268965,0
-165.92129393174946,-12.941588365973097,0
245.4397237075616,-16.377932895578205,0
-17.80672093144267,-9.149347484368697,0
-202.69839125159535,-1.3512282980191515,1
-160.71282634877736,19.454455687702563,1
-83.94878058216972,19.23656833950009,1
-173.70821487091666,22.3916938233642,0
-226.34084553972724,-2.035659060539281,1
-163.03289618884844,7.650151212936954,0
-31.42694658325081,-6.091632865696084,0
-138.1924456282481,-34.57113162883248,1
343.5707844537444,-68.67663127917416,1
-197.5476074363283,18.37784284624152,0
-67.68936193891363,11.420111278052829,1
270.6680566127278,-20.352629106283295,0
-72.20589816243768,-66.34057838722461,1
-192.1444879424226,9.556313081609282,1
-135.49660501749787,-16.26328074623695,1
-244.77629950753408,29.016187687526084,0
-108.53056727850867,36.809376770573564,1
-215.80756486803313,3.5190875898574134,0
-92.08222815254135,32.03705389715025,0
226.10884485609427,-25.52712028196172,0
-209.4650113911647,-8.261620358930521,1
-107.91868352205591,12.248993925873947,0
-198.23256469309086,-1.0058350178982423,0
-201.52070435966164,13.082744401799332,1
288.72619004701266,-59.816940422539055,0
-252.31484774283626,0.541645955926839,1
-105.58863901934888,-7.441029790315255,1
-151.84429188795121,37.81821550540794,0
-142.4843324370471,22.602981937739337,1
-119.56689989259382,1.0493095462406004,1
-111.22081170678524,44.1965489420015,0
-238.64184099352354,28.495423052925336,0
-200.37226256718372,-2.19506497352706,0
-70.67286825370229,26.60201874155405,0
-218.46061557100222,19.279019359934743,1
-220.35145310770508,19.987177791300667,0
-244.77402011501204,22.352941545923436,0
52.03267076596342,-22.718990521840873,1
-198.0305579066557,19.9537656845376,1
110.30926208884898,-30.350124355197956,0
-44.327549921822765,8.050132398891826,0
-88.96057705223598,8.690080220791906,0
-212.61633782276692,29.642871503082592,1
222.72883321451332,-95.68558641024825,0
-219.57418691492154,4.875982445609736,1
-141.78519665930327,-30.299918566960564,0
-63.28247379504569,-39.73433449838182,0
-60.8690840865342,-62.24656971946812,1
-213.9550864756588,2.839306554815458,1
297.682403050375,-42.52809810826128,1
-17.573925621580088,-41.08832464139007,0
-215.80836625739278,3.4930700253705496,1
-218.64359466100484,-8.382852119890728,0
55.21516449300816,-13.653252907074965,1
-99.30187057271104,-48.08073357247563,1
57.68367023793792,-28.00224439911789,0
-45.9557604623584,-68.08963403429243,0
-213.2348574071035,13.291646476211383,1
234.0967591278768,-23.921565464472017,1
-204.02192434706302,-37.13181421530795,0
-237.42041319599912,46.119285677174574,0
-134.3565511615759,-36.02622401317806,1
269.296646061979,-15.258347038497924,1
-132.35669593365782,-33.456035887779514,0
-222.63748125107634,-3.395694367085447,1
-36.135792295105944,1.9438818187413531,0
82.6819002212901,-47.02192366704468,0
-70.23512833652546,-21.638052497897398,0
57.223218710835795,-49.44851881799786,1
-88.96057705223592,8.690080220791906,0
-209.46005151980427,-8.267743101594789,1
353.0512060143384,-64.31514575070719,1
-161.32627762791668,-16.638736180222033,1
397.3596052715051,-67.4900369734541,1
-133.4498040656926,-13.162605584944238,1
-189.14934780384675,-6.376232347251779,1
126.96077654251815,-19.474800173240958,0
-232.7320938983309,9.742464216586377,1
-143.7964007549357,-32.51501705065845,1
-44.90902180112357,35.64173578596758,0
-141.8001086073652,-30.311790432094917,0
-151.90949163598964,-17.180927640774676,0
-144.95107329766876,-12.754518078915773,1
363.995843200321,-68.37756490633186,1
389.8679553608986,-64.70264703987391,1
-153.83404412675077,-25.060412026304853,1
-227.89959469618645,22.818492955049507,1
-160.67223490349824,-26.289055752267238,1
-204.67868859804537,33.75434306988421,1
-177.4093073222972,17.965923046292907,1
-200.07679294841745,8.430293116254347,1
-174.4695999891846,-0.1190078280903819,0
323.1283324347587,-74.92589615337576,0
-146.62256363238134,-8.306053616181572,1
-153.2910628107789,5.186798104891231,1
-113.48526671650029,12.25005935319102,0
-24.60666416400477,-109.6583327431722,1
-57.472799683281664,-27.107333915758765,0
-204.58465010469627,-0.6620797838672914,1
-1.133030296995571,-10.655713466085238,1
-158.66562949126342,11.004672501631646,1
-122.1880227577708,-17.355164587862184,1
320.5382889054157,-38.466552033009755,1
-170.78161883010716,-13.158192653263804,1
115.37023695348626,-79.83684607801928,0
-105.93827839021372,9.473354203736633,1
221.81864752937997,-10.55230091532649,1
128.52820181319328,-84.70133051131546,0
-73.47840015007876,7.199284085530074,1
-196.97090667160285,37.23022736164185,0
35.14982535800493,-7.967221855054923,0
-222.62271026098858,-3.388398783303437,1
-196.5186134265776,-22.14681921717193,0
-126.8482275671131,7.500011337730115,1
-207.01869313792872,36.18457426290787,0
-25.174344928163464,103.62242412666414,1
-177.51883641609908,-11.001216638325253,0
-81.51336432988143,0.44647114798139853,0
1.7388421637558622,-119.37159455893718,1
-181.31260866909975,-18.672286778965237,1
-210.15531606666138,102.73524923115733,0
38.351907988042626,-31.073853471719183,1
-198.19833481152978,-12.432693001932968,1
98.27886772262923,-154.98595715183686,1
-210.15531606666138,102.73524923115733,0
-176.68900690234153,8.367156560344881,0
-157.38612906159517,-45.26072325143087,0
-154.94304074664427,-25.431414810052395,0
-81.67902417961841,-51.60149696139309,1
-297.74605992727504,21.120628295890434,0
256.9429977327027,-40.19141712528772,1
-131.1241201630388,24.69168245506296,1
-131.6150731172865,-8.33038411881077,0
-243.97203002258345,34.33780494506091,1
302.3629059636355,-0.48658033339251716,0
76.45576635114071,-75.33417659713828,1
208.9055277157645,17.937469167374957,1
-211.35617687154024,-7.564108806702166,1
-32.616758818942685,-17.585732068512677,0
-93.98273491495576,-55.590974187358036,0
-143.98276099040157,-41.128214292633935,0
-91.29173526128147,-60.55474240366906,0
243.77424006078638,-38.24866363016155,1
-209.46486854756853,-8.256982859779363,1
-221.87068778726552,21.76412444892513,1
1.7388421637558622,-119.37159455893718,1
190.51752079500602,-188.9729298071764,1
-48.5937924963913,19.57216935657639,0
-193.61483202895198,49.396457591931735,0
-73.74872366428485,15.804194703833822,1
-170.32827782373266,-31.41494887726659,0
-210.15531606666138,102.73524923115733,0
-210.15531606666138,102.73524923115733,0
-66.85022827939554,65.93895110082342,1
-53.92212176290741,-54.93690892514041,0
-194.7414542178326,58.12691817259646,0
28.084348188886793,-129.0848562710099,1
186.1249627103897,-12.191302306944628,1
-230.81396357172991,29.47645090251262,1
230.98104576048718,-23.89862208807039,1
227.98595378866844,-26.20847023197276,0
124.0617680987483,-102.77168298461464,1
-159.86913028919435,-27.196032404500336,1
-125.07499261218317,-57.200837113206596,0
-120.27695097717236,-18.01610553107124,1
71.933361552865,-145.27269539020736,1
-145.73998442791122,28.58312226427078,1
-193.8031147211346,-9.33165439563524,1
-202.15801996953053,8.597710087720209,1
-62.967458358377314,-54.257003095811534,1
14.911595210907763,-124.22822542682408,1
119.00744337650247,-26.02749173645224,1
-193.7066783861638,5.49890109580803,0
139.62649401825615,-28.092824482319493,1
-214.16969488984893,31.214539112900095,1
320.52231872303946,-38.77038164676831,0
347.0183133811014,-53.802987797982446,1
-24.606664164004656,-109.65833274317222,1
360.19160295628217,-58.64217636447366,1
229.83750409362608,69.00554392082425,1
300.09348841241865,-44.43872833966568,1
453.17797543962456,29.12680177538337,1
338.59226614039835,-85.34127674565599,1
41.725991159529826,-134.24829318153246,1
120.86804671461539,28.067663038718315,1
368.0500665546781,-44.582252271472335,1
298.7189339728425,-10.43827783399744,1
-318.88326627920844,5.252852572152982,0
-181.30251374880214,-18.64965467201545,1
122.31387213831681,-43.385796043827646,1
315.06907220249593,-53.54114452385664,1
-144.8863686184393,16.3598001508293,1
338.1646896298553,-72.15487532620304,1
-196.17164016889933,24.87324615554364,1
46.148447370262716,-63.406150401205814,1
-152.00461140743505,-20.06135031503475,1
-183.7093179212186,6.815434067818103,1
-37.818004297188736,144.80173138239,1
256.82178540687823,-32.006142972364636,0
65.28629190616937,-70.50707489529273,1
-171.35792644161268,-20.590247378602875,1
91.72397764076914,32.868360062689256,1
-238.9156388475887,27.77127611787215,1
-212.9673502785168,19.722003024890817,1
-27.321271891786523,-46.45709219973855,0
24.935195768637072,42.799723208939135,0
97.74714655589037,28.838762780444924,0
62.52342485794384,28.914406102714384,1
120.70118218644757,50.753678710452775,0
-63.370400446822146,31.993031265334366,1
-95.66278892175097,-6.522215846589482,1
-102.20978914387649,-12.621777031210733,1
27.892814771871713,-77.6112380256219,1
27.892814771871713,-77.6112380256219,1
209.50482270516716,39.68010726043498,1
209.50482270516716,39.68010726043498,1
209.50482270516716,39.68010726043498,1
183.20551869604162,37.80851289775896,1
117.7444974557825,74.35302276174627,1
144.09000827498733,64.63975940704411,1
129.01610601665118,70.17444043117266,1
104.57188498516166,79.21431117464442,1
84.68161313893017,31.004966825826248,0
122.85685345011404,85.37255785061498,0
114.517170238532,103.3238498545744,1
128.2140641815472,33.31685207632969,0
133.04699383101388,46.40685553361559,1
152.8741533091037,33.57835061913513,1
148.37461668370793,82.2810699660336,1
81.46878150838529,59.974124356581015,1
166.04762947006202,28.74511717298612,0
152.8741533091037,33.57835061913513,0
142.16013691383716,65.32976207674568,1
129.00229607555832,70.19834585336544,1
91.41406676175552,84.08366303651091,0
151.58744818736386,53.31191247875576,0
138.4294808581992,58.176397758180656,0
126.08432336623287,56.406387575605834,1
138.32393796765484,20.201941238501405,1
112.85545353054715,58.264995492377935,1
189.135079361997,47.94935446315058,1
189.13507936199687,47.949354463150605,1
195.13028099223368,45.73821121533669,1
58.365678031608695,40.733937538517665,0
141.9001591343117,64.74397167826689,0
102.41723328272099,67.68559310369332,0
-189.7427220650407,7.592870787708314,1
125.27151320693144,63.04088314797025,0
180.96815749744417,14.33002707718304,0
184.84492216837782,71.15415285970025,1
162.81914454282173,57.67832507711237,1
129.01103352000553,70.17731182186948,1
80.89263330590188,41.125018492629025,0
36.28339857878848,47.51295748125883,1
1.0839315631222917,38.86348412443286,1
14.241900166058372,33.998998408566024,1
45.67819546220926,32.461736112441585,1
56.3752784235744,64.4303647502407,1
68.79627054689206,51.71573168665028,1
33.5818323381493,43.05244943154274,1
24.187035039898774,58.10367094249621,1
100.98451366605286,58.0424255850275,1
65.7700755754147,49.37914328945291,1
3.991940198115458,-69.34589238635365,1
-110.6987828242211,-27.038058037015894,1
188.0517719215959,1.8781607004615708,1
368.064854731747,-44.57439870250797,1
354.89210009181534,-39.7177672888749,1
-42.04111955156304,5.525374308592021,1
-94.10154454638774,-31.33010511495018,1
-165.52196433376878,-4.951136166262067,1
5.424801384809939,-29.85553734559796,0
5.424801384809939,-29.85553734559796,0
-200.82729875097039,-2.0605080622899976,1
357.21887142846106,-69.27841421084167,1
-172.5984851055279,-12.479567602713054,0
-238.64184099352354,28.495423052925336,0
22.006918505609406,46.50504546573069,1
286.72855992012614,-43.38143637920235,1
-179.3683811843036,-19.362929073085205,1
-238.64184099352354,28.495423052925336,0
178.05965750273515,21.05180841017588,1
-202.65052342902158,-1.3755144331294389,1
318.67579498032114,-55.144450638128966,1
-237.98266778574515,12.725570253156462,0
-209.34449280465424,29.72674594653626,1
-220.6161025102523,33.905328669337166,1
-144.39359126261797,-22.927353820652606,0
247.25482078749042,-28.782917865361817,1
357.21887142846106,-69.27841421084167,0
-199.14803149220808,11.073706393495577,1
-200.42908796974956,-5.216175924318151,0
-7.073775834568778,-116.1234664728587,1
176.98233165151487,15.287449374700302,1
-254.60385870362398,19.81102997930188,0
346.1994827384914,-52.789067594468186,1
-112.72254324930338,-3.4713321424254175,0
-234.07969835121395,-2.6947171209931184,1
-253.15209805513177,0.8647961980345684,0
7.259730909830068,-20.359029825912565,1
-160.34489592687322,-2.1295422361968264,1
-211.10276703318067,13.428443470105861,0
250.80927266661843,-27.7342181267559,1
293.42391590904845,6.925740350262231,1
-268.46371015337184,57.31142019799941,1
-134.24887542198434,21.987442561390672,0
-121.07626160352538,17.126153686672744,0
-166.9305531686312,17.40510301970825,1
-45.95251801102131,-10.614526291322697,1
-275.10804975223084,45.39527333619511,0
-237.84585285657636,-1.3226432618516384,1
260.4275740774766,-33.639548816452994,1
187.16075041490228,8.145547578596045,1
365.88720819865546,-69.06827792981429,1
-134.8416912953124,-25.885380518598105,1
-219.57429804297357,4.872374609762858,1
-81.73156584051958,57.57577037124959,0
-149.21665038155066,51.095295718994564,1
-134.85931833654257,72.59065163852772,0
28.55323776428429,-129.39166219437553,1
-219.55911948032247,4.892902270218315,1
-232.68339901659573,9.745048888248668,0
-59.26146215945522,37.3985945699081,0
-380.22762527231055,6.246265528684766,1
-58.410781875999646,37.03475867836168,0
68.6602032991616,-144.24767290341234,1
-144.89525191155053,-9.766003097055538,1
-190.26287832458212,-15.325928180801334,0
-231.6174603776971,24.179968584132954,1
298.015344587895,-47.53949020788814,1
-17.561961026763015,-16.996761980095265,1
-312.43374137450644,28.081206974264916,0
-251.58787600480923,51.08545889960817,1
-111.47151202001481,-44.84834281850036,1
-104.84335166609566,3.2356350615680967,0
-113.61288596089179,-33.30204067896198,0
322.93755449581965,-46.42644087821396,1
-309.45157870398083,21.608606603835902,0
-219.57452076275513,4.8651438845120225,1
8.991262830638561,-23.77470375871652,1
-188.71329374956315,4.132633847814077,0
-147.3464543788105,-7.733962810876648,1
302.802456747982,-48.90670830379725,1
-102.15827292094997,-43.42751751767543,1
-77.42433612712347,-26.747560254681296,0
-70.12859686251966,-29.18639218169529,0
-85.64292986078476,-49.98893781354004,0
-168.57782316186263,7.144919159017874,1
302.802456747982,-48.90670830379725,1
93.02860273404053,-41.664543495859,0
135.89223418227266,16.671444927947746,1
-104.86365029404982,-32.31162771869791,1
-109.02658955946367,6.692272838089266,1
-158.08702592941904,9.465682326567745,0
257.4333180057705,-53.5508920906293,1
-156.3502075580784,72.27000558431135,0
-222.62852164774904,-3.4093808525116884,0
8.684967194063233,-18.15760148301512,1
-152.6898950957625,21.23842187507566,0
-121.41669356417367,-68.95451451949666,1
-219.6575869543134,25.091655498764414,0
-150.58786440433755,0.9764350187497612,1
-143.77883591667404,-1.0604942703437104,0
19.271731554134362,-125.8367286521424,1
-123.70833072654426,15.942441429073675,0
302.802456747982,-48.90670830379725,1
-184.69135259739483,-39.3721943741405,0
-75.63477337185867,13.572265902027361,1
-258.65444648489546,37.749968530397666,0
-154.3118462558562,16.8133656916094,0
-109.28247709560901,-14.657249076730373,0
-79.99763089088918,-56.465304722242884,1
-259.6375214863777,12.045064831369949,1
-209.62925950909062,28.97391495369089,0
-115.48086178509527,-39.681997186170726,0
-323.09646919924205,29.712593069626436,0
288.7693449363512,-52.211665571578955,1
-180.8179195212448,2.650436125484937,0
205.63313115759968,-40.51372989076591,1
-65.52828838095314,-2.8461766044102603,0
-312.43374137450644,28.081206974264916,0
141.1780605405853,42.90589175273313,1
22.149104915101702,-28.6432068293637,1
-103.18834694734409,-65.81077028275905,1
-125.03102020971392,-25.557564081899308,0
-97.33568446859266,-50.6205964752672,1
-276.17567666198835,26.587521903155704,0
-102.0526803083111,-43.182835632252186,0
-83.28485145955597,-50.13258316398271,0
-394.5168839432109,56.09156029025249,0
-59.36810980160669,-46.09642885490664,1
58.78999175017168,-140.40662161714246,1
-111.47151202001481,-44.84834281850036,1
-131.72819772145772,-11.655042347192953,0
-255.30003847375298,6.9952683645044615,0
-154.86194407103682,-16.68856036751675,0
-100.11611216409966,-24.145827096460444,1
-85.1786131497135,45.181642096941076,0
-130.62468035452565,-37.77271450537237,1
-309.45157870398083,21.608606603835902,0
-257.45338902223824,26.75442474460351,0
275.12377987667924,-19.65128659554899,1
240.0775622649494,-36.67569445332588,1
-101.79489308032612,11.497913810342403,0
-143.78264846942676,-32.90822895672469,1
292.4402354083021,-42.283797391326026,1
299.5636085763051,-28.666187150463863,1
-164.13487213123733,10.705758076587848,1
-160.79846656976395,19.642662126363433,1
2.2077306323935773,-119.67840010308544,0
272.9654965355511,-51.66451663982783,1
-325.529811943448,24.337911508749364,0
-265.5245529365405,10.750090791212465,0
-152.6898950957625,21.23842187507566,0
-129.3357223610558,-66.86322692247523,0
-140.01286035601618,9.297262895676027,1
-97.81971556394825,-18.0264133059545,1
-80.1400286313472,29.48998444585912,0
-160.99639248974069,13.06308616715095,1
-150.9621164300467,5.849126299327708,1
-91.30497694284583,-80.03828721677297,1
-159.23037724150345,6.475605265245356,0
-164.71901865118468,60.7141368305096,0
-114.9802864872641,2.1064590614095877,1
-115.92780861728721,16.809648767514666,1
-210.2025999032275,21.599631303673718,1
247.27268854303793,-101.39436479280013,1
-94.40670533782202,11.500358928840392,1
-92.98567443585574,67.60729594355523,0
-132.69013024176655,12.058148996879147,0
162.14207242383088,-22.282506554296525,1
-181.01070627979988,16.93171937497906,0
239.43382511757954,-84.76747216379786,1
256.3097319089577,-90.99107507157996,1
28.084348188886906,-129.08485627100993,1
-202.67567560783937,7.320448355070006,1
-128.12893749332312,-4.912305180446019,1
62.65808741448848,40.88004125792801,1
253.9446600141648,-80.25063870957311,1
95.00571415505544,-153.96093627068552,1
-117.63724709690081,-50.841478700705146,0
170.1953179935589,-72.93340798493341,1
412.816286664636,153.74062801000963,0
164.17201542701378,-179.25966832026404,1
-151.54626333990848,55.85750518684874,0
-192.76898416760014,68.61498386847552,0
-112.74445715483739,8.053749122933986,1
-222.61560785913548,2.3059799325277908,0
-143.83539848165162,-15.45733530365326,0
204.75406546175554,47.520468702841285,1
123.52838798145694,-25.75471515401778,1
143.70343274120683,-23.22693554895873,1
142.5785775997947,-17.47139241077482,1
-217.81543268991322,-7.948781555230667,0
258.72014778254027,-41.148873827563655,1
-226.8553135398398,-1.7410575711823881,0
-284.12838296294274,81.66763574554861,0
-132.78686375880972,48.93432880929643,0
-316.151602400177,29.442681008082978,0
272.75325957552525,-37.84391655339319,1
-193.3129535244846,-7.843617224945547,0
-145.73996391976056,14.080222142919254,1
28.12964509369965,-30.858186362273024,0
246.99781949916144,-87.55644178711168,1
-218.91030936196427,-4.759572003392627,1
-147.64084677716676,14.766847050883491,1
-270.9091319338506,16.22364780836496,0
47.34096347766524,-71.10997254274321,0
-153.51558953842823,30.709593726053864,1
399.64353486258915,158.59725845127693,1
-192.76898416760014,68.61498386847552,0
138.30630207801698,-34.99967515587493,0
-276.17567666198835,26.587521903155704,0
48.84211097361708,-63.43980917674218,0
-145.73996391976056,14.080222142919254,1
-68.07975320463538,-1.0998324921979545,0
-90.63850698592461,53.228537300983476,0
-204.83790937415563,10.028720531551905,0
-289.8210517761132,19.71571755877911,1
108.77090667505024,-22.324880810071967,1
97.19779003072892,-16.029580249549902,1
-94.02884015512313,-8.1728341550183,0
-94.02884015512313,-8.1728341550183,0
-163.05681073286894,16.493997071444845,0
74.6940344486851,30.099800550331228,1
-121.65246021818541,-16.163900485288984,0
-226.20776540749785,21.555727256732688,0
-157.6270475054941,-3.695816032174669,0
150.99926267517515,-174.40303755356254,1
-99.87742832334584,-0.49622508721372327,1
179.28708816125925,-30.817910328238646,0
-192.08282755913802,-12.902968700800422,0
-154.73195551625525,-1.4664218299847533,1
-280.60378561824126,27.392804297680044,0
-109.02636683968205,6.699503563340059,1
-13.340728330902948,36.86686623247091,0
-4.181491355712183,-18.918072500497352,1
-74.80801162797735,-16.466248126195076,0
32.41510165680097,-130.70280252798938,1
111.48100410306279,-159.83314514498,1
-235.2245877649538,-2.866367425377973,1
371.367319559071,168.97323994023168,0
-298.6231228974423,30.63882542687368,0
-116.25417416936267,13.05771798601738,1
-145.73996391976056,14.080222142919254,1
-47.771749031896206,-62.921093317023555,0
-5.056069671678188,15.914562351700333,1
-121.57839885603255,-21.786869388083765,0
-217.81543268991322,-7.948781555230667,0
-354.5306509986714,44.09495174326635,0
-119.20119179653324,-0.7326940461163218,0
97.43057039019175,-96.87471988611452,1
196.26164336458055,-80.59084983144086,1
384.5251569401091,164.1046573481923,0
-116.54890277294709,-8.061506281171937,0
-49.89874076815613,22.234529227016814,0
-182.0718975571836,5.323591473488342,0
-266.5362220387518,30.88890730975423,0
-186.1338940147632,8.840373429950702,1
-177.87519490509254,28.320849849817797,1
236.89253237006415,-30.656689824237056,1
68.61511322063586,34.50545474026218,1
368.1137993838895,-44.43085324888414,1
139.30602837194408,49.33904840820953,1
59.55618880984957,41.401860890294756,1
-160.7241232804531,60.85914823793137,0
258.85879501111765,-40.86608988247979,1
-175.33962976841718,32.385851643293094,0
40.02962940297391,66.71418679560207,1
259.9336775542524,-14.725869152275116,0
-190.88011134315883,-1.3304291899128557,1
-175.29921498995526,35.38488775634917,0
-162.04565436056862,-7.040216245598117,1
-146.6149104945555,-5.706380796706739,1
-249.70990324092634,4.225797954894574,1
-175.07168384465592,9.685670682716072,0
-132.35669593365787,-33.456035887779485,0
267.3561279885761,-49.61665584379481,1
272.75325957552525,-37.84391655339319,1
-138.54524293348675,-6.90376015067384,0
-174.07844998457557,38.63065914904174,0
-227.34338547564516,36.040893948348796,1
-184.8727142309217,15.085180935699334,1
-180.73697641649068,20.60615282724465,0
236.89253237006415,-30.656689824237056,1
70.06223700879411,58.21036638197949,1
-212.92609650697187,14.289407310404535,0
-169.89238004025208,-19.606172511429442,0
-103.18589293268923,-51.1541018970949,0
190.76840848110385,11.956660377437515,0
-233.5185060403398,39.54401499015327,1
236.44332830513395,-90.31103230301406,1
223.73456677608306,-25.79220513935109,1
-153.72783001358573,-57.01440065772096,1
294.16647670230077,-40.438926342509525,1
-266.5362220387518,30.88890730975423,0
-175.2333257824825,-2.195536173779246,1
-201.3528556165341,7.998110684989015,0
-129.0893097285238,-7.446528021027341,0
-105.7881138818795,-22.08064300874222,1
-193.5535992119552,29.23661750252406,1
-325.529811943448,24.337911508749364,0
-181.45371049919555,15.56996108690501,1
116.41749530952177,7.290725679445977,1
-246.46427788399149,7.204238932779248,0
4.815048105143205,58.04624785637952,1
-175.51161613830408,-0.09321288533143957,1
-126.21325640375613,-27.55291760414628,1
-25.40365106061313,16.228459852556824,0
-203.71616975428714,36.420748762822456,0
-196.57472770234614,-25.14484302925444,0
-103.8791687991154,8.993308940794755,0
-215.81253537081227,47.011462935935555,0
-68.5716785503343,-57.013111586410055,0
-183.6242933452683,53.338157209026946,0
-155.41985421060332,2.280433323802427,0
-107.44981203806577,-54.95557487372326,1
-26.999814698767636,17.38937057051352,1
-178.85762410310303,-23.529193291334416,1
-111.47151202001481,-44.84834281850036,1
272.4032512904862,-0.7011910690957492,1
-179.64537147625322,37.678306111154214,1
-129.04818826174113,-27.58788811557752,0
-157.43980409957055,34.42885078265431,0
-107.44981203806577,-54.95557487372326,1
-221.2096677438709,35.23872391488453,1
279.4602313321974,-40.038193128899785,1
-45.713722052132766,4.54879637624591,0
323.9565285138864,-60.3139828880476,1
-188.44799684952204,-0.34814282727739965,1
-231.09222381162851,5.52377388063146,1
-159.93838659856806,4.190222256758574,0
256.15318944258127,59.268456242245776,1
-78.33178161582418,-26.173952743669638,0
302.802456747982,-48.90670830379725,1
-208.32202884405473,0.7058225404707557,0
-154.32350080785358,19.66390498927707,0
-104.11281137459412,-55.57978528518648,1
236.89253237006415,-30.656689824237056,1
-207.21920580248792,41.415610645009146,1
149.5431653587308,51.192476543502565,0
379.42477727205153,184.8589811329047,0
-49.065107557474676,10.056191327757809,0
-78.77484888253565,-37.16593062281773,0
128.6540904426612,168.05929159118523,1
54.50001578992658,4.251564158871595,0
41.95658554764316,146.92316736666208,1
-184.0078550856984,-20.46513966128608,0
-97.34348891036035,3.5544490590209037,0
-136.44232744616966,-55.88669981699248,1
379.42424002433427,184.84153907810114,0
-158.0442098986212,21.228384078861602,0
-218.3487536163912,-9.092328723769214,1
-199.87965419311678,17.508263116596815,1
-163.1876525797024,-24.869970554186843,0
-116.3573070639568,-7.574719315435416,0
-83.32084581559883,-31.098829867686057,0
-244.1298789093824,53.117924986423084,0
-83.86204044664248,-9.224040330780419,0
-215.99001596706512,0.07797973492272092,0
-191.57543607770413,-8.979713801234311,0
-218.77045382660083,7.1893144003541,0
-173.96438898416676,-24.877033863658617,1
-266.76520799362095,18.831181585601627,0
-253.59244913598087,13.97454872682355,0
-240.99767060828952,19.157477697839106,0
-227.8249133589096,14.300845390111263,0
-227.83982530697148,14.288973524976882,0
-229.72579374336902,14.987550583713286,1
-219.63132699998232,1.844655147413583,0
-206.47348528656238,-3.023928929062315,0
-201.35999490616115,8.032442293777251,0
-191.2506117785108,-5.098420531472989,0
-195.92385414988854,2.4560219872920754,1
-163.61271770047654,-9.484091874483639,1
-163.61271770047654,-9.484091874483639,1
-179.048020001326,-3.769939311099151,1
-146.736883551914,-15.710053172874844,1
-182.76588488043586,-2.408463956948289,1
-169.60791612411714,-7.272949725369699,1
-164.21078464904303,4.499789603364476,1
-168.9381442179428,-16.884850833268935,1
-254.17042858398054,24.01411025442836,0
-229.72579374336902,14.987550583713286,1
-219.63132699998232,1.844655147413583,0
-206.47348528656238,-3.023928929062315,0
-163.61271770047654,-9.484091874483639,1
-217.44728627555196,16.55082652967799,1
-114.14210346786723,-33.52659335327346,0
-99.79408233909538,16.936451814357177,1
-85.4475126988969,-50.787150288018815,0
8.60990253167779,-24.801030980417316,0
28.877022393113293,-24.7786333950151,1
-218.91030936196427,-4.759572003392627,1
-137.0562138974094,-3.021613144080497,0
-69.950364253408,-0.374922117825534,1
-151.11418050689474,-6.490603848898488,0
-247.05014892082625,11.355090968309064,1
-202.03447521340172,-10.985533301783867,0
-130.3682384085734,-1.7325564781436142,1
76.25503690173957,-38.24574804912904,1
-207.31109225578928,15.230095098204572,1
399.64353486258915,158.59725845127693,0
-153.53353498655252,4.185061184224175,0
-194.11918038793414,-15.64568320248781,0
-291.9387291071328,45.93073325030532,1
-77.54723590085473,-43.536092967405885,0
-206.22945605270763,35.050158787686485,0
-207.59374977188259,-8.965409589149012,1
-48.78599585739323,-20.909801638469666,1
267.9862140730544,-62.468152110863805,1
-252.23220183155632,5.846210388210942,0
-234.80109693158306,27.15158021777611,0
-151.09918194386717,-6.475919979301523,0
84.10973860262698,38.273519309436594,1
-178.41052608775402,-22.795478951776197,0
-215.99808302370838,-8.888303701561455,0
273.34362785713915,-97.2598835143271,1
86.66986924523974,161.05083192618588,0
-162.06851509985358,-18.110454743970358,0
-101.49880349958994,-5.044376397979818,0
-101.49880349959,-5.044376397979789,0
-199.58672839222424,-4.793425004561435,0
-247.17682713820204,13.843801647226712,0
-199.85912591240987,-11.345266530334634,1
329.6412625406132,33.71243813714489,1
-192.8002519448852,19.746926697280664,1
-186.5266169981894,-9.903586838366941,0
425.98850121896567,148.8665555139387,0
355.5897082097355,131.57186052781796,0
-236.47153182365344,13.869470238829194,0
-203.69091434864663,27.690034825893484,0
-241.02836625979705,1.685432101321517,0
-209.71031035108746,11.014682570424576,1
-153.06236524314915,-67.50210811690377,0
-243.43895171453022,15.180748600448233,0
166.28033260074142,52.76533918118159,1
19.929672221216492,133.4104684049326,1
-262.7652121707386,23.72007035016408,0
-194.6338279581043,-34.41984503600066,0
-37.818004297188736,144.80173138238993,1
100.91980864120023,161.95405430503374,0
-88.05897805053758,-45.42235465212203,0
-164.27214931773392,-1.6261180617962907,0
92.86317147941236,169.48892382657584,0
-266.4034917341979,-0.7581677617138212,0
-199.1023996622297,5.47447367761729,0
410.88377558892853,186.20208998877314,0
-195.13085139258465,4.493133967900945,0
-222.41513427127603,37.52896125975058,0
55.562115321107285,30.546653993990752,1
100.67705671506747,-51.29751830789248,1
-192.86334268223106,-22.67027764531,0
-100.8719089386525,-3.1256381130236406,1
-229.54426794544418,9.71092976353171,0
-73.00460384861611,3.51449679164881,0
614.3256624936819,-34.89310546893159,1
-162.03760040936947,-18.089750153479066,0
407.2892182572699,-63.847797972276915,1
-212.66843379688157,3.484968465140483,0
99.88940745937384,-32.114111288897,0
292.9451828825538,-32.34253823068453,1
-32.423465096846144,130.25949433716977,0
-106.98695652328388,-5.598450109253228,0
-141.31379558837784,-22.025694781308054,1
610.5121588777104,-33.56631364863117,1
-163.9809058473847,-23.94699657726847,1
-37.80309234912693,144.81360324752433,1
-243.7763654335144,-1.317628334132067,0
101.63068272726377,28.24147246928912,0
51.235138769277114,50.158849517137526,1
-141.31379558837784,-22.02569478130807,1
-215.32469645204895,7.697634683889085,1
-156.00991268073375,-5.414050210851116,0
-204.9995284229774,-56.64239424479886,0
-234.69890351262296,36.03800982681589,0
-149.47006738814287,-19.430164343743336,1
292.79642175249546,-41.43746308463974,1
-152.9656170165855,-17.297277625243645,1
-158.0439871788397,21.235614804112423,0
-306.5206767156503,-7.643912836160979,0
-119.96331470744792,11.386300963533138,1
1014.0892341241001,-27.078082460761387,1
278.9736225831822,-23.730218482925032,1
313.16394277026086,-58.6042616994086,1
-163.7475140525974,-14.612302130758614,1
-32.423465096846144,130.25949433716977,1
-30.81848768810039,-33.75626080571522,1
-173.50130418345168,-28.32850836976477,1
-240.52221290545475,107.1639455301172,0
292.9451828825538,-32.34253823068453,1
-304.44972818375356,-15.395221163263209,0
-131.95128568428566,-37.19672087440437,1
-122.7433407627966,61.782377993578756,0
86.69930148621836,-25.169667846408196,0
-182.72893133691474,-2.3894987103774668,0
308.7265640217107,-47.53858387374465,1
289.8812726280581,-40.63421118503447,1
303.0545628525115,-45.47339997399076,1
988.998947790895,-48.865012322037394,1
-48.60370091205334,-26.857844312754416,1
-48.94966820997229,-7.169402699512453,1
127.58994948165025,-8.980299496673382,0
-86.18794234703591,-13.065446839610708,0
-126.95956433308902,-21.6832966020445,0
-97.27700967792828,-22.704584646186056,0
-157.06021397198288,-4.82967428674592,1
-223.28836619212763,-7.644754394317957,0
-184.35989392116363,30.965552435923417,0
210.1480188234823,-39.48979327899256,0
219.32384610569113,-61.0259264110535,0
-62.824190808896276,-24.910650589859166,0
27.673044861960875,-47.78237756596749,0
-149.46926599878327,-19.40414677925647,1
422.72070498411836,-117.82591166424027,1
1073.691423254216,69.49253303331284,0
-194.4201166993323,-6.826795284473306,0
114.44702625750767,-4.09976466336672,0
159.53685861652832,-20.753602312944615,0
-112.52143398560332,-3.3106034226965235,0
-193.39421009993043,-61.01125905447055,0
-297.12587544018197,-22.69513570985844,0
-108.8929738864797,-4.9109669729590095,0
-226.45638618064385,-8.724603717147417,0
64.52362825942157,-17.779572921824972,0
-283.09367349245855,38.18175372209873,0
-94.83872150603997,-45.538645351043094,0
-136.089782868023,-23.523238923634857,1
-19.250712514970246,125.40286362870381,0
-354.9895689308545,-6.610463852156769,0
2253.0407847017123,58.85099085297756,1
-220.52782163401406,-0.8478185972888355,0
52.74546243509076,184.93859353034162,1
-218.29834758642062,2.225723016369713,0
-160.27914453093098,-19.068802706404206,0
251.67781827694034,136.76726335735188,1
264.850790325822,131.91778335569757,1
246.289887247406,139.55785049717642,1
51.371059624855775,45.03023750061505,1
195.00576154929888,-37.58869626484945,0
101.28918612290238,0.7687377391860224,0
-94.83872150603997,-45.538645351043094,0
-75.83415831351527,44.4512638624742,0
-106.86654883470527,-44.54764184556216,0
-4.686872343851064,-32.55573498340069,0
-170.41399928312381,-23.504264705917755,0
272.6370307222421,129.89777832082777,1
-230.6878508518526,-7.171230145759658,0
-199.55535249714052,-4.757747142627757,0
117.81184611653009,19.66723162398464,1
-195.88690102722745,2.4749873780653147,0
-162.62764531267572,-14.55300463671697,1
1113.9296683912482,-10.822414043113774,1
-139.3598829088058,-32.53500959159856,0
-212.53237836408255,-53.9209473882138,0
-57.42705792626714,-13.137911743406114,0
2194.8078468382287,80.38006087481602,1
-114.12120383115854,27.406187899136732,1
-10.781629845065936,21.173161541456096,1
-20.047805655665798,-82.15457052133857,0
-158.07551360499315,-16.67748578326701,1
418.5677645799259,14.022834402929902,1
142.29449750437868,45.0447782887054,0
-33.799481609599525,36.53422802033083,0
240.89275371358838,127.78511187384493,1
2187.1923130581526,83.1583097767764,1
2187.1777352670424,83.1572865084445,1
-233.77407169151013,38.76981458335866,1
-117.59339728580306,81.48416707455786,0
423.8469312005491,-70.92669532635958,1
-116.78094604549659,26.048501989679114,1
-206.8600407436221,-9.862084862648722,0
81.5386745579118,-44.21403574062318,1
-245.28455575536208,-14.201047391061131,0
-127.82733924760475,-49.16764841974233,0
-158.66609329330373,-31.524982117869364,0
-142.6952401556722,-0.5633021621107019,1
-209.7103103510874,11.014682570424547,0
-166.00417670274766,-20.575953226501404,0
250.99424724488722,-56.41870804446507,1
-53.903706043765965,5.690850822805643,0
-159.58603972977352,5.64905109422952,1
-157.59556253907323,2.1905764121339786,0
256.3913789884617,-44.64596880772918,1
-188.45245912379136,-17.91513491920434,0
-157.69412477327847,4.975775770476119,1
-63.27667010534799,2.9734501496413728,1
-172.90237436175596,-10.401714436364038,0
-73.28607210047261,-35.44598120572534,0
270.89250902356105,-63.5137772014755,0
226.7473591451983,-55.745409059425604,0
275.4340759214423,-65.4336390163358,1
-97.01165465533245,-20.940969939311792,1
-159.57107430423468,5.66265913628051,1
-153.54104585448852,-12.980791348874625,1
-88.57063952236575,-39.40360972719851,1
330.4711135451531,-49.25900485573285,1
2.9578865436498063,-50.870085736071864,1
-362.8747797163093,9.669339296731735,0
271.1894839955263,-72.3951621396655,0
-182.05349836511618,-8.988345757227684,1
-162.0793258413426,-10.041369899379568,0
-201.28403231100157,-9.29775201621542,0
-75.91279468413103,-7.7538649699466475,1
281.7795037334822,-91.79777230185846,0
272.2291681954018,-91.77102239125793,1
-266.1754940361203,31.84388034866957,0
-158.0439871788397,21.235614804112423,0
-130.76332295245754,-8.489047342529354,1
217.6775762518131,-71.67384933663308,0
107.85484323096011,-53.93531597224534,0
308.78721110047854,-86.27670480647035,0
-201.28403231100162,-9.29775201621539,1
-246.67352471158586,-18.010162179891104,0
-222.1492465881591,-4.605028120775948,0
-249.92750496052008,2.23017676288503,0
230.38120488336415,-34.25458317973179,1
-137.19894589117752,-6.096023994532011,1
-148.15159402306284,13.14896902944691,1
-191.56316703452268,2.658547666053664,0
-307.86248952666875,17.74739847948387,0
-90.16190624903516,-29.220019907334127,0
295.62924642785174,-81.41222043727487,0
226.55441803140513,-47.40380731348383,1
-94.94804406541806,-18.192981110706633,1
-136.78221249471022,-5.135636815604229,1
250.99424724488722,-56.41870804446507,1
-130.2305877738857,23.906126234541766,0
252.03631215559392,-65.3195326254486,0
53.74029978637361,-12.754128307352651,1
57.09431282152616,-35.17882249817982,1
-51.87489236294368,-49.8979761986026,1
-140.91693953938682,-4.738646356974492,0
-229.49451835831547,12.449108636717874,0
-190.97722974271574,-19.584868256093635,0
-220.61622875419232,33.90123008752947,1
-42.05894935161689,-26.08459734690961,1
-135.47064066907888,-24.59117274392326,1
-341.3776080315164,-10.720964187241442,0
266.0086697084548,-79.7273333282275,0
-98.82878074609317,-35.367672795459335,1
-7.436154081919312,-15.974620426884364,1
313.3156019219207,-93.34059336177424,0
-249.10790588826387,8.629423643677065,0
-146.8083190728725,22.804523326690415,0
-196.7360298083118,3.034181496009978,1
-183.56247795167542,-1.7966793931245562,1
-132.2529753684591,-21.892960262752673,1
-167.47645635429035,-21.814109557774323,1
294.7608932245241,-68.18321058194289,0
47.92530961881994,0.7723262852370283,0
-202.9632991365258,-22.43196662044462,1
-108.21551563649808,-52.90300927521323,0
-299.89726098754744,35.94290305676806,0
-252.74821156827545,-12.967745852338517,0
110.74887474850789,28.39858905080443,1
-92.69234993134091,10.653593079087734,1
-133.1046217375344,10.661982953175155,0
-202.9632991365258,-22.43196662044462,0
-121.34419967775437,10.508766172851061,0
-394.79131391778094,21.482332355074604,0
-188.1426985874935,-2.5616713611228334,1
238.87828201302148,-60.45717584729061,0
-178.28646906463962,-28.032022629291625,1
-106.58339440799847,-47.17618758188042,1
-177.1817965585459,1.0922572343111554,1
-144.18683684305546,27.007384447312393,1
-98.83824255842103,11.532320838229175,0
-166.42668149823515,-4.4393071366165415,1
-138.16492243843243,13.987413929516997,0
-232.1752463371355,5.424573296076943,0
-156.22363406909778,-8.622440877744921,0
-149.23253008222042,-27.230074589388245,0
57.544815179017974,29.830821194892575,0
-219.83913328508834,-16.206005322053393,0
277.6262999911846,-79.9982831724106,0
-165.14007410699776,-6.5320184679099285,1
-187.1669874334246,-20.04471742963944,1
-197.81335565953214,-2.730177539465558,1
-156.12652208788205,-13.849932696417945,1
-194.6338279581043,-34.41984503600066,0
251.4827200365812,-84.26263219588606,1
250.99424724488722,-56.41870804446507,1
98.3995967584126,-50.45186890414883,1
98.3995967584126,-50.45186890414883,1
-194.63382795810423,-34.41984503600069,0
-251.45065834016464,48.39161888023704,0
-114.00329459390866,-33.95506477328447,0
-201.28403231100157,-9.29775201621542,0
-215.35623759113884,-3.8224989531053595,0
294.7047789487556,-71.18123439402541,0
-208.2956114286983,32.69658042125836,1
99.75259067853199,-41.06653275891835,1
250.99424724488722,-56.41870804446507,1
238.87828201302148,-60.45717584729061,0
102.00236500178676,-64.23974072937426,1
268.7152418786392,-57.69936739242893,0
233.48115000094674,-72.22991499202817,0
68.36592026565552,-39.35740444611675,1
356.801927729584,-58.976987945538205,1
-214.44200243455236,-4.433265779328998,1
-78.2754555715739,26.26372580528391,0
179.58335505301568,-33.09498133227718,1
-167.47645635429035,-21.814109557774323,0
-169.3567421067293,-43.757928601337305,0
-24.08610601414614,-40.93902906200301,1
-197.56616828598982,-10.659227077720239,1
54.50001578992658,4.251564158871595,0
391.341185796904,39.041733944206044,1
-104.73446920790542,-67.63815632488868,1
275.4340759214423,-65.4336390163358,1
108.31610315053695,-58.41463188795665,1
-210.21270174393186,-18.748130215049223,0
-196.7360298083118,3.034181496009978,0
-99.80882317444713,2.6507755364828824,1
-71.05165050566598,-23.55818582792022,1
-137.65010706663497,-33.66569951504383,1
-169.22659667507565,25.470104009965905,0
-17.55558773458688,-51.293182467051444,0
-99.90511189693416,19.822540691287898,1
-177.74625331524322,-14.927632922263847,1
-148.4710410215052,-1.9332479989306037,1
343.64386651225436,-54.11563569619134,1
-217.0327321675819,14.495682837627292,0
12.670944900497261,-16.721835497845227,1
-188.12606283730793,-14.162238030436406,1
148.18157079180673,-31.404318750519217,0
347.9850318547385,-94.67458128110255,1
-183.56247795167536,-1.7966793931245846,0
-167.85133053605722,12.112952685177376,1
62.491444196378666,-23.406083135105995,1
-96.16828077926601,0.48016144406850003,0
358.83389488563625,-56.27350486507036,1
-263.28775279394216,24.95872180165755,0
-30.376768707325596,-46.54719634242661,1
377.45225761544043,-66.60560616117931,1
263.31810997843957,-69.47210657549911,0
285.3438876039959,-55.99627879291132,0
257.43337871661765,-53.5489210782224,0
287.1766353402812,-80.0250330182582,0
304.4391884549167,-53.37101237196563,1
300.1019108193706,-59.408495200818344,0
-96.3718128222065,29.059073874651062,0
19.4234836328269,166.9822904440782,0
-99.64987641890991,-25.506345785347698,0
-176.3023772539367,23.779235447934774,0
-185.88165900331666,-16.327656320722305,0
-136.84214185217309,-34.583233877477575,0
451.19019068761736,-104.11900530398864,0
747.8663295236483,-6.272114463462465,1
-195.9666881620821,22.519581428949255,1
-198.92933251367873,-2.7623844588364577,1
-168.88073844564798,-13.844897846865784,1
79.73421741353263,-104.83302668058798,1
590.9220848186558,35.41465363849784,0
-162.2683974243833,-14.594156970352053,0
-39.60851402570563,3.245210137754789,1
-84.15182822527419,-27.362970122294193,1
524.1552306289211,15.900018805047814,1
461.1742362787172,-83.26933072423452,0
719.9502612295491,-72.86141775266273,1
680.499114443151,-61.22708566543201,1
1105.082857252726,-75.46009846780223,1
-199.93116216187502,0.08356583284503216,1
607.1151920664861,94.08322456330114,1
-177.75384004309967,-32.391356618644686,1
457.04199678276154,-35.74885451042744,1
1325.320113143188,-105.11198273966869,1
1251.3519245460861,-52.49108570201903,1
38.43882224303752,-89.57243965766946,1
100.18953479132199,-112.37716263511939,1
1034.6821223323977,-40.18153847466994,1
655.5443577174801,11.534425914946382,0
920.4684420050148,148.13078590010784,1
209.1833578385989,-152.65058647112386,1
623.2332212680681,23.474539776722107,0
595.9113572676606,98.24400258535437,1
409.4160781087286,-123.2148794253404,0
1390.0320920719225,-80.71004968551358,1
-97.64612452555934,-38.47438469390348,1
-84.7734540150089,-59.7065520615181,0
566.4373192337748,9.063828025743021,0
100.18953479132199,-112.37716263511939,1
1339.3392322079535,-61.258807241243595,1
188.7280475126297,-145.10645293281056,1
147.43264562582044,-129.84586360863094,1
715.5551930742365,5.667999398313206,1
-186.81621874814772,-76.77081336618437,0
-63.129551649255916,-21.813793571182607,1
238.87834754611447,-60.455048277889766,0
-80.25754447823954,-106.23233075058295,1
-207.44325180271107,29.051748406060728,1
1428.9206235286906,-85.18015022470948,1
413.0330685545729,-95.22548907024836,0
520.047693093735,-29.030868977761223,0
38.43882224303752,-89.57243965766946,1
147.43264562582044,-129.84586360863094,1
516.8096834196583,36.76458124293287,1
994.977499238629,0.4144346318593435,1
733.1230147776771,-77.71804879220298,1
839.4154055807207,171.59122776382245,0
591.1966555457655,-374.0847947164187,1
137.76238947051058,-126.2890556941322,1
668.0292727473472,-47.33900375283738,1
255.75418169467696,-66.68100957628099,0
95.34467992924385,-119.82052577593711,0
-170.9112192693862,-13.678856691246999,1
76.0116765309532,-103.48433258261738,1
-52.18566245030877,-16.470317800671133,0
-256.93421304865194,3.550876631531466,0
526.9190626443979,23.633719754966187,1
1216.5547449543408,-6.414825544512652,1
1020.2033031380233,-54.1595378096817,1
59.932282127360054,43.61325851566498,0
-124.80218392814947,-99.65871657317658,1
-284.9644354539331,-7.315610950077492,0
-132.91374283801292,-9.044013146937054,0
-305.56910943247374,0.10273132853455991,0
-137.61009522911746,30.439992532971143,0
450.3429980109984,-129.66597946678303,1
1387.217990470788,-59.05515854136623,1
1771.0962512919928,84.67814923632524,0
513.7761392548973,28.514254644930645,1
-152.77437349379085,-25.32483612744968,0
422.478099646961,-66.04290462351986,1
381.80242303477235,-80.98699467296265,1
1047.3474529734556,-20.90069641849214,1
-177.6576031308275,-12.059035182968522,1
1061.3746268769312,-14.755883365458665,1
-44.301029048215355,-28.78583385034063,1
117.30707365237811,-118.74492027399762,1
-52.67439416938794,-65.1967259596338,1
-250.4666792424528,-0.7758254363936885,1
-132.05107991387968,-0.9679679783358068,1
179.05778464100536,-141.54964271705052,1
1023.0029050693511,101.90874021133473,1
-52.177018009105836,-55.278984773203426,0
422.72070498411836,-117.82591166424027,1
615.909289851609,-21.7935741481755,1
-231.47132496158332,7.075204843007583,0
-209.42949968709456,20.59977566987142,0
-91.17915441092339,8.364134519423175,0
-83.13110150142472,-54.22835736337907,0
410.6774937829931,-92.47236051021264,1
76.0116765309532,-103.48433258261738,1
138.70932894779241,26.747409603704416,0
76.0116765309532,-103.48433258261738,1
703.310604275651,-39.758147726631286,1
-159.15083010554474,-43.047648224070734,0
2160.84680807764,92.8715711309239,1
-103.82324601053733,-51.198714785653614,0
115.9484510841828,54.74059902437392,0
35.50354518976053,49.83972536469371,0
-278.27075843885297,45.505327848690655,0
-107.14556177919422,-5.819538372960139,0
-39.23324364938412,30.67197217575688,1
-48.38417235408838,35.06603081031055,1
2194.6388912482175,80.32421486956079,1
-365.1924870612047,0.5128041261107086,0
82.09345833696057,-153.6976949004206,1
62.94028740940803,-146.62206569881928,1
-362.9515003861078,-8.081278222358357,0
-240.21229016544714,-12.000917059301422,0
-109.31834392668162,17.22860904336366,1
-70.70080663388927,11.767128490843191,0
-99.02753505840343,-3.989027653448538,1
48.676520615678214,44.99024420594021,0
-138.47078919408256,25.0465566822144,1
-200.21577969874483,22.48584364871152,1
-286.95969917370644,-0.9232394983864154,1
-258.09856916126154,1.4818032402737984,0
-61.02272296901816,-68.49729187892189,0
-72.23254562764947,-32.85036543998982,0
-100.87281915844733,-29.10606637732591,1
-60.5869311426639,1.9939076114921974,1
121.74693456780403,-24.915869766066443,0
-53.11530384431455,138.1624798314514,1
-158.22636767226663,-53.27863253843375,0
-99.02753505840337,-3.9890276534485523,1
-111.33554941095372,-5.565531588284152,1
-49.342624610843586,43.80283425878892,1
-179.03261542982875,4.854627349099758,0
-151.65845929771456,29.89123630234051,1
-301.78030089248193,-20.793534356910335,1
-262.62070291449555,-2.1261905480051553,0
375.1157487075203,68.91938643961423,1
251.67781827694012,136.767263357352,1
-60.95568606614671,15.08598818579177,0
123.80737416144348,-19.302337675648296,0
-34.891584155399414,-33.15860772544534,0
22.79409756091411,39.91310873660308,1
-286.94564609892336,-10.044914300188303,0
-153.13697859045902,17.186428820192496,1
-152.78070454947266,5.2869075228753175,0
244.6342549902099,135.1251629233305,1
-79.14657109177813,-103.13508453669053,0
-206.93784513693555,6.874864030743765,1
0.46391147141616784,-12.826663839140032,0
5.5216421472104,-79.08439040579162,0
-59.340639338362166,13.890066080031218,1
-346.1217641907425,11.729851113645694,0
-109.0331689563427,17.990234834545852,1
50.157951712202475,44.39899651308123,0
137.63214189071766,20.987556599648116,0
159.60806220016855,-14.845313282421124,0
-428.3696793057691,34.71553169032656,0
-188.39589414668058,8.247894022390902,1
-135.17183700752082,-0.894875732041065,1
-113.55430105397153,-5.90087011717528,1
-78.02022279178772,6.4410216230201485,1
222.23831104387727,-75.12838057902184,0
-322.23001581955896,-13.389462916321655,0
-21.896732401854138,-61.6926012485801,0
-93.18172113223488,17.267865578978643,0
35.518459610769355,49.851677515465816,0
-192.72454064575544,-0.5898024340495027,0
-193.27856079299903,17.965826081869672,1
49.78232188754862,-141.75758103864493,1
64.16528702468781,-16.84881446332539,0
-156.13575361623737,-15.060657889268406,1
-220.03487653428596,-51.181587710232215,1
348.76970573903134,78.61520599259846,1
-278.270758438853,45.50532784869068,0
-177.44016096302948,6.030758339759295,0
-148.63117808924846,-47.68615949660727,0
-68.46537492759512,-67.39371365710795,1
-119.90649518065476,-3.0094429407236944,0
-96.45717379328255,-8.954878961483516,0
-203.6932199316127,-27.007852872666312,0
-129.68368288229675,-54.319752780817986,0
-7.6861716249241,-7.71966926934261,1
-52.358942105077745,-70.21445665956293,0
2192.232763867256,91.13930109852163,1
197.47827238041953,15.230760952345385,1
23.422891218598238,60.46816221045653,0
-8.684480180809146,20.932527923854373,0
191.5551462273636,37.30812044454878,0
-98.85869945478856,-32.757864213102685,0
-79.8589203447711,-21.612262353636744,0
-163.6986466949229,-3.0996737429766554,0
-140.92585332986783,-47.96055875275707,0
-193.27856079299903,17.965826081869672,1
-198.9975084927525,-41.4217249616806,0
-276.53076343537003,4.225175025198396,0
116.8562952036699,-36.275336561025135,0
-34.891584155399414,-33.15860772544534,1
-77.99719583378567,-19.314017577519813,1
88.60504631406775,-25.865871684043775,0
2224.631821860152,69.31449666606623,1
-158.22636767226663,-53.27863253843375,0
14.908906297702401,-82.51606259039187,0
2258.096526181762,66.85614776001766,1
277.4005524135955,-49.4957710752501,0
-195.59809388219986,0.0003481026962646183,0
-205.5284382938188,-24.096471645248435,0
-336.9200841428985,-3.985327005122379,0
-325.56322696461007,6.607648637313474,0
-209.30923390687872,-27.759068863481154,0
-345.57425341676867,42.25160597260992,0
-302.87426570634034,36.38317235482164,0
218.93795233501828,163.77099047365255,1
-114.70516993142849,20.05541866778919,1
267.2398973830483,118.12503963081085,1
114.950550833482,-35.57913288020152,0
-90.67892176438636,50.229501187927404,0
-67.73962613461305,2.674575671738239,1
108.74811641116833,-13.764572139952982,0
-10.35976611395813,-53.30833690301157,0
-40.471845516598364,-42.23634210879481,1
250.08414019480358,-62.781360763356,0
288.91336387286424,-108.15649774556536,0
192.27755430276216,45.074259002470725,0
-86.3619810896339,-24.589234010025542,1
205.28636789745713,-49.47775394711662,0
-272.2209022626747,-6.102527418659854,0
-141.2371329376304,31.842512162784114,0
-221.44391320770143,-23.70774051769819,0
-184.4297463917688,-6.918112155453393,0
-144.14385837598525,24.18186183336476,0
-86.99350045002893,-79.1040734740948,0
-93.88367887566756,-21.39044478552544,0
-279.6763071385775,-2.161772294072371,0
-140.90616539499484,-47.976699368799835,0
-176.87212646954708,1.7335609413498076,0
-173.42475409663365,25.535888398060735,0
-161.32918806882623,14.919404513189768,0
-322.67843248144254,-18.550577713932476,0
129.12174299768787,49.90140965668519,0
2218.0085302419857,117.74558382135086,1
-97.9364013810212,24.89899992526265,1
-104.5751843833059,-27.713594656645732,1
-156.83001024347658,-14.497062323414035,1
-286.34499859163253,-26.50768692029481,1
-59.59272732549192,45.17140011598708,0
-85.98625041250881,-19.130479934614208,1
-54.43863203789704,32.80342272550969,1
-116.95804465789371,2.2486089534938287,1
-129.81305794576542,-32.69179097081821,1
70.8586119381689,71.3944389994302,0
29.762865676034494,-76.88443851436543,1
42.93633404034381,-81.71792790040686,0
-36.75397895471076,-43.5978180395284,0
-40.47184551659848,-42.23634210879475,0
20.37972394604253,-64.68375664928885,1
-204.27452992832986,11.617621315999507,1
-144.43707004430365,-22.90277431944127,1
444.4712318633309,20.334973875849933,0
-57.42705792626714,-13.137911743406114,0
-69.84181663049748,-6.03569571992557,1
-56.247958435852524,13.31600716435436,1
-211.13302229526306,-15.899040807394321,0
-64.90815539700037,-99.44212832769796,0
-286.34499859163253,-26.50768692029481,1
-321.9569175287104,-2.214333362791507,0
-304.7886406200078,-4.9468241461008375,0
-184.4297463917688,-6.918112155453393,0
155.82068956893124,-65.19719504392657,0
110.93831741935469,-85.02180212328736,0
-198.9975084927525,-41.4217249616806,0
139.23058724988277,36.75310533435553,0
-171.48882173352933,-20.667414122010733,0
2182.872585703196,106.34739891351175,0
-207.06681049325834,-55.779912716810976,1
-32.27013750247204,-16.896368337626647,1
-5.114125031760977,19.129550534333724,1
-326.5948720474889,-13.571995877256917,0
-221.5513286122989,7.949857667061714,0
-56.64808534359713,-28.17245554520408,1
-93.1598035519354,-8.349440707020477,1
-192.37046817026794,-28.96095788213487,0
-203.3458655977725,19.817476328995333,0
-107.4788172092035,-51.7953422544552,0
-82.37494814825425,-60.55354456746371,0
-169.91890716561488,-2.4012801847012,0
-212.20425797149727,-18.70644290808695,0
-227.37983024967144,18.474944970533755,1
-91.25018233190218,22.820589294849015,0
-139.17768528411733,-32.60752798378643,0
262.9185313391447,141.26093965643275,1
317.45635992177984,121.1646592748186,1
330.01323476778475,114.70678418422892,1
72.74686188932083,-27.802418930998748,1
-200.32483045893736,-15.176132903591359,1
-72.43657314895484,-52.90784393747368,0
-145.61351245286363,-31.8443451432123,1
-97.07582099648096,-7.386239979623028,1
-168.54362438499646,-24.1971325022679,0
113.04480646329307,-34.882929199377465,0
-133.8338788064562,8.47457025188504,1
-183.36977191925286,16.236058334413762,1
-183.61148863023794,-29.301393522784743,0
188.68575550938567,60.2113283235003,1
-379.9823457234576,38.5268400229819,0
97.76556152992953,-80.16517028153103,0
-179.89312152208532,-30.646556769862677,0
-60.99751118251737,-43.82941969374283,1
2128.944084610122,104.66321418371604,1
-158.90993396201907,7.230961081727372,1
-169.51731993680994,30.609217996873397,0
-173.19775595591028,32.07038123345245,1
-211.74715836508335,52.282513545088165,1
-98.55020261647354,3.122276771230851,0
-12.344115283617498,-15.12559586893024,0
-161.80832814708629,-32.98491629718762,0
-156.06695085712158,-5.038415264521824,1
301.1779480725912,-58.544345100472576,1
-162.1885710582588,-74.18920389736184,0
-70.97357803791363,57.85377106494098,0
12.847696291148168,-31.03189974718557,0
84.5080515525442,-29.678426067427502,0
-235.66538417456832,39.462690061494825,1
-43.03990920094509,-5.978960965857993,0
-215.736931928172,18.069563125099883,0
-144.33156373542698,-8.326209376118989,0
268.9525074814941,-68.54819800198234,0
-215.31599297055243,7.340537596949517,1
151.30153580949764,10.805247680062948,1
-220.37870087251412,7.258641974477754,0
-158.99007613191554,12.720238762585048,0
-153.34692934527686,-32.494529364158474,1
-66.70095249849783,-26.476747810242507,1
-0.5171574360660998,-46.004003161828756,0
-10.713335644845642,-88.25885890270064,1
-213.42657920212042,32.91554284042057,0
138.14369509665164,15.673831413704676,1
-125.36936788339455,2.6391359051918997,1
-289.7561040477383,16.007977244550794,0
2.2869742595664775,-10.08157871101347,1
74.18611640536847,156.2389503709518,0
277.1561441204924,-80.98285642054356,0
386.5945088090217,-35.753632162922635,1
19.53834545064717,-73.12961411317468,1
19.578760229109093,-70.1305780001187,0
32.71181360743924,-77.96310342811287,1
25.209206770231276,-75.2267277054172,1
92.83529364857168,-38.00293628433932,0
-271.720125570075,22.37848033392803,0
-65.97209515603589,-24.565330528622447,0
-112.52710028501889,-43.34577756159313,0
-221.69341581126707,28.14137708347327,1
412.94001537765087,-45.46689406121812,1
47.94110977559194,-77.15917396629973,1
37.76677212913319,-69.9832706289146,1
232.3452552813626,-54.83747597254004,1
138.14369509665164,15.673831413704676,1
-180.3634567237221,3.9272139107680175,1
108.22332427393314,-23.955265121980695,0
-262.9823864856165,-26.145473365402175,0
303.9709121322227,-45.855478858590224,1
-177.22073007543582,4.096419062194386,1
-137.574305398178,-16.067909631941582,1
-99.94781213382714,5.0149659688745345,1
190.31809223676942,-59.010218153156195,0
151.31645023050658,10.817199830835051,1
-131.57076562172813,-14.103073460552231,1
-143.04946834053413,3.8956271821006823,1
-183.15198813566423,13.992305757024624,1
-20.248503867760405,9.939118763712031,1
-160.83364328825564,-27.190367653642618,1
-115.46867410382612,3.7501671980935285,0
390.8947265501563,-58.93676331314959,1
-273.91832648402755,-4.909703398286439,0
-152.1525307098977,-38.80889807970936,0
-275.84641334623694,5.456151396561154,0
-13.564968555554856,-21.782211711616817,0
-187.06615080572675,23.21414942210284,1
-174.53606112230938,14.598304140851774,0
-95.95400491189616,12.97966269513357,1
170.33281399693738,5.973182621678852,1
50.94024028592503,-74.81675994385276,1
-182.80872107119842,17.655096231168322,1
-194.80434948672706,7.220621730838928,0
-108.83509136852575,-27.79587427401703,0
-121.99293291877808,-22.92729025344847,1
-210.33979867316418,29.842301843962066,0
-210.06492747170802,16.004378099005812,0
-249.8244170878802,-31.009959353597317,0
43.437633448717065,-72.08038422115703,1
16.33065744890382,-98.18991576040736,1
-40.71012112912513,-22.29144543098905,1
-5.849383295455482,-48.92416226178836,1
-227.77977480347397,8.489926342416787,0
274.1339519384379,-48.613287201009506,1
119.68762890993321,-30.75471940478807,1
-118.12704171281115,-52.910465307823365,0
-217.2236176173708,14.591841024614695,1
-163.74637569930354,-5.079385952801317,0
-134.75250975118456,14.839817817483322,1
-47.04764939661777,-75.29019720001355,0
60.69476707493595,-69.72270270318086,1
17.94232923392724,-40.051926269366156,0
-273.21877297052697,18.392685121784737,0
-118.82236729551073,8.7386969644907,1
-205.94986016781246,30.116203351781508,0
-173.6387237184005,18.1760894900058,0
18.817330206480733,-31.88718184272718,0
18.817330206480733,-31.88718184272718,1
87.71691135033359,-62.54310839892326,0
-200.25360037433558,28.066060516059913,0
216.95722670845873,-68.88514783814756,1
850.6784434136985,-26.92238758950277,1
-148.25452453080095,-41.866298145675394,0
-190.89604783887182,30.53629117366796,0
114.950550833482,-35.57913288020152,0
111.13906209310392,-34.186725518553395,0
-93.33385941843022,-56.557178017146164,0
-151.0415903675664,-0.40775565730452,1
-121.14486959665498,-38.10597752851452,0
68.8540875588709,106.85549313195155,0
183.83756682745297,120.92456792156014,0
-146.12150306881483,-37.12114083302675,1
94.66457509864335,-23.259898127118625,0
7.078093958685713,-38.20742487892175,0
-22.279534779900587,-76.67577096466368,0
-357.16932857202187,42.66595411221358,0
-225.7294607894912,5.537917653578042,1
-121.8560306175184,0.726543481951289,1
-230.94612798818457,23.001079889890953,0
190.04322246928393,-45.172294899532126,1
226.73896751805853,-55.66666064774925,0
-335.37036796371297,-8.452265702494955,0
57.70486580311922,-56.90902816220139,0
828.6526657881423,-40.39821537209058,0
277.7628899991778,-23.99866498597502,1
366.2813045091806,-53.1985476153365,0
10.15520394703799,-60.92893232566529,1
-98.26611298141665,-25.06309093213293,1
-81.71654836334562,-9.192543705539379,1
-63.95633466072235,-14.354746393970323,1
-199.92196975638666,-31.1907410480814,0
-151.6438015459213,-13.564180165349619,1
73.63631161773822,-22.30382565971731,0
62.08737660154168,-47.82366180098777,1
132.7672502738227,-79.23010605246685,0
294.79508485001384,-24.319345726529413,1
-80.84627443769142,-18.28034465983142,1
-3.9876587844696587,-46.62591748567146,0
-20.83547366943958,5.559995112907124,1
-176.3703303137849,20.918668439517653,1
-81.324000885094,-10.906075857366737,1
-68.16603338496691,-15.770561195369815,1
-198.9682231033783,-23.559306704545044,0
61.95496166543876,-19.348134263121345,0
42.2496406082488,-20.594697142493807,0
149.4155673731002,11.503824738799281,1
162.57340785616657,6.635241083888687,1
36.311412153405286,-48.252743132699486,0
-91.69269892832227,4.0393579049522685,1
-97.15970867415291,-68.99432170451436,0
-153.38705989248598,-29.63801606365646,0
-130.11588773291055,7.117112363541757,1
-183.6264871932654,-29.316077392381708,0
-242.25356316323064,-7.646991305775906,0
-246.72708730784058,41.28063523691878,0
-283.2505058424772,50.9461768383987,0
-270.5034197516857,46.15108299005042,0
93.44904591498153,66.12058702960405,0
133.96174517980535,54.47394142713515,1
-106.8375832361391,50.21101914354885,0
-218.0002773666809,25.258206978243937,0
-50.92703010095806,-47.8985303888719,0
216.95722670845873,-68.88514783814756,0
239.91172046869065,-60.523291482564936,0
356.11531851959376,-43.08166129963484,1
70.30500578303906,-45.66003037430708,0
71.45487511665374,-51.33320871939859,0
-118.57068717211666,6.622632676476982,0
-236.37317714915753,25.789589522399627,0
-286.3913898897753,23.253975058949447,0
76.85200572392773,-39.560469093323526,0
-20.659643622266913,-8.711653058218161,1
-360.6241102953271,36.14197844137897,0
-193.2613717730065,27.123168756914467,1
39.57174400888675,53.71333178367455,0
-118.43847254668799,-7.848903924533367,0
111.13906209310392,-34.186725518553395,0
-277.63011048214753,70.34990333960391,0
-13.833118348874564,12.731653457433502,1
-181.25610636351,25.020246012876527,0
-360.6241102953271,36.14197844137895,0
-260.5344582078908,-11.043683817696383,0
-302.8737632653509,36.399484389273695,0
-96.62797993602004,-40.5158173287053,0
51.250053190285826,50.17080166790966,1
-229.13825197118814,27.541410460740913,0
-333.64141888076017,5.278534399341822,0
-188.12909765360746,-23.245399463735275,0
50.20400149659042,-33.59631045610177,1
-193.29021534499634,20.816365379537345,1
-249.7802337655101,27.26575553952167,0
118.01409244529088,-32.351972096471336,0
292.23463991654546,-86.53569041374061,0
329.84715525736306,-100.40937953172698,0
97.8830527642424,144.98445450071213,1
308.0493456288541,-31.637942988161207,0
306.06180852686464,-33.996333332532366,1
-246.33148738586328,48.08279499985835,0
-230.38969294386231,39.13113572829285,0
-208.54233781439444,37.69136683943055,0
-185.83174643693923,-4.665025577554296,0
-220.61622875419232,33.90123008752947,1
298.2760847617194,-123.32056291630047,0
-190.53750412167864,-41.33851867665802,0
127.49710979478118,30.965064178405946,0
-224.56636159300638,7.5790316099394275,1
138.72424336880124,26.759361754476547,1
459.5342984474412,14.75369129484583,0
446.3764600338774,19.622274240667387,0
-216.89512855803542,-14.493599881733253,0
218.42682515116212,-73.73597419308979,0
111.22969030870831,39.386684540348774,1
-170.7601485324687,-39.54907338271939,0
-87.73310264223448,-42.93695089408606,1
-108.11861964467539,-64.99795525686929,0
18.640031379121638,-99.61219231108757,0
-173.87593223655983,-24.87577058943105,0
-188.99686003220376,23.876950314160577,0
-330.6457164534263,62.58122716406206,0
-139.38567412743112,-23.492246350152975,0
309.6330784738776,-50.631299506234875,1
393.912623581719,-68.0437640853759,1
296.47523979072025,-45.76271646804053,0
-128.62912424314328,-20.515049670760412,1
-97.9524110545251,-75.10770715186408,0
51.76639583040628,-66.39288546627716,1
51.806810608868204,-63.39384935322109,0
-161.47696890815428,35.127745279680525,0
-160.80183482964304,-26.80971996606943,1
-128.4692499927795,-13.912607700769435,0
-242.35736183032384,23.88061634203157,0
143.78910177229318,-25.971520659315097,0
-262.718696628336,35.50285584433347,0
-86.3627350293246,-24.613711093837857,1
-199.92196975638666,-31.1907410480814,0
20.37972394604253,-64.68375664928885,1
-163.52532451198272,-2.0194209632608278,1
-225.3777290146681,-13.872952604167132,0
-199.08856728535716,11.11523364899977,0
119.83822874004193,155.464170646516,0
-203.14434041095564,25.161938398148013,1
-96.28907182921648,-49.36387105651203,0
-39.12734966487051,-24.48985836608515,0
-155.15058535741758,-17.801567973725703,0
-164.70832975347537,31.97296769929086,0
114.86399927694822,-34.899284565903194,0
-92.08006188334213,17.66731536750035,0
-240.69590909265645,-26.04993891530463,0
-130.4513802968546,-8.110191595011564,1
435.09453649617967,23.770749427624747,0
448.2672892016868,18.91411867679807,0
448.2523772536249,18.902246811663744,0
137.6470563117265,20.999508750420247,0
-75.80748319526344,-76.93806911864502,0
-44.234772486438374,34.631787832714934,0
89.9503430241507,-18.4372924795071,0
69.38309251336136,-10.509786185806483,0
68.28212873578627,-16.46435380373257,0
-270.0987095996567,0.16693523887882833,0
-342.86652947767834,32.10952160826491,0
-329.7086863978918,27.240937063620606,0
-75.87376171063471,21.06109121609842,1
137.6470563117265,20.999508750420247,0
-295.36503102257456,16.323338682034645,0
114.31763756915473,-24.956238146925536,0
-257.40625743060826,29.450653306405556,0
154.48927878432596,34.855778757623185,0
-132.771800033631,48.95112820544837,0
-123.94907767079519,-100.47029687030164,0
252.71631615507408,-71.96792569233509,0
270.1295106850446,-36.0566853576077,1
-316.5359296569296,22.384304930095738,0
402.06727475180173,-28.41415236924663,0
-100.79915011247357,-20.300117503884415,1
-83.92331596391108,-26.5260788022756,1
39.52944669258909,4.02982122269902,0
-157.61724553724946,-26.70223293464833,0
-242.34218326767274,23.90114400248704,0
-262.3329766853334,29.40287356307768,0
341.54994765413164,-62.43566019339247,1
294.5890081894577,-45.072471854781675,0
218.42682515116212,-73.73597419308979,0
86.69930148621836,-25.169667846408196,0
216.64926086639855,23.93669585412734,1
237.59697709358647,31.624284641858065,0
-233.43557966753042,30.972359541628425,0
-190.5299919728796,14.187390393332656,1
-177.3724126681493,9.310230213398853,1
67.91511691354776,14.27621745171244,0
77.5810890406841,40.45988739850713,1
62.92668285745367,45.900616133893045,0
-302.8737632653509,36.399484389273695,0
365.50091250921434,-87.62938232262903,0
-196.07486542047616,-20.510856944551414,0
-116.98874964859823,-6.571417851907981,1
-396.8232047214126,30.49181310172664,0
-187.2895124178018,-57.87218547349132,0
-188.42838570943832,40.21500373031176,0
338.79040255339976,-99.3518417892596,0
268.7920362882385,-51.77173005701085,0
-413.997464008055,24.475632994644698,0
-81.13860101801077,-45.03401520760837,0
-131.03464371752318,13.478342067739817,1
379.0942436319215,28.628504062971448,1
-346.4215998545344,92.350423159189,0
595.1707665976935,3.31073296475396,1
205.64706776499338,-57.87402080530914,1
-219.60064886721375,-45.93207161171562,0
-102.639908574956,-28.077889094978097,0
-117.87667560262202,8.61385651909211,1
-359.2256017811388,16.606171140681134,0
-71.25475520010843,-41.72657671771807,0
-144.14873541450135,32.86098188649237,0
-283.24705518073034,-38.38488390490385,0
-183.35233630435647,50.987137424219625,0
-248.56100311882534,-4.848765867900539,1
-270.08440246979217,6.801042963600274,0
763.2503670740125,55.45587724215807,0
-61.071501274801165,-57.23146969917931,0
-78.96298611549707,-21.988091310233607,1
-113.08906059308606,-47.35450667552767,1
-117.48880807355255,44.49108413665267,0
-344.1470810660136,11.053328609275681,0
-357.30492405945535,15.921913124335049,0
-317.80156864242815,1.3400647048525371,0
-383.65044262995895,25.635179134922804,0
-253.3822954691621,40.60437212944661,0
-166.66945834422086,-1.2379517646357314,1
30.147201700576943,129.2254243126271,0
-253.3822954691621,40.60437212944661,0
-143.42454931531626,54.099487343530626,0
-217.21600661091173,8.390509365668748,1
-383.6653570509677,25.623226984150673,0
-396.82320472141254,30.491813101726624,0
52.17411502700372,142.73812327435664,1
179.0298972352632,-54.89276876967356,0
-409.9810553316878,35.360400226598735,0
345.75399927042827,38.18634627401768,0
52.17411502700372,142.73812327435664,1
-204.42397764891336,-0.2615840333296049,1
-238.64874848980077,22.6759712495554,1
-28.484645899453312,-55.356393158513704,0
-84.26584245409146,9.948999956273113,1
-177.9022482673098,-61.303857658091566,0
-187.2895124178018,-57.87218547349132,0
-138.46217148979792,16.35865931808025,0
-134.19464740208304,39.62679695663325,0
-256.92643255011814,1.9365567965697181,0
-180.0148372969112,28.18467716896924,0
-141.8714992065378,32.00818324300303,1
-142.79596174121667,42.23916759210971,0
-236.9205302221713,21.399350813234634,1
287.8060332281534,-40.636862501142,0
-138.2782201845106,34.29525414415584,0
-289.8241682537953,34.3257849525086,0
-270.79306898330645,45.505415474142985,0
-245.9219921582129,40.27751099311505,0
-235.3882489772921,-9.705397110763577,0
344.1875340999461,-87.57910248501443,0
-185.04329732611234,14.685180106989115,1
-357.3198384804641,15.909960973562917,0
-34.83250359266151,-38.34322965688751,0
-90.76573921749673,-2.19272303914029,0
61.591288362212936,130.5566612030298,1
-114.14384414342186,7.265988811399595,1
62.45901218258223,117.30719330499366,1
-271.61099976685114,37.44901557877736,0
-234.85125874858494,33.00996157930247,1
-166.66945834422086,-1.2379517646357314,0
-220.62303034707634,-64.23425708529044,0
-193.86404868082582,-1.0140819413303248,0
-188.00347361592964,-63.66866636972441,0
86.3853172591995,-51.58527047991257,1
-142.6340626808559,8.439007528438388,1
-234.1350823798166,14.379359979010708,0
-195.1993595855995,13.38025301484911,0
-36.1693654276113,-62.4770272543466,0
132.59152421275235,-13.104896843785774,1
-221.99561907978318,38.89524176887119,1
-262.7431955355559,55.78933071891956,0
-142.27522110545135,-32.007354014781676,0
122.66117371395501,-37.20171450603494,1
-342.74653368394377,23.701027772588695,0
193.7421158347239,-47.02189936416814,1
-131.19603226921555,-27.728022109785407,0
-98.37437660497989,-5.093396845048943,1
-355.91929865643124,28.557662726542762,0
206.89995663850038,-51.89040199600398,1
188.62961897845753,-58.045904280283104,1
-319.4328626089331,-3.372338645004227,0
198.57488412440443,-33.93713454474611,1
-319.4328626089331,-3.372338645004227,0
175.47178064762795,-53.177321362809515,1
175.47178064762795,-53.177321362809515,1
-184.66634924641733,-4.493606947103977,1
-134.07056902107587,19.775247113713,1
-243.12361032754376,21.537862011225798,0
-259.56663038679386,-6.899324090477812,0
-88.81061785998912,-57.5276159664623,0
-91.15754719719752,34.78719189910349,0
-60.415926341421084,-64.48914615338165,0
-159.26410746504752,26.68919053837037,0
-36.15406565964952,-62.452564594070374,0
487.50505034710864,-92.98731377428038,0
621.222984216651,28.564884597674773,1
-202.97613456279362,12.29269929706929,1
-145.53807280162772,-58.88712724166732,0
-317.48234664354214,22.84846402440881,0
-318.87706018648134,59.81431107353735,0
211.73272245523412,-38.805717462219754,1
-319.4328626089331,-3.372338645004227,0
-175.90335339119548,-7.18840699551383,1
-143.24545141972254,-2.2694227946350054,0
-272.4269608897979,43.70653446441573,0
-266.21685402342405,25.853523392682327,0
109.48842073597575,-32.34508366184915,1
-154.03263807202705,-5.790770709689568,0
-190.76152909893233,24.63740170598955,0
-238.26260638511366,5.729187740182148,0
-106.2538972340264,54.5522105325274,1
1077.6504383313763,-16.74561103658288,1
981.6319851904591,117.23540153245658,1
-224.55072854248863,34.75046811955386,1
-189.59675446553712,2.5526326271189603,0
-231.33908513236128,16.242897491312696,0
196.96960586723117,-75.98721956489402,1
-293.5571469002595,-4.263327425364004,0
151.04107536162076,-44.17109768154793,1
-245.29803248464913,65.45925671290665,0
-194.66290519491395,-0.2700768633710382,0
-170.24810767784004,-9.320619062505706,0
-135.5009631327261,13.07388135228662,0
-90.61409078301028,-21.74375697037241,1
-201.5711343677031,-0.7385113347686882,0
73.21256421204794,-46.72863961202571,1
-330.65510495844427,27.705096697224512,0
-196.4335354956844,26.70258739689905,0
217.02425075823794,-65.00931149560492,1
193.68529043215813,-50.04301031495924,1
1227.9939547541067,148.04676191179934,1
635.9241857376694,-54.69245176241865,1
390.9365020445912,-97.09711292905763,0
-255.4826741297531,31.91101106232785,0
211.74785712307755,-38.78661487183452,1
1079.4941821664065,-41.711993218623,1
1119.7190602335788,39.90774540084032,0
795.8952354035823,3.9104695105572134,1
1032.7809693432594,-43.05575132100531,1
222.3269630593935,-24.118039625476733,0
220.2211431295027,-41.57166779550743,1
865.0996896972424,-33.17037153758482,1
351.9836570360196,-34.334001242376665,1
1237.0530835192897,-8.572601769471248,1
252.2776102445522,-58.79865827179284,1
813.0032420242671,36.01776219023401,1
1091.1733491200682,-29.507041421612975,1
-263.0070379610494,2.759197180912494,0
1238.7519195644995,-9.99907356827216,1
205.64706776499338,-57.87402080530914,1
-223.828250469208,30.798201475407495,0
568.1797977766789,120.54736627288608,1
-316.6964845506691,19.10998272227294,0
1136.8254633293063,-30.281821788344793,1
-158.66575326225654,11.000654205461714,1
1156.0601375527,171.37245650599598,1
262.73652424744307,-50.86782667947862,1
682.6187524942582,-40.949430599086746,0
573.9135059509938,26.989908349796774,1
208.7740264005099,-38.975308294339065,1
384.45535267052765,-82.46976258949931,1
642.8711199399243,80.84804531613983,0
1019.5625118373189,-44.10848911945528,1
390.37632876073246,-86.7811558528715,1
487.7280077030316,-335.83117253840226,1
153.28439497094894,-52.2659179869951,1
156.4007696231413,-33.40592195811454,1
677.382804782181,-55.07493511060729,1
1029.728717347592,-54.21823995916868,1
-111.82387821398055,-11.96701981231542,1
250.47875837674587,-167.91117533320127,1
1046.54880940801,-63.87279960565106,1
219.8240126015645,-45.540676536210206,1
-233.90571757401204,13.913409530906627,0
1117.3664783570705,-45.240781845771984,1
633.5244663035867,84.38950589391465,1
-249.83009142259783,37.588725797964145,0
384.45535267052765,-82.46976258949931,1
147.43264562582044,-129.84586360863094,1
-259.9326450977183,34.19157221644216,0
1043.6133800545836,-22.324566907353564,1
180.14409636645541,70.48240711389437,0
-90.67892176438636,50.229501187927404,0
553.2645670537499,13.920458596519886,0
-40.56541035237785,35.74426223573273,1
1240.9315645431866,-70.47437214197606,1
686.0849648572062,64.91147021068059,1
1106.4927664398106,-54.4361284468502,1
185.76539391399524,-51.17450240857372,1
-147.18705042841367,-6.998046476607094,1
-248.49619934487094,7.276029360665177,0
658.3142733346076,32.08157890516774,1
317.90253277662623,-118.74468964888698,1
500.68778130780015,-47.86274969381903,1
262.22208354639906,-78.25156007038535,1
-176.8626998990232,13.41735615854624,0
-176.8626998990232,13.41735615854624,0
1036.1765905221878,97.08238713463042,1
1304.8289414359488,-94.0267720873002,1
1460.3222043092198,-86.87740613086913,1
1350.7610026473276,-65.35221104143986,1
1505.3950395952793,-132.68429732427023,1
149.4111609721498,-10.4409848071572,1
791.8807072801358,132.17973402382304,0
672.9020609055951,69.74349025469891,1
-210.46779680340262,38.15808967580875,0
262.22208354639906,-78.25156007038535,1
1180.212182722982,-39.832339422299704,1
345.49794001785517,-99.58257502553172,1
526.5080843246219,-83.47308142324815,1
261.81680612779553,-38.66592775641157,1
-58.624879550122955,-7.928166767408513,0
-226.9325908917698,10.906580177450259,1
1113.9870171277514,-65.96853748662042,1
712.6696068676247,-55.004451894884475,1
725.842360533414,-59.86108297473964,1
519.2644677398205,-52.50888092412284,1
610.0604702214882,28.331251092100175,0
584.6699659925589,-52.911096701312566,1
37.7312780891624,153.19824378290951,0
285.92654995660394,-42.683105396015215,1
974.215196793373,51.126576196412316,1
1093.3729267231902,-63.987641298641144,1
400.2933351536261,-94.64661731400446,1
1222.482197503955,-39.40219505221251,1
1400.8600664933608,-51.31863168171068,1
-311.7850189511166,20.79423009441887,0
1029.2150733731253,89.77228341704489,1
-144.8597397175443,-15.124111299830155,0
976.9182960705123,-38.236576247475945,1
1012.1328745434669,-29.56863634034503,1
151.1551911492736,-131.19455929673893,1
1261.2303122298624,80.00177648863382,0
-223.42472428002662,8.903386720849468,1
-280.98997263355403,5.924188784980558,0
164.7129543938306,47.34090259337306,1
707.6291983524841,-62.984108872632014,1
263.69929092802283,76.31958338862165,0
966.9886503950731,136.64706155026477,0
435.13217148227204,-101.47746694690227,1
1112.1361254611156,128.68548455831967,1
529.982435651176,31.907950654512675,1
-58.18340076108683,43.186833564765124,0
139.51929768653633,-20.172920106791473,1
766.2992726708856,4.207418902453391,0
-165.125159685989,-6.520066317137797,1
124.97093970650383,20.530463084389893,1
161.2467985734279,34.914018231768054,1
166.64393023489674,46.6867574966364,1
1450.2252996448617,-102.88669684952339,1
1225.53055945427,-57.64161499461866,1
722.9205985898896,-422.6872646149848,0
208.93361039479908,96.38860372654962,0
140.20706409314664,-91.54690129848325,0
426.56602765001276,-121.1796222650301,0
1172.0573888071037,-23.77510463475631,1
-154.94433915362401,-37.04626230845209,0
518.9113403242361,-117.07146347950078,0
-185.77136324422605,-7.626870403076822,1
-55.923059609097095,-11.551022598316372,1
1107.907198497762,6.128846760998655,1
-253.0331933639755,44.42100700444318,0
34.75745943230311,-62.03129503093148,1
2289.4831947340635,65.14702008471906,1
502.9952120622761,-64.68514318982736,1
-330.65510495844427,27.705096697224512,0
-176.8626998990232,13.41735615854624,0
-208.47750467906286,-17.41061376075823,1
2168.4623419791646,90.0933221873504,1
734.6935787981292,-1.415403258091743,0
394.11575234996735,-59.01430942809805,1
-132.12225138345048,11.847126787049419,1
-234.02442206336917,-11.456656531880675,0
293.25542329136977,122.17701015754312,1
246.289887247406,139.55785049717642,1
1484.5694713356102,31.334317173077643,1
-116.94614724943722,48.90783147008953,0
1208.0284254355695,-80.35677326391837,1
1171.677348511165,-22.213678254584032,1
-147.1956638073296,17.397613027439462,0
-201.71328561395723,-23.396770393656404,0
760.4571530816295,-11.812465047761073,1
254.06660749142338,122.96422830572772,1
2177.8236167935092,86.62909508082359,1
-70.23266014270172,19.007034265924815,1
207.8341515346657,-14.208585392573973,1
1253.899670043232,-78.7330058032183,1
1096.401599374798,-2.729692551504918,1
-27.32127189178641,-46.45709219973863,1
1036.1765905221878,97.08238713463042,1
1240.2025886824356,-8.276457310443305,1
-342.6586206309156,-19.521956034813364,0
428.482274291935,-72.84393541309507,1
502.7820809765126,-123.75534664701726,1
217.35053162338772,-57.325448056404106,0
196.42766027812524,-67.8272935526123,0
-78.23198236641787,-16.908147453525082,1
443.3129057816002,-84.7401421151659,1
820.4956268901788,-43.14772282041687,0
-12.266483623496356,25.746591079138483,1
1031.6594290470155,-54.8809605655887,1
-176.8626998990232,13.41735615854624,0
531.2941475133564,4.534418018966463,1
463.3356895770885,-50.74667089874547,1
1036.5327571659675,-38.631049395028576,1
-247.9654828720324,-2.8017542629776386,0
-148.98718115533808,-23.703597935762538,1
-107.69232151483726,2.8157691049147076,1
-131.47877156964068,18.162168416989346,1
437.60896791543064,-133.5606088056417,0
450.50805191749123,-59.368107630507176,1
1098.366520085752,-56.39208275816721,1
369.1341988687251,98.93764216757936,0
455.40943424840566,-86.96411372913218,1
211.73272245523412,-38.805717462219754,1
-148.98718115533808,-23.703597935762538,0
465.73092542554286,-61.44259923291785,1
1094.208380327253,-23.80866467649124,1
1037.1212087174276,-57.305239175085156,1
1213.8717751834347,1.4415255445079538,1
377.72175304865243,-54.08728281377247,1
521.0918576221427,7.625787905501319,1
1088.3778802974389,-42.89939994893408,1
2193.157944527052,80.931457269148,1
1091.3768564750935,-55.04609076642553,1
1218.324137764296,-1.6043719102746365,1
248.4654266683981,125.03141915059749,1
-163.73572394482488,-5.505549327336098,1
284.1823617992899,111.84923909322552,1
1091.6853745342557,55.297793630365476,0
476.12295943364006,-48.03790092906056,1
547.136011332627,-92.78614074466307,1
767.0047152475411,-13.35551711986745,1
-29.805502072633658,53.41730600769294,1
-166.94179997089475,-23.024848740112922,0
1219.6432830079134,-0.576911655987594,1
-158.77135451903888,-26.975760945869247,1
435.65146241412356,-70.87974005837685,1
1096.4802989234386,-14.943070757077528,1
-201.71328561395723,-23.396770393656404,0
1377.9648723032356,49.0885269914712,1
702.3824423487172,10.524710603683928,0
996.2637364228233,-119.47668076767769,1
1011.4406687905866,-28.619236970526693,1
737.1417767577398,22.704335278933755,0
60.51410130513807,124.79680819897365,1
920.468442005015,148.13078590010795,1
-134.0142934950262,-11.854678676064118,1
407.6626244204516,4.130114957478568,1
740.4650866226077,-3.433840458587305,0
664.2488949672395,72.99728595354073,1
209.1833578385989,-152.65058647112386,1
-227.3253913982466,21.521372759589113,1
-356.9859334394878,37.42308468558545,0
-188.4893018524782,-0.45493361285087985,0
568.1797977766789,120.54736627288608,1
1643.6887874937806,-127.67006444337389,1
1065.2899836560248,-9.664979109461676,0
1308.640802071058,-95.3773897962785,1
2247.498856436836,60.95353829069941,1
847.6733755731971,14.016022144327835,1
1087.2285733932806,137.9222592818039,1
630.5857043681449,13.400819679587244,1
440.74128776905013,-103.53349151721642,1
-191.74225995913753,25.087758151674397,1
665.7288638708169,90.72994486072412,1
672.5376123003778,8.778916749532087,1
682.26187567191,-20.23906996324377,1
232.11070413706534,158.91436003238525,1
631.7920134569654,88.48317152902952,1
-134.3680289963018,18.4446830540547,0
-267.38973740019765,45.699401567249026,0
-213.03767191900585,22.37114706123532,0
2501.4412705829905,152.72389894833663,1
1072.3202767822124,-48.668600255043664,1
1129.7976134797573,-14.240740013326338,1
2179.984479192497,85.76494561708198,1
2179.369778081254,111.3493932203037,1
282.5668444024426,153.97715378124073,1
933.4585495094325,-25.758190347067902,1
1013.3988304133952,-57.92742537672094,1
-217.02602903195844,0.25480224069076485,1
-211.0237605476239,16.59253165665828,1
-146.6351933414419,-17.40153113440467,0
1230.8221846325353,-57.34351041899033,1
650.1741266304618,-53.78922989644163,1
668.1109371358546,-48.41421555793878,1
1001.3480051460635,-47.27516531502773,1
215.2492696389129,67.13964695647492,0
1072.3202767822124,-48.668600255043664,1
1086.6014052137607,-32.54855310292562,1
716.0713034592013,-37.179118297770394,1
966.8089158337782,-25.105714412762048,1
992.0623207976735,-40.5907814224908,1
99.4759690489658,-48.94695586441885,0
691.6245955591958,-35.40313479080364,1
1368.6566997726848,49.73263700792271,1
1480.0253574141552,42.21007200159299,1
2282.791591834712,57.67684066613613,1
485.84086724637837,-335.24416512881356,1
280.4126499774346,113.26840891805838,1
207.8341515346657,-14.208585392573973,1
188.7280475126297,-145.10645293281056,1
375.7070398486985,-127.11484344051362,1
-318.1896945369805,32.60763471404048,0
-174.7556740438464,-67.72002657858664,1
1061.3363399566754,-40.94677730802699,1
957.8093131051712,116.15558929475557,1
-148.5086533668249,-7.611414567977384,1
763.5840989541705,15.850583372332885,1
661.6447340069765,73.91341065490228,1
-163.88470847124938,24.353993020533533,0
1050.8130701445664,-25.894984371853134,1
-162.50401100750173,-25.622219117615636,0
-281.82925917937644,46.96793222581038,0
970.6882104827885,123.20058432162023,0
2160.8313070736226,92.84057522687459,1
-139.77140333887343,-15.824538736741012,1
1079.4949269871056,-41.68781218809986,1
412.64265565644894,-66.77494842952675,1
1434.665852958164,40.78846666865046,1
1401.251004128906,42.48697625856218,1
1363.4711910970782,98.19916501724614,1
1427.4197147633843,-83.1919123962899,1
2179.0753019893696,96.02009738096078,1
-120.22433809220854,32.912558063063585,1
-215.8189370572024,12.190135985515589,1
-196.30702726738667,-13.125566787811643,1
-252.3712961452111,5.225752602908912,0
1171.5624192844825,-54.62439236291585,1
-46.74150954562458,-22.15568370142247,0
1542.852934170819,-146.6207580930365,1
-125.14522515392497,6.5265243502567145,1
1093.3729267231902,-63.987641298641144,1
-120.39021102749587,-5.3454862917166395,0
658.6665528600618,-32.17493892527755,1
1433.692880812464,61.132011457361386,1
1164.3988124014845,-24.04262849068069,1
1316.2817649361255,-67.5350898713518,1
644.8183070284992,40.50075355970846,1
1011.7216963979774,106.08051930053415,1
2181.635094413882,85.23669152930646,1
1452.1275943743765,12.68928206942035,1
1069.2469764627995,-68.788132553836,1
1274.3014978435367,-17.836191841947716,1
1299.6621623097565,-141.91431685533527,1
2077.633235852498,100.6729345891635,0
991.1016565877012,113.74810128301021,1
1213.8715524636532,1.4342948192571612,1
-276.7022795453333,-4.251914333686727,0
1453.7599839687957,48.93455579632679,1
606.6398539281174,57.5373515843007,0
-170.71860488070337,-13.080816179237708,1
182.0590981927894,-40.79172585086946,1
-128.64142941510238,8.60679884175439,0
1237.3434585171667,-14.035962581027597,1
1032.8634998218415,-22.56897730772389,1
1295.5912626657728,-35.55461055602414,1
1054.4783585943476,-1.6206178127171995,1
1489.0547497006633,-60.337977870958206,1
1212.613251689722,0.44233028273982455,1
99.62448999827211,27.9156146299122,1
-206.1492764050057,19.528539316538442,0
699.481941182092,-50.15969265560263,1
134.56775732998028,43.84679476097902,0
1060.8501631326972,-45.18783942764538,1
734.6965201940516,-41.49175293315496,1
-230.0380151342739,31.296926624547613,0
998.4161221867357,-61.046474756776455,1
-356.9859334394878,37.42308468558545,0
2168.4476502779376,90.08860076182916,1
36.59564666784411,55.611530519522056,0
493.3580969838599,129.98021521195466,0
-248.03891488686924,43.73036231518,1
40.46802850260701,-48.41836022645413,0
45.86515924193736,-36.64562064562656,0
780.1774659730602,-18.21222832523818,1
1019.690746540396,-17.712346359559113,1
946.5274467442077,120.30600628017856,1
621.3064208745791,-10.02083466453356,1
1074.3604699755906,-57.73176240427053,1
993.2627095540981,-28.48585849541613,1
1029.2150733731253,89.77228341704489,1
1105.6768352041531,-147.0346869660749,0
268.3300704073423,52.13504564458335,1
-391.47174621392,16.10972005429481,0
-31.82878751029068,18.620359360294394,0
-244.7407259837508,73.04228584921042,0
-10.133935916653854,-29.45878857196808,0
-173.43600875055017,-21.563210024429246,1
-132.42584440804592,-36.68910519087358,1
-198.42394512858442,-15.86267752591781,1
-46.15723964559663,35.01990652432531,1
280.57846335783825,-7.932614299854023,1
-236.10957331685825,64.14785001618586,0
-137.51111867455523,18.77926127320172,1
-138.8619737327686,-24.951315360620477,1
-131.83911398599946,16.71407616758426,1
-95.31249911064987,23.20479967902444,0
235.57616954236516,-22.89454864429573,1
24.6168428810264,-127.96273595989575,0
-248.00910247965692,37.87854634710159,1
-196.12450398529108,24.910836482191463,0
112.30835288574121,-59.399057756981584,1
-203.2377420629507,17.204527757524104,1
-137.9628889527823,-10.926726902642649,1
-209.7005905236282,25.95412407161998,1
-37.55209562874586,-16.866019687717774,1
-261.0467208175176,16.59017447509048,1
-212.26132344527048,15.971865583435523,1
12.900131899298572,12.647211965976325,0
377.87638787130163,142.86125219452714,0
8.59448586523581,131.36795709888028,0
230.87518072644502,40.71831963000435,0
-231.1969888742458,48.36800903368879,0
-176.41677239497164,35.083238771864416,1
-164.6128811614659,20.783057519688377,0
-132.771800033631,48.95112820544837,0
-286.0850733872365,12.443267863332792,0
-106.20932879811534,22.785969987631635,1
-120.3659558285874,10.884763569113062,1
-127.99778788991853,82.49291219679583,0
-283.6771706954102,68.47752862339794,1
-296.16358507286026,46.09423582564535,0
-198.98069468874195,-2.718194461154958,1
-193.29260654353425,41.30920007025568,0
294.3068757145429,-49.093589386932656,1
-297.1389660571507,-14.620271860091385,0
-108.51149618222433,-26.99780078981299,0
-106.05295161561514,20.095277645309736,1
-54.95935480484604,-51.61369246045658,1
-297.4343555737479,36.9226522556569,1
230.14390015508798,-46.487824806975986,0
-54.91070035390078,31.618504281282604,1
16.208563596541808,117.84114434567446,1
-4.387651228773052,76.28460426273827,0
-238.89161931601592,24.931846844624392,1
-209.59465078771092,61.09590977529222,0
367.38207750837796,-111.1164893131382,1
-174.0170653980984,12.87665813655314,1
-58.40352561031011,-15.383320699524582,0
-236.343257539006,11.228339901835646,0
-228.49745562964245,12.5541865193331,1
-198.89396455144532,34.88200948350939,0
-369.71023200772026,17.289659416747725,0
-203.2162324010692,8.834415907214009,0
-209.98354776921104,2.5331908988491065,0
-111.1807874978141,9.045470628028326,1
-178.52865723243934,0.2612315103858691,1
58.71109633843389,24.502338258701958,1
-177.42412526746438,17.95710303896393,1
-189.54083995487872,-6.229240919079572,1
-214.91070958345568,17.505528784290924,0
18.16233624238737,61.81807471470745,0
-121.83591008653104,3.4118007018555687,1
-104.77175164406634,41.17648591825129,1
207.18255014203555,88.10176876563045,0
43.682397432078005,61.89131480714156,0
17.67426329555053,2.805200770830524,1
-73.21656447766895,-38.42972121159915,0
405.9228332539843,133.4485343448939,0
-90.67892176438636,50.229501187927404,0
-306.27604547498635,61.86962248155437,0
243.17990776593797,-65.80661592145941,1
-305.03211315651566,27.730473822882217,1
-183.92932094839034,5.631408732746344,0
415.24897181048766,-117.05985412097064,0
379.92069196680393,-54.18270568877262,1
-170.18210427000048,11.39129842228801,1
-213.03504974292764,16.77684239558228,1
-106.42365938672236,-32.59795035478168,1
352.5817399198361,-53.043377689313154,1
356.63729385143495,-95.36347199975904,0
313.92684724500043,-64.32243026071316,1
-287.9303493812129,27.85253601780855,1
-196.02430335978363,22.31172139002298,1
-184.8721350066835,6.402335060445964,1
-160.23706232024045,35.49291872877059,1
-115.54364008113254,78.85156514598329,0
-19.561222713062307,58.300658013392315,1
-315.31984359586255,59.34152784498454,1
-229.7909346095007,34.75011623039224,1
37.81626910515183,75.20531152834872,0
99.62448999827211,27.9156146299122,1
-232.78918838843293,6.712617184836418,1
29.01541436520631,-39.04531180828683,0
-57.48913243821784,33.53683399754084,0
-92.63382364339458,-2.7466692412154146,1
206.17090453981098,-47.71351441358913,1
-261.4569433771716,6.8404666917909935,0
-217.32550177660545,-4.264957417400389,0
-168.89552909566345,-13.852831701468027,1
-150.07418617304347,2.436281173306817,1
-67.86414026798047,-32.72536985835335,1
-192.6393902162543,2.532882344644456,1
-225.4759911314742,17.81933890449833,1
-163.0238101304073,-7.367905230877135,0
384.7805130101617,-84.85850089209589,0
253.1364439974368,-65.09435592287096,1
-232.35970765092503,28.694985675089292,0
-163.03863096448367,2.1749091190729146,1
-10.661340385721132,-21.4236574678034,1
-269.35101624806896,63.960365361858365,0
-133.72303418548108,6.193902934200501,0
-184.27530273948105,4.855449391557578,0
-102.98329438094538,43.25128354309241,1
-234.53951694620577,123.41425227864718,0
249.4388328436645,-69.18908485188118,1
-252.28177221555597,43.50026878128938,0
-166.12575710694233,-26.66194349033443,1
-337.9016162536442,13.801702072090535,0
-154.2823905156988,-4.3693536328615465,1
-28.741374608207707,33.25513666578685,0
-170.2269537631837,-26.236973642032716,1
-228.4734682088848,4.081671818262436,0
-29.821092649267598,39.116798213832155,0
225.16389223035628,-36.94878400841386,1
-117.4025022427694,73.61440511378756,0
-316.35251391677,17.146069411302854,0
162.47135188412824,-15.698802373442682,0
46.14002747282848,-50.48354337275578,1
4.571614170520547,-21.32996071199171,0
-279.0202832083073,107.2966038021509,0
-240.18357716120835,9.787517088000293,1
-238.17242008073998,29.525867491434393,0
-61.53340904736626,13.82484173306242,0
-223.17153768034115,19.97089720055213,1
-174.4376243769803,13.133916713996456,1
-18.20836426902565,15.381276703833784,1
200.77377200757144,-59.48625338009868,1
-7.359168751559878,-35.73125460603335,1
-31.156761567514764,23.830778362541395,1
246.6390539331419,-77.09637036349372,1
-113.09682580780003,59.12975393473686,1
-179.63932562787141,20.82249666490359,0
-182.40896081715067,1.3910401254573372,1
-296.1860931082874,40.105868290716714,0
-86.38014697669837,-36.12242858353466,0
343.7186591291405,-80.65845821293723,1
-166.43773895104914,13.010865613346027,1
195.82663846982962,-95.60314133847231,0
-226.17034147863615,65.00341421631698,0
205.21390262032173,-99.03481352307261,0
-167.42002943675743,-7.364419067798202,1
-305.1373481377738,24.635594415629193,0
-129.20090125760055,9.80189700527648,0
-183.01379888871747,20.00466222751136,1
-200.2309143665882,22.466741058326317,1
-325.055258068922,75.03760123328708,0
-204.42397764891336,-0.2615840333296049,0
-276.67866990153215,8.952195776565574,0
-129.2013471041924,-13.784691612148727,0
-71.94199342319706,-37.700521255762986,1
-107.50645663367698,-32.80413551798738,1
-173.90009503678118,12.748756205522106,1
-132.15208022546796,11.823222485505127,1
-265.75118563333643,79.14955846570976,0
-218.64562570968286,-12.484226937640294,1
-5.366417169683018,30.111692537692925,0
-179.9873563013009,31.508465089246027,1
-181.6566463487339,12.248402750019139,0
-77.2705178626361,-46.03005804676935,0
-214.7417524730746,17.94990870393405,1
-197.6603637772094,84.8161667734203,0
-92.63382364339458,-2.7466692412154146,1
3.3506298674827804,21.8908067720062,1
257.4193318652518,-94.21000721247898,1
-220.02689462042383,15.256663794751226,1
-199.7577669216601,-0.7528115123202994,0
-149.0748657996441,-3.650554274488819,1
-137.59616402414014,-21.649254593931055,1
108.14225209951258,-38.445956619557826,1
-33.10525117082523,93.81012526574565,0
-166.3984117362478,-24.68524655307734,1
-287.6037548620009,8.398936236808979,0
-31.916620833378033,7.300683841287594,1
-297.4301377208578,112.0572577334872,0
-197.82368973817853,31.977853312954316,1
-176.197099885731,-2.5287166026622216,1
-32.616758818942685,-17.585732068512677,0
43.12483480100934,68.64059707401756,1
-229.1615538625383,-3.687048731088005,0
-177.10956027465198,-1.4810995440270958,1
-152.2410330726567,11.09133246410417,0
-0.16017716477847443,84.56356031455638,1
236.44332830513395,-90.31103230301406,1
-212.10094513175176,10.832758938239849,1
-109.54401249887371,-3.6168423289485006,1
-177.01036996921903,7.547251633166056,0
-9.586739614368867,-61.35560234415028,0
-2.1756389572799435,41.82380406390385,1
-102.94004271779971,-37.71119763238442,0
342.89198784436894,-47.35529368240183,1
-143.7964007549357,-32.51501705065845,1
-100.48381088615798,-4.711699006013234,0
217.85395039193907,-7.26786571387639,0
-92.0413106796538,-8.072826277446225,1
-140.74656955889014,-13.10576782860067,0
44.510918137166186,-23.14561385549623,0
-252.52356525835825,31.36829028903012,0
-303.02418408901576,18.665460285366365,0
-129.6222619646053,-3.0176731097326623,1
-242.0575740604226,39.36755874528997,0
-192.5743841196396,-14.479567517081769,1
-27.36157035311828,13.658439502427264,1
-129.41394997535133,-37.008738778258866,1
-264.1527808067763,-26.874302035850597,1
-187.3633132765039,37.41348421805333,0
11.155433099968945,-11.045623052209613,0
-93.96923793448389,-42.66799806599638,0
300.13408028044523,-33.08565738110436,0
358.4538384130908,-51.60237249259708,1
261.9216766742559,-32.60781073558589,1
-164.19448463109228,-21.449112218723947,0
-137.02995053298213,-25.610115250046256,1
-231.1985492098193,13.857977052830336,1
-297.0023488352361,26.334712168288668,0
-94.66237050931147,28.045623775841786,1
-84.92080982398926,37.60794604504443,1
-175.63783583521985,-20.661364106777235,1
60.68675466684965,-55.91289248260711,0
186.64960898435504,-51.60372861836793,1
211.04419963899772,-46.10128161326339,1
-208.6179238095175,59.715063830588825,1
-177.04267580041403,29.218478299958484,0
-151.1622541749366,-24.02835539534926,0
-201.76295374612351,12.614066103093577,1
-76.0695071373741,6.397616607298765,1
-68.10178003504012,-59.66977667757909,1
197.80510966683153,65.97651746270374,0
-249.92488332326684,44.42893937391641,1
-134.22083910626122,1.9832124928313632,1
28.87857729657992,-10.442396733656558,1
-215.24759141919913,-9.683873736454096,1
-315.9468162819351,18.459051516821333,0
-141.59535252089648,-9.440233737472475,1
-72.25349250663925,51.232447933109334,1
376.70520914386225,-39.71811486486991,1
328.53866019786744,-34.14958805828436,0
324.3459362157756,-57.2647040788735,1
-97.26243899762176,-39.10094989647792,1
-331.9065207284575,-13.567701979383578,0
-169.17912337538127,22.8383536298876,0
-187.03156349504553,20.594284567733993,0
-206.3638297733267,8.702050165953786,1
310.8461161330872,-24.1441752454918,1
-21.733176675345135,-48.62586388604742,0
-193.81802914214336,-9.343606546407372,1
167.17050039532285,-15.718575350832658,1
-182.13639721505507,-9.49245523885024,1
-221.9114836440558,-7.45906189710319,1
256.1236724543036,-10.408866502742448,1
241.14379145464397,-31.07705292164244,1
-102.88392844203116,-34.71317382030188,1
27.91288720777277,1.6738662781533904,1
-174.30435866914462,-8.334201294569958,1
-190.4908581825577,8.451289959048545,1
-284.50529426750444,-18.45562425309918,1
354.9264778689259,-58.241822017116796,1
224.98407328149824,-46.02732246502233,1
233.48121553403985,-72.22778742262742,0
-137.15922350319903,-38.90097933771039,1
-180.59369063578612,-2.532860412473248,1
662.2696933308869,-64.4057140117767,1
-133.3783557978732,15.79439239649524,0
166.11323412039349,-25.997026669997247,1
437.1391006422074,-95.65882857166011,1
-49.97117116407924,-26.66493611504807,0
-188.66945915143856,4.775371636475398,1
-88.63682956025741,6.636560771990887,0
-107.72468094299558,-41.11765191564307,1
-34.5141688750183,40.651960828862144,1
-187.52363562880862,-6.4687014538463785,0
-167.47645635429035,-21.814109557774323,1
-209.04487143110885,7.339473711003514,0
-206.728953556485,10.730170094312406,0
-192.00206694103395,-18.767421318210943,0
1720.8477717302653,-13.894486799849112,0
-189.47155795341024,-42.62414380039791,0
-160.27914453093098,-19.068802706404206,0
377.1740922253347,68.21950956544318,1
301.502056606686,-26.513622302035948,0
-23.502541859624102,-24.46041491433362,0
12.670944900497261,-16.721835497845227,1
999.3619674687368,104.32957536485492,0
-120.56999682447935,-29.965943016728026,0
-78.64839593747166,-9.57538271690921,1
2155.2895895338133,94.94995284903786,1
-68.62873529936189,-42.67318712245892,1
-162.06851509985358,-18.110454743970358,0
391.668151638743,-115.30311161872814,0
352.8433118085163,-49.45841822600163,1
326.48835459554107,-98.19722410167532,0
-77.35490750773488,2.4880860939101623,0
-212.74457487475348,0.07507957302802026,0
919.1662781737339,-5.009169674457553,0
-22.053238295263213,25.351743834109627,1
-175.33962976841713,32.38585164329308,0
658.3772177447943,-7.941449903755981,1
-41.30931939782738,36.42412459084437,0
-132.1345761685085,-28.789640630424877,0
-174.36209686132116,20.295427541320983,0
280.83120747646115,-53.66089971499364,0
-139.61917491135915,68.00833929197,0
-78.35463275048085,2.755197315407031,1
-122.4840487602433,-38.7609708899898,1
326.5416757225123,-53.88030882398214,1
-140.34283244468645,25.852961471653437,1
-124.89887765447236,-1.4298074103263332,1
-25.49999195705891,27.680647936137884,0
-212.61633782276692,29.642871503082592,0
-106.73851185934757,-28.65945880987868,1
290.469881041808,-47.752187823041716,1
-104.73446920790542,-67.63815632488868,1
214.8588583201423,-9.577713823522508,1
-125.9738502413569,30.124710064923928,0
223.06409900489223,-45.321110539391746,1
280.83120747646115,-53.66089971499364,1
-20.047805655665798,-82.15457052133857,0
-212.96734780556994,19.722083310528596,1
-161.85702670495226,-6.5618896266533255,1
-143.10526986669788,9.677785940998852,1
-57.850769799623265,-41.16013376910983,1
921.681869382069,-54.17556023556042,1
-128.518094728479,118.60116538403798,0
52.17411502700372,142.73812327435664,1
-180.52775134102433,-7.558539457135225,0
-38.800296686583465,17.188477992346513,0
-212.74457487475348,0.07507957302802026,0
-57.850769799623265,-41.16013376910983,1
-226.7312531487442,5.11331857730238,0
17.98780412848521,53.189615968738245,1
-200.1894047752274,25.46286849576626,0
357.6239891842263,-88.73849362337586,1
-107.24314962103483,-17.68256538450543,0
-21.71884194104939,26.247919287008166,0
86.72174280540571,-27.25974876124115,0
-304.13996949954867,-0.04175697058514771,0
-148.33069789709407,-45.24166154876047,1
-175.5653472045367,2.1109329328345225,0
-216.32145843947444,7.602296198510544,0
-127.31100269449291,20.781423148921185,1
8.577356617353985,-16.577796198606443,0
2160.8313070736226,92.84057522687459,1
372.92332965969706,-38.3090350007463,1
210.9852777437966,-39.81294647053033,0
-198.04029879075915,25.58558952502136,0
-244.31277122064733,15.998537096821138,1
-13.217183035768244,-49.87635655869719,0
-109.69447599333955,-35.996437464205776,0
164.40994909789856,-19.114514514807787,0
-161.91384156101805,4.817086410862132,1
459.3481939123478,-84.95584674661123,1
2169.699120368641,111.18088726144562,0
-109.67399127749036,-35.95881716859922,0
437.2466543957066,-113.2906127073982,1
188.62961897845753,-58.045904280283104,1
519.1760603437276,8.300460662693524,1
234.90977689967895,50.413386775966444,0
2174.0047723965154,88.00708688293683,1
462.63096983715013,-77.85117813665119,1
736.3609953792509,122.33434020659863,1
-240.17983850857752,-16.33076373671218,0
-191.555889928012,-23.614580936955072,0
321.1674173540338,-65.94912521782996,1
-143.67544458347527,5.487651130670763,0
59.966003594608765,155.35955193395628,0
-150.89647461966427,84.19383825381925,0
-140.68596906131341,-62.63919291341315,0
2147.673342743085,97.70505947885776,1
1024.4489619027286,-0.6008473531978709,1
-194.37310215557545,6.61951728095665,0
5.8861950041581395,25.955808565481465,0
-175.37888515703878,23.243547528257082,0
18.559066973293852,-10.400343286571122,1
2177.808925092282,86.62437365530226,1
-220.06743483696744,12.065659838040972,0
-147.079000793224,30.631485240351417,1
-210.94093014552266,22.193037272870157,0
-195.90844957839124,11.080588647490998,0
-139.0897776934654,0.33373775503375214,1
2174.004269955526,87.99077484848475,1
-7.271645340229384,30.82439217287544,1
-189.62178472508975,-27.10813747611359,0
-73.36006972171083,62.69068216890427,1
-110.42028183070926,-34.232365436361924,1
-204.47212204898182,13.94476752742493,0
-32.797706823503404,-1.2679943755601784,0
-20.83547366943958,5.559995112907124,1
-229.16701712780775,19.534339916967134,1
-240.4981524642488,26.3779252420728,1
409.24039985564525,-18.042883572490148,1
-113.08133650738665,9.742934097090235,1
1442.1082881885998,-90.02490911257411,1
294.82193487167376,-59.2080139328037,1
1084.1178793247875,57.33301384243863,0
-330.64614525104554,7.594080740746648,0
203.8514955797839,-60.152761030416066,1
537.1167608547473,70.0569482462225,0
-184.69294194324863,6.874465919452142,1
-239.75718712752007,42.64068116258498,0
-217.2907515327194,-6.008132110716382,0
1344.2778828919472,-30.313441641765415,1
-210.23369593505083,-17.52808468792258,1
1182.1319886846384,-40.5440157891504,1
2174.0047723965154,88.00708688293683,1
-63.958517047836494,-31.56195038034671,1
-152.54351710073115,-18.623742974957032,0
-323.19717071636387,62.45419819242798,0
-153.6072980360707,-52.61247553083226,0
-152.92924617196087,-10.955954276625071,1
-246.31983283386597,45.232255702190656,0
0.2299628440413244,22.123380977262663,1
-222.62297934852472,-3.3971348642623056,1
-10.676772006587044,-33.39659854528848,1
-80.15957206945666,-10.613165164958225,1
-161.46183424031085,35.14684787006573,1
1298.4879832042195,3.8969434598215287,1
372.87879675534873,111.41313903664377,1
-209.70059299657515,25.954043785982215,1
-258.547366441066,17.52184738216878,0
-129.9511926776292,-4.008061506897562,0
218.67917335516347,38.92101249814789,1
352.6331273854387,103.4100993726145,1
-267.2858081866258,-29.175588785066843,1
30.881784749074882,108.48054759860895,0
-2.32051671364286,18.046427033015227,1
-251.6301798154047,9.125621877261487,0
-168.86868936780945,15.172691929070602,0
-106.01348236738852,29.391846551838032,1
-114.17488720616848,53.341514939879836,1
-18.20836426902565,15.381276703833784,1
-189.67379572574606,-9.64174621478191,1
301.8509810691013,47.064588228255865,1
-218.2247631844172,46.211307639053096,0
-145.2950036697049,16.703757394224382,1
-122.30373344623854,11.102122324618556,1
329.9382535481685,-62.373022714583946,1
329.7339264300083,-42.49394136554492,1
-97.44712648149539,17.757598502915187,1
65.44495343160236,8.019959654171423,0
-181.15962581644715,36.6379953708004,0
153.23014319656204,-58.24708583233322,0
-23.880363855596556,17.44646006131986,1
213.98546197160772,37.253667725685204,1
236.70238354898402,12.323942378504846,1
251.49470430961287,-46.66676637690764,1
-11.807655716077988,9.667073008500175,1
-56.37451405143349,53.926322206564485,0
13.324931659747335,57.65658940674578,1
57.15641435896691,11.375634368869896,1
-140.0530064462002,41.237816223766046,1
33.58333529056836,63.343633342142724,1
251.5093960108402,-46.66204495138637,1
-10.72239539907082,12.581974395618772,1
-256.70840563491515,-6.490366124158136,0
77.42111797562563,-36.19951266968241,0
350.6709088502473,-19.923483516898848,1
302.2251712831244,-65.45447194221035,1
-160.11599592004757,-44.13710649013108,1
178.7463848848853,-41.03577199159874,1
355.2191962501181,-43.00308719890682,1
20.39983884137871,-32.76162816931974,1
-161.54626616405403,13.266974246568402,1
-41.7818171077173,142.56278995838514,0
198.8978906169624,109.05407294307312,0
60.0478222702651,-3.752779782060756,1
171.83682692012087,-48.32875861147668,1
194.94728046471732,-75.47104311803363,1
-63.0055097459483,33.10133586289126,0
-174.90718013490556,6.859611703136821,0
177.99718815681285,-25.603780579691893,1
-249.9715269634139,32.69802604566473,0
-335.24116260882073,51.78814791987434,1
0.34673596236689264,22.289530264146556,1
-125.14522515392497,6.5265243502567145,0
72.70479420799654,-37.38568509360423,0
256.8752048376293,-23.29360603559926,1
168.45171173396398,-22.79967628439865,1
63.66935317175978,60.93808539165357,0
-185.82255463008596,-7.577109310772599,1
271.5935954382867,-67.37076859960456,1
262.34809534333453,-40.153898409088576,0
-0.027704239010063247,73.61888814236896,1
25.883484344331237,-12.75224454162683,1
-44.073824889812045,43.87823999286469,1
-62.267923257701,23.298935042822965,0
-216.08519849056017,28.74043989455783,0
217.9177980447854,-44.859757439489975,1
-73.65537137568424,2.5036706861020193,1
-45.2178506322673,58.097003997490845,0
99.62448999827211,27.9156146299122,0
219.8240126015645,-45.540676536210206,1
202.66223757246587,-60.24488720811977,1
-8.072805025334105,39.878669952108,0
-17.029550186518463,24.708177679319984,0
-16.648337894608062,34.26016676088907,0
-214.67854905572045,17.951248367277024,1
211.9911403333299,-32.09215353460308,1
183.85917935721602,-50.49358331185355,1
327.026130795408,-52.874087786921855,1
-177.04267580041403,29.218478299958484,0
4.963344341841662,64.01520319814212,1
-204.2748667395042,29.32415717578679,0
175.54430084997762,-17.92913989357333,1
5.027973195892628,46.71239872836385,1
-216.8211202250161,6.497401713637402,1
317.2466420324413,22.389662943580426,1
35.80349851395522,-18.44379940006332,1
-141.85717861503997,82.6195110957944,0
321.16836735763457,-68.89117329511811,1
184.44102750427248,75.95372635766851,1
56.555833376754094,-16.39858289941548,0
-183.72136757440592,3.852731619934275,1
356.86784089157845,8.693538743907538,1
-235.51700353236998,89.06530140717794,0
-49.74897782777191,74.80393475825876,0
-213.86763756396397,0.05854483689294199,1
-59.66999604298229,-53.64767768650008,0
-140.3001948268584,-22.645649679126485,0
15.705824538613683,-5.585765964855469,1
-105.95760566490554,50.212068231737504,1
-69.7204450350676,12.981385056534592,1
369.1341988687251,98.93764216757941,0
336.3745888903511,-71.03402774453247,1
194.9734268866306,-82.35480308841278,1
-102.38372551622598,-61.47580312839042,1
-223.36044411507908,26.468135103243863,0
196.26164336458055,-80.59084983144086,1
-232.49507086214408,-30.236537332930375,0
300.2190668919527,-47.43527479087711,1
-88.10241219999745,-60.52057260707311,0
227.47778101555332,-18.91138440639711,1
-213.53064336958317,2.656077679030787,1
-224.01623331254052,39.2634110612278,0
-155.66185486480634,56.79237094389767,0
322.277195620733,-39.525989055295504,1
-169.48619753681862,4.748586864571649,1
357.16955701502695,-68.5065709262478,1
304.5377937924261,-49.04542996932452,1
177.5827015322393,-23.97114517272268,0
-206.90937120835116,7.204306762496969,0
-195.48704880969495,3.5600499286459524,0
199.82236168986208,-56.46035936919454,1
293.6354207127754,-53.84619777274069,0
-225.44926118551518,20.80788975842411,1
194.66068595723016,-9.37509696141997,0
134.5199914001338,-25.169626016794787,1
285.46158633386676,-44.00544070333398,1
-210.15531606666138,102.73524923115733,0
-230.81396357172986,29.476450902512592,1
326.2086036532828,-60.917141686671805,1
190.55362631632727,-34.993621984517425,1
-252.07221023956282,0.3535054499193464,0
144.93129482222037,-40.31744876664532,1
104.4388773302303,-37.08621588559006,1
-193.50466034925074,-8.383403605780629,1
224.219206659811,-24.78028698510257,1
-145.95861519665272,-44.310464177756565,1
267.3561279885761,-49.61665584379481,1
-177.3795344032336,-46.203004774740016,0
2115.771332131212,109.51984485690198,0
31.48561930521248,-45.04281395744497,1
-123.46775410695386,33.7833191413507,1
-90.8640537706554,3.9491049408289385,0
-130.2305877738857,23.906126234541766,0
-158.89780890508615,18.948726207510596,1
-139.31577052772508,-3.1864216802439103,1
-140.97945439576733,9.22036147074104,0
-122.47640508235105,22.090042404545457,1
-153.8587215932494,-57.782562222058466,0
2177.8236167935092,86.62909508082359,1
210.1480188234823,-39.48979327899256,0
286.82044751223225,-59.12073737059483,0
237.49919578720846,-47.90136881056325,1
-227.89959469618645,22.818492955049507,0
256.8786108094439,-28.985032021573524,0
-114.65677191151678,-0.17989074755995205,0
-316.29679059860126,81.34311499057729,0
-171.24393288346948,20.05149202951685,0
28.87857729657992,-10.442396733656558,1
-8.242881378913125,-30.15971431862713,0
-158.34857807494336,17.61767846701877,1
420.4619712884589,-68.70442883469428,1
-20.71177875551291,-28.087280583508466,0
-336.7434782728817,14.104494716888311,0
62.49561553496346,11.189209729706597,0
222.11197247800396,-42.27982342128855,0
324.99193730239176,-67.29824470490837,1
407.2892182572699,-63.847797972276915,1
-106.8228281972469,0.8655367251757156,0
-28.95061509393338,18.08360129200898,0
158.6815272211776,-40.493178923857904,1
-157.37123421104235,20.418261998342302,1
-262.9338927355919,31.96480153275518,1
-166.6736554879634,35.57094759683166,1
-159.9186668546232,-10.136070940115182,1
80.16742156621729,-1.303609537023057,0
160.92807996102204,-34.45913852571933,0
57.540391899176825,-90.84567071622001,0
289.3887044823042,1.6647594841172833,1
120.10053054379023,25.803942105337363,1
-185.83831645828633,6.6943038529901315,1
268.76376658371044,-31.356266322135802,1
-206.10835005181792,52.93015776058944,1
288.8232008093844,-40.57067134729606,1
365.4762405228429,-87.37705526757176,1
-276.4600580108162,0.8970342600213996,0
178.4727421682536,-70.93432956587677,1
-182.4075014696122,-4.225487686892869,0
-265.0085256560366,49.39097167539708,0
80.14241158270067,-24.625697068772716,0
211.0441996389976,-46.10128161326339,1
-68.0793637154963,-1.0871875042506431,0
294.5203129912221,33.22861988289657,1
-128.19116140529383,70.45384026066854,0
19.9193903743718,75.2468947155061,0
119.41652999807832,-19.650194555483786,1
267.33450279093074,-67.23007410826588,1
-104.81216642252826,38.17744980519524,1
-196.962869321583,-3.533625517145481,1
48.594718350711105,23.081530782496234,1
222.55799096901706,-78.54151086540665,1
13.991544819107844,7.0711671732348265,1
200.56967585005862,-16.571631647242064,0
231.13072609657024,11.556366684510152,0
1036.0185841359755,-74.9416946327801,1
-132.59423323958032,-25.656125642134548,1
-151.81893868932377,20.596282838381363,0
163.41088085972513,7.111822085498673,0
-53.92212176290741,-54.93690892514038,0
264.2252865384743,-23.298327761455177,1
366.5580729840884,-20.796613589814307,0
-218.4953314531209,-25.517063515139206,0
-140.4362171487814,0.03339811326536335,0
220.34562627351386,-55.01551969722818,0
196.9847405350746,-75.96811697450877,1
7.769266177484383,-83.41486219249757,0
-72.95436818125182,-11.654897276726238,0
990.0927507785748,155.91961351605053,1
1095.2158328785695,-20.804985205941485,1
-162.53312805542413,-8.66022225682054,0
-183.33304740448386,51.1927994798662,0
203.64425566842203,-74.98559587748903,0
307.8627435758327,-76.04571874761385,0
1270.9521137913366,97.68247719680355,1
298.6265660980547,116.41591189976319,1
97.52427870210659,-71.39634993642926,0
-221.35022511214112,80.9911504053838,1
-183.05532801331253,-6.1423954655461515,0
-270.82032666644614,24.988458189973745,0
789.3718022328937,-43.656822623979856,1
209.1833578385989,-152.65058647112386,1
117.5859512284776,10.341954941439631,1
-185.99208753650396,37.969911250856384,0
180.14409636645541,70.48240711389437,0
1400.6571306438566,87.48558518303108,0
373.4863800532389,-51.344890449985336,1
137.76238947051058,-126.2890556941322,1
637.0013727947439,-48.93259875836235,1
2200.349774913565,78.27751350203768,1
59.929508784669565,13.315031813249618,0
346.8308876432303,-36.38177521170213,1
757.2243977445542,14.319297720719412,0
654.1810271799936,25.336688641620864,1
759.4349827054723,-51.851315589210905,1
-246.05805858702934,25.73884023436397,1
-178.28646906463962,-28.032022629291625,0
2187.1627367040146,83.14260263884762,1
913.0318365309549,-71.5280218640467,0
1084.54597368562,-41.560185478464724,1
146.7293251323889,-55.65239687077821,1
1196.7863842348984,-45.98526824553547,1
1541.85202741874,-126.38724482419673,1
1210.8438588797665,-4.3681233514980775,1
209.0413878005579,-63.21285677388891,0
-126.26144567497238,6.22616058729416,1
-156.83001024347658,-14.497062323414035,0
338.645262078834,91.72926832778138,1
154.95655402595867,1.8116215921124734,1
-222.2822332579815,32.261226361333044,0
-263.41218402958845,4.547640538010008,0
-46.58692597913512,-15.163452547773808,0
153.471174785651,51.543389187570824,0
693.0464672423309,72.22108204755176,1
1135.9049502849157,-54.6290676157493,1
2174.019560573584,88.01494045190134,1
37.24711580889743,-40.14116129835346,0
569.5892915551651,107.9463797989533,0
-107.36305633484108,34.08717346293188,1
1227.0447480398846,-3.4079547338492944,1
-91.7422954497224,-7.384911008750699,1
-301.6626887079628,3.751157200536042,0
1084.4698499708516,-70.86262415624665,1
1122.2185494597577,-52.28747863796297,1
-22.997116890986945,34.08957196603962,1
-230.1437761641634,-9.687913169541112,1
328.39210876118057,-57.56707708331496,1
540.0918148576404,18.77708917280774,0
1093.3729267231902,-63.987641298641144,1
280.83120747646115,-53.66089971499364,1
71.70066742590075,117.42579977024559,0
1157.6921411774113,-31.529605729438906,1
224.83444272735426,-89.92572560535382,1
1369.9450675880148,-29.283798564686244,1
-137.65010706663497,-33.66569951504383,1
-193.75153074049092,2.335723112796529,1
440.74128776905013,-103.53349151721642,1
-127.36994928827676,-22.35049655537886,0
-49.97791794706302,-1.273999262860059,1
2194.6388912482175,80.32421486956079,1
-96.04865898560098,6.8041817819205335,0
390.9365020445912,-97.09711292905763,0
258.72014778254027,-41.148873827563655,1
1234.316503793586,-16.397360743955325,1
-67.21186613529346,-25.98174055007511,1
-35.226204434401325,30.201545328550516,1
695.1018663663585,8.558537071366963,1
-171.71566795249555,-53.816856038100376,0
974.215196793373,51.126576196412316,1
183.2599942916945,-62.97293056840484,0
435.13217148227204,-101.47746694690227,1
240.7542662939253,-61.175020451553756,0
-177.9291043368146,22.26637668521534,1
2218.5782688252953,81.42603975207454,1
-66.31709688354152,67.31475139897529,0
22.1988396569609,20.754192755491296,0
-196.41690292511998,-7.805903563439365,0
304.9981247706022,-86.8110210412438,0
-3.4904953242197507,29.39166352374575,0
535.0226700213568,39.88190686054433,1
920.468442005015,148.13078590010795,1
2177.808925092282,86.62437365530226,1
1021.5500489393082,-41.75009877508426,1
643.887667627883,-393.51131815147903,1
-182.95174865544766,20.05420483216875,0
438.3577662596655,-66.40986192782415,1
450.3429980109984,-129.66597946678303,1
797.0472643940179,-24.439028500954628,0
-195.33884152675154,-2.0176645685823402,0
357.0397854044122,-53.312647139262516,0
118.99052560402583,22.749460123646266,1
228.2914856887046,-16.7105858371441,1
762.8387370125699,-63.553316545379495,1
1067.563259455375,95.37325932882584,1
1327.7202246590107,-81.08447006667706,1
644.8183070284992,40.50075355970846,1
-106.86654883470527,-44.54764184556216,0
501.4189377279829,35.770833721495485,0
-252.45783671170005,30.373389074555984,0
-32.451497850538885,-63.83850353292059,0
1059.1469863429836,-43.82941139249734,1
-229.74719566514005,23.443814206192133,0
214.43852006175928,-51.440117714511466,0
731.2729625047587,27.790697234108624,0
2192.233476694204,91.1624434336062,1
2187.162736704015,83.1426026388475,1
214.61533925844674,-72.34356780715768,0
-117.33508759168575,-79.92380255654504,1
-216.06335082877843,17.33662017531846,1
-128.87264930332265,4.621847568702137,0
-287.5071835728542,43.22818291347415,0
55.888866845139205,-12.303440577453138,1
72.91417341997453,-73.81995580523741,1
2231.7510212879365,76.56940908446285,1
-185.2158659252451,60.68805652222986,0
-91.59043911125781,-41.16613335668432,1
-208.97275820367406,42.17138954065372,0
-284.4198705471086,46.13013763698854,0
-142.9932961406318,-33.42199370289158,1
-71.60716592087812,-22.323406296020316,1
1484.2279355668502,-91.27246069880039,1
1050.2944991566567,-62.14442803763159,1
-307.3293463876298,41.85557705384231,0
216.90014899338087,-62.01461980553619,1
-183.3134468556717,19.24092549354495,1
-70.84967272267278,75.1747659243978,0
-219.57451828980822,4.865224170149787,1
-221.13705553809956,24.419389238930204,0
-322.23051100433736,11.6612332734016,0
2207.8123565766655,75.49072652371918,1
939.0414815013828,123.10530734560294,1
1381.3792294542488,-50.030213633970384,1
-169.8623095832836,0.6124344517111808,1
-128.74392177133888,-51.7672633459428,1
-262.0677594159794,14.08159531795991,1
-198.98039932614478,-2.7086053452948917,1
-378.36173633690987,5.504617606022855,1
644.4526435136293,120.08782744685931,0
-234.42411915952306,51.703952414338936,0
-142.81143328125233,-4.006772340207604,0
-254.87138444376035,42.13903299675004,0
-69.55717222804441,49.844425502252065,1
-196.17152625878208,24.876944312732988,1
-197.86591832451205,11.723947405542823,1
-284.0817468178317,21.08493704817083,0
-349.06055996645614,9.640174061508667,0
1464.8780272474628,-97.11479474397657,0
-115.20903645504796,-16.141801114197683,0
252.18503417252384,-62.068462080817234,1
260.53627743389325,-4.514135754936866,1
-232.23207173970133,2.403462345285824,0
-253.614947802544,42.41569680811048,0
-134.65622671014273,6.478608547795517,0
35.922923867940995,43.50772726813864,0
-52.76546223443529,-73.22031178465761,0
368.2894723313076,18.165650535247103,0
1121.974698325189,-70.54062409529482,1
35.60799286165752,5.26215144063859,1
-132.16508319454078,-12.838256641484087,0
-196.02506140070636,-3.610303096452725,1
-207.96358032571464,19.58589750648128,0
-139.9642228892685,12.329797042932363,1
-187.31452217319867,-20.94896866354363,0
1109.5182228495528,-52.08493338062764,1
165.05527843346306,17.048447754296802,0
-174.65889497316607,2.0752982008383896,1
-201.30558054033128,-0.6921508570621526,0
-37.313752606711205,-4.472055385251792,1
698.0949582750172,-85.87668963639837,1
-205.08558865170596,-36.836937848686865,0
131.20436557100584,-71.722913614921,0
-126.59864655886844,-20.68117088364344,1
1.8004200951547773,17.778507889112483,1
-265.99401756456695,66.89036514505467,0
-180.11596926683876,-12.393377759889525,1
78.56704658296678,75.16420467601233,0
2187.1623463184324,83.1299285473566,1
74.45349899199414,-35.59969670079513,1
-141.91667411022456,-46.91063272073436,0
-205.81244063286374,-16.388394507989055,0
-52.358942105077745,-70.21445665956293,0
65.20320036639032,-27.871129581763377,0
-241.13675163659883,-1.7699330745990025,0
-106.80525109739904,6.524947894350994,1
-151.83941450406144,-35.05421848328216,0
1289.114248182357,-70.06506578170465,1
-360.11132737905774,58.01624954706686,0
-108.0637908985251,-43.340018525644204,0
-49.93732908727793,-12.615204644700576,1
-203.9818216554603,-13.755557859434496,1
-4.966090933927944,-42.64405628159607,1
-132.13694308467774,11.842405361528137,0
396.2582402248597,-118.34629666101233,0
-204.9935739299363,6.529634005304914,1
1034.6813775116989,-40.205719505193095,1
-264.68236988536415,-30.11501978941731,1
-173.40981845466916,40.34955065447437,1
247.2599383118444,-72.33792913187327,1
-210.23369593505083,-17.52808468792258,0
-28.739930708935958,-51.71832259340231,1
-365.797000494561,39.4284865956369,0
-172.87657478391083,4.019615522616597,0
73.18965083495937,-34.646138252165905,0
-92.94525965739393,70.60633205661128,0
-146.27152274153684,3.921214390961069,1
-109.31856417351622,17.22145860375059,1
-234.21323046620137,31.70881873941497,0
-291.7263582165884,-20.183964563530317,0
625.094344240799,125.13135195223833,0
195.81212511745036,-20.792436540740304,1
227.94477839589877,-59.64730497798629,1
-296.404447944851,4.70986737350848,0
-333.8705826343779,0.3409554659050542,0
1066.6072407234612,-9.707514647815934,1
-363.4487753497797,19.637390680162532,0
326.70131520363566,-39.13252998196797,0
359.44420777049754,-83.08824165635497,1
246.17419950816281,-56.468676631641564,1
214.78694001508006,-54.7787220433846,1
-286.5737702426795,-19.422270009753568,0
-24.60666416400477,-109.6583327431722,1
9.69835528736371,44.89302209554468,0
-174.36047294491317,-11.332225106652508,0
-169.49143938705038,22.144190604843722,1
-321.1715940418318,-5.755837234260106,0
-340.3255589711038,1.2938895143668816,0
162.59103453844352,-73.43204143246109,0
-371.48096368606815,17.824326696023746,0
-9.822124897913454,26.747438228628063,1
522.7941111380821,3.496149613784837,1
-38.658369796109355,32.531789573341214,1
-343.75851624113693,21.182554958080118,0
373.4169359313545,-30.886321225854637,1
35.595362581649056,-29.75914411313503,0
-208.38477264324456,-37.9900527770803,0
-204.9935739299363,6.529634005304914,1
2333.3348680029367,211.54749071200501,0
-254.40224278388064,-5.729502648750483,0
-212.12048738145205,16.406184540407715,0
224.37156903419032,-62.15020360845774,1
-190.17785665389727,16.8772124040633,1
-188.40872951612084,34.43574223499043,1
-222.16951834651087,32.43393813881663,0
-257.6475693081196,20.131825844916712,0
101.70404116078612,68.84606622255001,0
-400.6904253017128,13.788028891189505,0
-249.1174625016484,2.8559394402107756,1
-251.18296078593852,3.0714517396483885,1
37.80718690759511,-66.98423451585853,0
296.4747025430029,-45.78015852284408,0
12.920049992751615,-63.6857910482369,0
-385.98284975396746,39.66558948109086,0
-334.9441081649991,50.947655512449316,0
-317.48234664354214,22.84846402440881,0
205.17247335714126,-35.995009668064164,1
-165.125159685989,-6.520066317137797,1
-190.6279292504559,8.162436000940737,1
280.19394412700206,-75.69806787389035,0
-126.79146755942492,7.473165392909657,1
66.29806683236257,-37.126409336132575,1
185.2745611985913,-56.74031413173724,1
-144.07689999666394,-43.03947278896742,0
-317.65280075071047,19.470824989275187,0
-389.77972091842435,29.351681600059223,0
-40.79841318334013,-11.434822807271324,0
-336.4511059489607,11.898356891190552,0
661.3002325940806,90.08546649522053,1
-117.95446865234828,-31.47140611832578,0
-146.89373870549264,37.08140520876479,0
85.49609382926735,160.6944263606201,0
48.476592380148645,-35.92241551127517,1
138.68113249034934,-89.19303328145543,0
-61.7394047848515,-92.34679262433127,0
-147.18705042841367,-6.998046476607094,1
306.7053099766249,-73.43536527768964,1
180.36780269199073,-33.76721409893435,1
-176.197099885731,-2.5287166026622216,0
-122.60966283256158,-7.071428894904301,1
74.28736479670033,23.30401247612444,0
264.84312458582406,-61.01850842364701,1
-184.0814367253912,66.44285672231894,1
-108.4970020267719,-3.4950858121132597,1
-136.1011079428198,43.204892232325065,1
-64.59263631465814,-35.71953737550384,0
-208.97297845050872,42.16423910104065,0
-285.84589083864716,39.30346081022749,0
200.29439784398596,-54.957087276447815,1
171.61050238353414,-138.738693146267,1
-186.39006090956434,-31.179952577142807,0
-138.02719532079828,6.091694384447436,1
-302.4839080631711,-1.368174271696418,0
220.83778196938295,-94.98466179176091,0
-275.6245796136731,23.673719667045656,0
64.42025690766047,-29.737366206219086,0
15.675086485254155,-17.347941103556657,0
-297.13601510551854,34.72562806030432,0
159.4699221952891,67.11782216897838,0
-315.5530191140777,1.9643210390179604,0
48.4467684840248,-35.946159241543874,1
517.5203886813313,-95.03448176958574,1
475.95197765977196,-65.88089989029174,1
-177.93339164750807,16.555270265101726,0
-376.62174651763127,24.487193897629243,0
-323.93050018797805,5.06749258733047,0
-4.820762286394256,-82.3290383069398,0
-35.40486850307366,5.879068052389968,0
-96.81934840707362,68.73448969407625,0
213.4675405023097,-59.80105798577005,1
522.9175200888876,-83.26174241771744,1
160.75607588043954,-69.73377012991693,1
-226.9544614147169,48.509807602521725,0
86.69930148621836,-25.169667846408196,0
743.7369256505679,107.91878177574597,0
-309.83045282210156,1.9513425548168115,0
227.94477839589877,-59.64730497798629,1
-37.65421763010795,55.296398987623334,0
184.68806806277496,-56.93886144404933,1
265.7679148297177,-33.69078730959169,1
645.0936743110435,82.70738264184544,0
-43.27865022724029,-9.372399924044863,0
253.39434363669147,-45.53748301077861,1
266.15908817051763,-79.21013879669127,1
-355.2786826957351,44.54496502332363,0
-145.98291576492522,-58.34450539906286,0
523.2458557170507,-97.08016178044133,1
40.0229191566292,54.3765042493278,0
-320.92601348570213,16.39573362378823,0
-245.0509085889273,-3.5997876258792516,0
-42.75357391983141,-101.2308713946457,0
-155.74977683654924,-57.08163623364839,0
457.38209345752944,-72.79700846077733,1
496.90035088413583,-87.36690047686656,1
-216.85462521509965,2.157997008618814,0
82.33308014348404,-57.64997159343806,0
14.810594712721013,47.347999112795414,1
47.92530961881994,0.7723262852370283,1
-257.68798408658137,17.13278973186067,0
-209.1245318897262,27.388085062611758,1
-300.9006380890419,-4.8632894498499155,0
232.6055342933979,-66.89720113822355,1
27.498389306163517,-14.46015661507763,1
18.329321941801368,-24.835742163325413,0
210.80385336573158,-70.95116142122566,0
-222.32933161056593,84.22062116407791,0
131.0447152965396,-100.49975504534001,0
-180.53153510299546,15.10411229592652,0
-271.9602482495221,45.01485155947222,0
-53.150325774623525,-20.617751621983025,1
-212.46507658392608,9.123746252306091,0
-336.3428841879877,18.058841267086585,0
-347.6247988532441,22.20731341401291,0
-397.4218261648795,40.582835991865664,0
-265.30587605155637,-15.162014688073562,0
-37.86778804708217,-43.155711150338995,0
810.8679536436039,170.59454597841088,0
193.75703272867975,-47.00986692775826,1
288.32890275515797,-4.79887664727805,1
-238.6157558877589,31.334598248352425,0
267.12849974341725,-50.38243201778332,1
2155.2083975913033,180.050793272117,0
-315.10436805179256,-8.855218321004934,0
758.0554271550627,131.65836311874543,0
158.34202506643476,-47.24304188152215,1
-42.753573919831524,-101.23087139464567,0
-290.30312396050596,28.866331631114836,0
444.2088036814541,-67.95781982545208,1
380.8505482822171,96.78678715385409,0
-292.9546186735391,-4.274618743574415,0
-341.3824066285617,30.371111788245898,0
-16.64538044782728,-38.23401978994661,0
678.994648180782,134.16831012959827,0
-284.46633651741035,5.322095509565457,0
589.8946781818051,116.47528375060736,0
-211.6064141704208,6.3496862019362865,1
-141.7896890438542,53.47535838770904,0
-350.27601594940165,14.780757635422106,0
-132.18342973590796,44.93351596046801,1
-198.50618323792622,7.0459279387072655,0
674.471700916296,85.18713231926833,0
-260.5739249802345,41.401556192138,0
963.5167061358313,-2.7349039340847483,0
-282.13565908328934,-29.9216450802167,0
-252.28177221555603,43.50026878128939,0
-244.7764257514741,29.01208910571839,0
-262.9212632986599,-15.37977400016036,1
-347.62186832670477,62.73709622998889,0
874.7253890273055,48.39876901026355,1
335.2948121802327,-56.544473045627804,1
-347.65875308301264,30.759126045848575,0
-334.3775841110375,-8.622536404476918,0
-302.80586625958836,-4.150589814667356,0
239.813583034977,-69.49687738942552,1
-167.51506232932263,7.246586863508256,1
-224.54495453560503,23.072036040431115,0
-289.8666052051454,13.788300249634943,0
76.9813701944953,16.163760229944856,1
-226.2707793181238,30.154078981343414,0
230.82860234593477,-76.57673007353492,0
-190.1040856880394,23.889371877449364,0
208.9277673265517,-40.36638443414957,1
230.9695926010403,-26.841813607285708,0
204.3694081084758,-46.92576656825283,1
208.94290199439502,-40.3472818437644,1
-365.8874573807016,27.603769495179314,0
226.2777832381896,-62.83112258430244,1
-304.66239913594313,19.69775617801966,0
-315.76195905492114,18.762665132850316,0
-271.3584041134333,39.613539325289786,0
-252.69674992134816,-19.13459605494365,1
-295.31960846460726,6.4681727673794,0
27.498389306163403,-14.4601566150776,0
-330.7337573940225,16.00281309661613,0
634.4696047196071,109.94065059032229,0
-341.8471680987344,5.869545474859201,0
-325.5829735787554,35.73188424087677,0
-131.7376081506461,-36.93499607080525,1
-145.34127201092997,49.80201909640767,0
-208.97297845050872,42.16423910104065,0
-208.97275820367406,42.17138954065372,0
-119.21693293547304,109.22163968198907,0
114.950550833482,-35.57913288020152,0
214.78694001508006,-54.7787220433846,1
-190.07258750531986,-42.09501525857414,0
-302.60600757208823,16.886056492713728,0
-277.51931637268956,-9.988771306958917,1
-230.61012684924788,-27.319887861936046,1
-11.994159730671186,-84.80394454755472,0
-157.55375538998044,31.404020516685783,1
-294.39515052125216,-3.762810008567662,1
-208.97275820367406,42.17138954065372,0
-198.219905938639,25.03248214493991,1
171.51571057834542,-52.06939497846742,1
926.383275109328,78.63551074879621,1
4.027215287170179,-25.39665158334943,0
483.8549108626851,-76.19905399623522,1
191.9997209552257,-31.138379021259404,1
-175.61752890004107,66.21715626038313,0
-262.0840140718402,-15.70292387034339,1
-192.71553835804627,-12.131949515773336,0
-1.6447829697862062,-23.331468681439127,0
-256.13121139350596,-20.335786351920127,0
-262.0840140718403,-15.702923870343362,1
-230.61012684924788,-27.319887861936046,1
-204.76171993932388,-27.024563045224035,1
-10.252009480242464,-70.87607632538237,1
27.76542706384771,12.840264682758438,1
27.77325727034747,-28.298079250823015,1
-365.8504358081651,9.898681817900531,0
-7.041913312946917,-35.10420839800931,1
-222.3440233117932,84.21589973855662,0
838.3134817467537,-13.195379295966895,1
197.84789860687044,-48.55409909182267,1
-213.40395059316688,27.314279631983194,1
-209.17126662510475,79.35926762362797,0
-262.9849991858384,9.131022903196104,0
-199.64931896938646,12.382973467750759,1
-112.57217148419659,-46.55532705595473,0
-244.74072598375085,73.04228584921043,0
-178.5627518579031,-34.731544085796266,0
-156.35051378009194,-40.25664053232301,0
-49.317775118221334,-79.83181040149296,0
-248.6748476482926,93.93388630684132,0
-195.42248533821135,12.223703954017417,0
-180.87131865848556,-31.94937258008151,0
-138.88486270569842,-63.90793515930023,0
-206.4615605096016,-11.847036393926892,0
-173.7398446571156,22.036177267716944,0
-88.26131338575902,-31.650047873282013,0
-5.314021365802091,-50.09331206064625,0
-424.9340221302667,14.851906442259569,0
-108.32415112575887,-14.335583338865213,0
-88.26131338575902,-31.650047873282013,0
-235.76257697193978,12.970840975443686,1
-289.6771131636367,60.747236551928445,0
-126.56764360051653,-17.49879345849893,0
-136.00775213602043,-13.995781448121853,0
-115.83007740096355,-54.31095982492359,0
-202.1137520573996,-67.51489055593618,0
-115.8300774009636,-54.310959824923565,0
-154.13640761572117,-40.159705410140454,0
-154.13640761572117,-40.159705410140454,0
85.34479710338417,-25.911766747376696,0
-239.98667479466263,-39.805668590449464,0
-173.9784209992494,-77.97418627187736,0
-188.22208218113803,-26.704395888077862,0
-153.94866938610096,-58.35037885466645,0
-127.60316512275222,-68.06363996308647,1
-240.8670723674037,30.937968059332512,0
-163.9996844349697,-0.7708255255781538,1
-30.164607080736346,-86.90743861284881,0
-109.44132884278565,-57.58775551591817,0
-125.71211090365136,-68.76456560056764,0
-166.0586514872753,-44.8791703246113,0
-120.57244983517097,-19.70993401150634,0
-145.1621726470347,-45.130051752306976,0
-212.41400355368347,61.135926706711274,0
-114.2459397926005,-41.82753296683898,1
-211.79558503919515,-14.870867884796859,0
-167.79183312837148,14.867631087049588,0
-113.40967347696579,-22.363279695385337,0
-55.950176936347134,-43.59016173505771,0
-139.7256144886054,-12.634306959653152,0
-167.29437850381004,-35.295218911294675,0
-149.065674206121,-32.13986236062539,0
-336.36408829784483,11.95315991654244,0
-278.36047842455224,-4.341851519431245,0
-174.52275487039873,-23.6579544529396,0
-331.01946418688146,17.937440012054047,0
-294.8406202434028,-11.428921621697917,0
-226.84152011522315,13.865166676859545,0
-233.0657054115939,-20.525695849115515,0
-219.8929512669784,-25.382327093034668,0
-88.26131338575902,-31.650047873282013,0
-317.57485926645194,31.226440816517393,0
-152.05761450774554,-59.05130471803286,0
-244.7407259837508,73.04228584921042,0
-225.1392482156778,4.2371278838685456,1
-165.7168445971592,3.346939084404582,0
-196.4337022445755,32.79171832166423,1
111.13906209310392,-34.186725518553395,0
-244.7407259837508,73.04228584921042,0
-234.9634385261706,69.42832852070293,1
-102.58141313548202,6.40147211431664,0
-102.59632755649085,6.389519963544551,1
-198.59043037204952,-14.777949284485693,0
-405.45758862671835,30.284870232589117,0
-213.34712519060116,30.335390582774323,1
-294.7149564537238,20.922256849868447,0
-196.43958011767018,-37.43136746016146,0
-144.07689999666394,-43.03947278896742,0
-117.03291351753279,-52.97052738025783,0
198.447314054461,-61.59694493408369,1
-324.27385697695695,7.078737129881006,0
-357.5816887801171,-2.2530948804181037,0
-105.96938158464991,-3.229152364984458,0
-140.0164557914124,-58.20834206250816,0
-151.8998308963637,-43.98099071762214,0
-150.97537054061837,-54.211974320144556,0
-183.28160723222607,-42.29585464337611,0
-131.81730721884622,-61.31159518371289,0
-165.0378392093582,-39.123698696554904,0
16.52338441337156,17.034175390595742,1
-170.12853519405274,-47.13634726829137,0
-283.37628512616647,-20.71724720343338,0
-189.37534060196992,-55.428249297245195,0
-273.98148607098955,-35.76846931637572,0
-277.51931637268956,-9.988771306958917,1
-220.38561347193627,-31.074709916719335,1
-177.05073087552807,-48.8192908275743,1
-237.2334283569062,21.11120268185926,1
-155.22810947378554,81.04818599156687,0
-366.68665179816173,-6.679370318306134,0
-262.0840140718403,-15.702923870343362,1
-252.59090555418203,28.16708653631846,0
27.77325727034747,-28.298079250823015,1
146.82640779397263,-69.49774960944566,1
-278.4476747827248,37.93658579365511,0
-361.34321896496715,19.474333511979715,0
-269.54456480631814,33.05131654363496,1
-234.9634385261706,69.42832852070293,1
-248.92603986347234,-20.56741150684126,1
-230.61012684924788,-27.319887861936046,1
-209.59167020193536,37.656203816332415,0
-225.9433615206927,54.038097022690025,0
-260.80887155062135,-40.629758431594134,0
-247.63611411176896,-45.486390804242355,0
-262.6987146539141,9.88152355156501,1
-230.81913553302127,0.8517634921880273,1
-271.2920470444757,15.477376809495702,0
-47.21009067434818,29.123911363389194,0
-69.2765669715132,-30.836061341638533,0
-201.36648044366854,16.5007385273056,1
-96.79412833270726,-12.888232935019012,1
-165.6792896970822,-5.591390845901358,0
-227.83692913180897,22.802390770973492,0
-186.0375625923141,98.64841288006932,0
-241.16623502874432,56.1125886251007,1
-185.04714955045637,20.175850132290563,1
-185.04714955045637,20.175850132290563,1
-185.04714955045637,20.175850132290563,1
-101.25766093931315,-77.7769010441265,0
-88.08490887315298,-82.63353157588895,0
-248.6748476482926,93.93388630684132,0
-112.57217148419659,-46.55532705595473,0
-174.52275487039878,-23.65795445293957,0
-221.39527364093811,-22.774474484719924,0
-202.2421094596059,-29.8501013748132,0
-164.98848345968963,-53.68158555010289,0
-120.12820217556134,-4.127331971973632,0
-124.05087494218799,-28.556626160029133,0
-190.240433884656,-72.77817211927547,1
155.95536288232415,-39.12835140655576,0
-92.50909350749862,-63.86217134388287,0
-77.0737912066491,-69.57632390726735,0
-97.13686918334713,-52.269479619339215,0
-102.59746325736148,6.3526487844028665,1
-52.03402159837697,77.02512091678818,0
-363.0031268244612,-5.209121573792494,1
-154.4596770232178,-40.96479869649034,0
-161.34999867603585,-28.51458639917906,0
-153.94866938610096,-58.35037885466645,0
-93.23656937214952,-8.832307687165354,1
-204.21137031071066,2.573196438540087,0
-224.9535552927175,-10.006381603377328,0
-107.55049279147084,-58.295913438334445,0
-45.59990938158569,-81.19328604946432,0
212.62944070959054,-82.53536190999552,0
222.06351481636273,-42.19950998546094,1
-187.652281552523,12.874362108657508,0
-213.07266789607206,-63.51852244028047,0
-156.32835378368992,-0.11991677782280874,1
115.63971156291666,-56.061933764969815,0
-264.509254625415,-21.83940962031351,1
-241.40569396257763,-2.5843799949691046,0
-140.97843749217031,-45.02419164702689,0
-83.51894095155166,-66.25107368669927,0
-209.25269733460266,-57.827161761363236,0
-112.57217148419659,-46.55532705595473,0
-235.21365760717794,-3.1099947795144587,0
-99.36660729955719,-78.47782648310238,0
-89.09856502496899,-31.32689717652361,0
-97.13686918334713,-52.269479619339215,0
-65.31608039182078,-66.7184690841265,0
-65.31608039182078,-66.7184690841265,0
-189.0841371915261,-34.714588346495624,0
-141.86321702055074,4.213223973513202,0
-94.16404829543825,6.32078070862817,0
-264.19222708947717,-26.905799757990714,1
-157.22970350546672,-18.169354780855294,1
-107.57439352046816,-59.029996095957635,0
-192.04819857485376,-31.397299890656676,0
-126.03994477944053,-69.56581757208457,0
-78.4740496965515,-61.85398312779855,0
-173.9243556760111,-24.63971201149969,0
-114.43041302198043,-72.92027050670814,0
-62.81102290098363,13.053979405590383,0
-273.1828579946931,30.231137231937424,0
-65.66298811178467,-63.88644150335842,0
-112.57217148419659,-46.55532705595473,0
-170.38754769183362,-13.30085099001716,1
-179.5955806644692,17.879449689821968,1
-229.9295666532662,13.795805239814086,0
-304.66239913594313,19.69775617801966,0
-116.66732904017357,-53.98780912816516,0
-209.9789443325019,-7.12715720016822,0
-142.97775820210484,-27.55108630882352,1
-140.28360596132916,-18.29602718828503,0
-165.13419167626319,-55.110153740487654,0
-140.77591724343904,-63.207009412641206,0
-84.94491979811232,-66.64541154645661,0
-192.64241884330545,-21.946495465153042,0
279.19752374429675,-63.275513247548396,1
-189.0841371915261,-34.714588346495624,0
-97.62721684123272,-54.778355222350775,0
-154.13640761572117,-40.159705410140454,0
-64.8257327339353,-64.20959348111487,0
-3.6382084330111866,-42.05769618357288,0
-22.791376191890777,-34.98206806767774,0
-173.9243556760112,-24.63971201149966,0
-92.50909350749862,-63.86217134388287,0
-127.60316512275222,-68.06363996308647,0
-52.22320549171525,-32.762197355064764,0
-176.41359028029603,-22.94979675029699,0
-222.0556866171508,-7.974481313288166,0
-193.66099127624057,-14.936012809885291,0
-46.1629132471395,-73.79409698957423,0
193.4779696052243,-35.84485697368306,1
205.30756561025044,-64.62388376297335,0
-337.95391839882103,13.59569571168516,0
159.08560811814607,-18.97808701603325,1
-132.32489609927563,-53.486283337094854,0
-36.47048708454986,-46.68787887512844,1
-232.38632371127983,-1.1593342455601743,0
-361.2895222473403,5.09336966974918,0
-187.03143725110556,20.598383149541675,1
-132.18320948907336,44.94066640008108,0
-307.6767426003245,8.866213997804095,0
-104.07567960047305,-28.829537710947925,0
-349.7167870025651,4.805490326646712,0
-83.43972453555551,-11.499670504341573,0
-257.6622610093468,20.12710441939543,0
-244.25600249780706,33.41666752004967,0
0.5088599821706339,5.032475741459443,0
-67.94436792183035,-35.070917071383015,1
-67.94436792183035,-35.070917071383015,1
-174.75734822903013,-27.623475812466133,0
38.27706884685665,-49.82603734698737,0
-174.75734822903007,-27.623475812466133,0
-133.1607566084835,-7.267054898651303,0
-208.97297845050872,42.16423910104065,0
-83.43972453555546,-11.499670504341601,0
-83.43972453555546,-11.499670504341601,0
-193.79657488277934,-34.74299622482591,1
0.5088599821707476,5.032475741459386,0
50.92040257106851,3.0821740932072856,0
-150.8246866880694,-14.80698184877739,0
-111.44495992737865,-35.362274696308525,0
-60.76247216923417,18.571988884445688,1
244.04873942809934,35.88778599816851,0
-239.9360002887057,-13.405948092383262,0
-239.9360002887057,-13.405948092383262,0
-201.33450524045753,4.640545120863962,0
246.13431942354418,78.57897145720129,0
-142.2588329715755,-31.703813729733305,0
244.04873942809934,35.88778599816851,0
-171.4692336227667,28.226044149106915,1
386.20331820896035,-61.43011662811663,1
-184.0610138444169,-40.90133039100706,0
-151.41383537132236,-44.57748008946995,0
-130.63533461696426,-52.2752026302611,0
-93.60129625765876,-70.44275481800878,0
-153.63517572846484,-80.19739079395418,0
-182.64404172318558,9.617090655409854,1
-209.331283243192,23.94438083324454,0
-242.05581261798693,-1.2899408522259534,0
157.5498712136765,-81.43617519594841,0
101.71991952513895,-12.421585002038164,1
-235.83483562991296,24.286937539556924,0
244.04793556579273,35.861688148043925,0
-180.5619977789682,35.4261665428837,0
-256.13121139350596,-20.335786351920127,0
-250.9812679165122,-0.633997270941066,1
-256.13121139350596,-20.335786351920127,0
160.75607588043954,-69.73377012991693,0
-132.18342973590796,44.93351596046801,1
-259.987080335218,28.37133395138342,0
-263.7049428330652,29.732808489624393,0
-185.82284999268308,-7.58669842663268,1
-22.18085535988928,-96.82173099990752,0
-22.18085535988928,-96.82173099990752,1
-179.98054384931754,-70.4794706212563,0
-116.40558844849056,-65.89906628311934,0
-90.06007759259666,-75.61232965039258,0
-57.412893149650245,-79.28848139435053,0
-110.18483775805106,102.04998193096881,0
-208.97275820367406,42.17138954065372,1
-166.80793136242886,-75.3407590397284,0
-276.8629144837805,34.597295249774646,0
-282.2600452693307,22.82455568478372,0
-102.96219381788035,-55.257797087244406,0
-102.96219381788035,-55.257797087244406,1
-129.57834426492678,-61.04243446637174,0
-205.74714519996212,-9.62309616265356,1
-234.46335712386104,-50.34302302238009,0
-223.57928560348768,-26.331433464078124,0
-304.6988317994028,34.42720418012271,0
-352.0992869320669,-2.8144010847641994,0
-101.29989075598206,33.33838135224309,0
207.72161735853058,-87.11461233148589,1
-206.32161487591748,-15.715862953334288,0
-243.0104794504354,30.851106454599172,0
-210.69934300102346,18.910992592823455,0
-193.15177052405716,-4.420752489971477,1
-219.35508915417142,6.003058602064563,1
-289.9070199836072,10.789264136578936,0
-362.3841840876455,22.6165288845988,0
-271.2193340049465,15.17692709914261,0
-222.32933161056593,84.22062116407791,0
-325.2880652967259,36.33647493397327,0
-93.24353735541393,-20.448252386994845,1
-58.107592816624106,-9.05006747915575,1
-41.10628635534374,11.146931656146194,0
11.525084121782697,-8.327405891285999,0
-352.7294861573924,22.739282881474438,0
-338.941316658549,-7.678887373034939,0
-184.67274719151237,6.7628612737266,1
168.6273838902904,-72.65898352588567,1
-197.52619770351123,14.066853642481973,0
-252.14790735769145,-20.026500435095976,0
-341.4571899279789,18.582935717887985,0
-82.95817853155808,-45.8641940313584,1
-247.0771717538674,-12.006658137404308,0
-316.27207756201443,29.049995982812973,0
-312.7688052187497,24.062755697666585,0
-197.5261977035113,14.066853642481988,0
-165.21506125409934,2.1267397807062736,0
-184.68439735544854,35.72419120527468,0
1194.592524802895,153.12315489043758,1
46.90567098834947,61.813383176392044,0
-327.66902124324236,-11.835234257677861,0
-82.95817853155808,-45.8641940313584,1
-240.8756130549976,-24.182846938516057,0
-344.15547978995664,25.771885435268068,0
-102.11134743621784,-38.788565522876034,1
-339.4514845431791,29.715221482458404,0
-61.056029426701684,-14.1454385702177,1
-131.65900941429675,-35.31889934289517,0
-122.49809655309662,-56.86698462572813,0
-251.8058966228416,1.068389858782858,0
-219.49476017342954,-10.871724002992856,0
-58.107592816624106,-9.05006747915575,1
-353.4983164718991,6.15052190823905,0
-334.61252606354776,13.85303783194373,0
-238.63275132532942,-3.775749091558609,0
-310.7577434470159,0.21086045380560847,0
-231.61845728442222,24.147603436410638,0
-137.72228400753215,6.731341621377837,1
372.78837132994477,-41.57884657182249,1
-221.67232536797252,48.2846410715041,0
-259.54822944574437,20.825681478131806,0
19.123900584228863,-42.75040905848926,0
-290.8892387748453,11.055265034117696,0
-32.29404334270805,0.9400156541805558,0
-292.26099477649177,53.68818732714016,0
-29.0999442199967,23.80219101338866,1
3.3506298674827804,21.8908067720062,1
-274.0647623296334,53.91472217398397,0
-9.807210476904743,26.759390379400195,1
-199.14773652836323,5.241378228686877,0
-199.51987587174807,15.843051953801066,0
-116.07640665357798,-41.95134194943652,0
-254.936895754886,-1.5107594678970955,0
-252.5239120363836,57.25976389649087,0
124.28319342235602,-61.14058589059281,1
-115.54364008113254,78.85156514598332,0
-177.25388709934168,67.57235820897905,0
-210.99857659583023,33.841751912986794,0
-187.89547311905386,53.08193873105018,1
-213.34724896159423,30.33137228660439,0
-262.16456956710675,13.728513670163714,0
-235.10646341798184,52.65921087141062,0
1.4597965298576128,22.59896376461066,1
-265.78009821682843,32.96241642461224,0
-293.5512440265735,15.437643369478863,0
-163.9016581534018,14.165344528880318,1
199.9317402697004,-53.135303031318095,1
-105.85261371727847,35.2155322421974,1
-171.51409894464285,1.9204501942935224,1
-201.52058058866857,13.086762697969249,1
-226.50509365765305,35.19987625208209,0
-132.18320948907336,44.94066640008108,0
-275.30526192477384,41.83576013679048,1
265.19734293269164,-113.27390652395309,1
-195.9666881620821,22.519581428949255,1
-187.6266987108632,4.578265266348481,1
-199.95916927306428,3.079442482513869,0
-219.43989862785543,19.782810667120692,0
-214.57888664248617,3.974133640264519,0
-201.42091638896386,-0.8903526411550047,0
-173.0262216793434,-7.8518839214485325,0
-222.19128483761972,64.74988191989688,0
-265.6322277019287,37.95662939638321,0
-200.88309382160162,-29.350888953993582,0
-196.12053462964468,-9.860190334418355,0
-234.9634385261706,69.42832852070293,0
-202.63671609610327,57.521969378203785,1
-134.46781344583007,-33.65265444437572,0
-251.62915434279898,-10.596991294130426,0
-251.62915434279898,-10.596991294130426,0
-384.2490628386971,35.72620160199746,0
-267.5750013648308,-0.8728698847767618,0
-54.55837456034669,15.161291558309088,1
-52.627531176499815,14.502846162099843,1
-418.615565422137,35.14935875550762,0
-334.46389257893475,57.87260806603415,0
-219.39441964126428,-6.521952034080435,0
-246.44266964004112,58.079654853210215,0
-284.76870378157247,45.063313814283745,0
-195.9666881620821,22.519581428949255,1
-197.70305249392362,-2.2518276581267074,0
-252.13969906398137,-6.587022448161235,1
182.52035960191245,-82.6995494385771,1
-157.4171644781402,28.848146330691456,0
-204.8201806238671,18.888119291943752,0
-363.44898573573846,19.63056037953003,0
-210.44129846407742,-21.958808494537216,0
-200.18928100423426,25.46688679193619,1
-57.44135858254515,-45.06174742792384,0
-68.42458514324511,3.7890306442703547,1
-222.48122585106773,-0.16745400986698655,0
-222.4660472884167,-0.14692634941150118,0
14.607587134956589,17.708848147787897,1
-87.63270739528014,-33.98939950179565,1
-174.4539437895013,-0.2783662437131085,1
-51.57677025827502,-48.39688195430825,0
-196.09098577181067,39.457810659892786,0
-344.0281933255727,37.82977271958788,0
-183.0833351245018,-3.146518815877343,0
-159.59519533224488,51.89990958080763,0
-267.2901609562379,81.33468766320209,0
-195.9666881620821,22.519581428949255,1
-328.209439691599,25.521310020440378,0
-378.9699709140921,44.27828955670092,0
-21.925379084773567,22.795148951704945,0
-171.538049143021,10.632832082068866,0
-102.66184827394585,-13.805050794624087,0
-318.88490669209136,-7.482156147977861,0
-252.65945343749877,-1.2227468075273578,0
-214.18383604710567,-6.747281986666117,0
-216.85462521509965,2.157997008618814,0
-209.32633758277223,12.377389353436243,0
-238.79706756066787,13.416628340293528,0
-308.26701030212416,4.139772783852081,0
-288.12711643864816,30.12359890621562,0
-245.47623853537613,32.88816504029365,0
-197.72268633676987,8.864100297077457,0
-195.33197282201098,-7.778432351610114,1
-240.46258560430863,35.06059482326886,1
-137.56941770668868,65.37573736339543,0
104.7701320456573,74.45773196592349,1
-203.2992587353482,40.21478177362933,1
-129.27130994252389,35.49687582047044,1
-124.9879714434366,-68.73362486983223,0
-265.3131713192426,-1.7535317289337868,0
-44.414121714402086,-35.32575628766268,0
-238.4820272581922,-36.264352754622415,0
-239.40649049324202,-26.033368165542306,0
-233.6298193785849,9.989480654924172,0
-200.06040652563962,19.974259236714893,1
-200.06040652563962,19.974259236714893,0
-330.00198407462983,-2.59011900646086,0
-174.0557990407076,6.5091893391498346,0
-213.28690298184273,39.21186994506502,1
-208.69638925458435,28.44204211738924,1
-221.67748682382114,1.9348320935719912,0
-210.44129846407742,-21.958808494537216,0
-350.2911945120528,14.760229974966649,0
-337.1184361971507,9.903597302150928,0
-321.4549463112967,8.975877498672524,0
-295.109432123813,-0.737387010128252,0
-221.0280259947728,-8.096468700105348,1
-151.86958869383352,11.928221854410104,1
-265.31317131924266,-1.7535317289337584,0
-234.85095751815095,6.7683222779657655,0
-239.25537724494342,-26.56174765031134,0
-239.25537724494342,-26.56174765031134,0
-230.1509622983413,-9.714200284419839,1
-268.7487417255426,-10.43012305263671,0
-252.92785522264649,38.66797766696027,0
-204.66362229354593,-27.97783026502602,0
-204.66362229354593,-27.97783026502602,0
-261.7231845277455,17.391856542449098,0
-208.50472956297324,-2.9218002180852523,0
-121.21013942039946,-0.015821567222914723,1
-169.5288134556268,-16.61651653632861,0
-182.15921653004108,-12.635064331293414,1
-271.29357793646017,0.46546274559170797,0
-227.2898261759956,30.203961768956837,1
-349.2262138141277,17.752042596328074,0
-265.59583168866,65.1552810125559,1
-182.80884731513845,17.65099764936064,1
-184.69481575153594,18.34957470809701,1
-137.7192838439882,0.9885861163350356,1
-261.83269558413883,98.8023913823917,0
-197.2685398831273,-26.815441258510937,0
-239.89140294444144,-1.2126708881328199,0
-221.6781996507694,1.9116897584874337,0
-147.50190012919995,-3.1038175745990912,0
-194.37939917056087,-53.43064308853122,0
-156.58742339287443,24.882554372012468,0
-142.79744710871825,27.953455172940792,0
-172.35248584413398,-39.91794412680175,0
-152.0198187180942,-20.082811296029128,1
-112.42833903918824,-25.94946764739972,0
-94.19963474149927,-22.794111096730482,0
252.98633562015027,-74.35350809902124,1
-358.9746277069623,46.46277515346393,0
-147.50190012919995,-3.1038175745990912,0
-197.2685398831273,-26.815441258510937,0
-341.2674207948513,1.6172566100893562,0
-30.297818754670516,-28.07862223165686,0
-281.1100509731488,14.130716354014034,0
-319.35009244194487,-8.356150192900621,0
-61.87388777028809,85.02691724436251,0
-211.61807391968796,-23.127925163830646,0
-95.92919654464373,21.668610318995874,1
-91.99027671843868,23.715028028789167,0
-107.19620235466891,25.8290365237384,1
-234.9634385261706,69.42832852070293,0
-152.0198187180942,-20.082811296029128,1
-267.2901609562379,81.33468766320209,0
1182.8705275138882,-21.53675594012642,0
-151.43187901598606,-7.44661077559752,1
-35.790415119120894,-0.5530210331685055,1
-80.61625460447408,25.56537408552299,0
-212.41400355368347,61.135926706711274,0
-71.23311432872941,13.36469271872604,0
-102.02002645820278,-38.712027225043904,0
-327.0792083449352,46.14446222886665,0
-99.06145505053632,-36.37704258280791,1
-393.66582043205756,39.18856030926259,0
640.9007434205894,62.760560956439,0
-88.16787206401006,-39.58739339838403,1
-63.317286349076085,-2.7732668461814,1
-174.688401564172,-6.048590528468395,0
-141.28128125654075,-14.839003486068798,0
-306.19212119070056,-13.220636816177084,0
-306.19212119070056,-13.220636816177084,0
-161.51564326355242,-10.905223196390416,0
-182.73026048489731,0.3936125978761993,0
-177.67359598531186,8.428873033791035,0
-116.49500539869956,-10.915197710707481,1
-129.6529743002967,-6.050711892508225,1
-173.69986525310367,-48.5921106878665,1
-125.9747412190004,-51.505974562148374,0
-197.23309685022963,21.66384140804714,0
-219.27492212471844,8.13927058118329,0
-120.39323110254969,-7.133364020089175,0
-287.9634168930115,-10.065280265507845,0
-328.71099138215743,6.828808010700378,0
-172.53989797282003,13.881911856069387,1
-169.49143691410347,22.144270890481472,0
-97.3418378508847,-17.99082575428394,0
-55.64343725098058,-33.36261180065991,0
-169.55750429053438,-4.463019348363261,0
-162.82339610495723,-6.208695980790793,1
-319.35009244194487,-8.356150192900621,0
-328.71099138215743,6.828808010700392,0
-159.3820556528666,9.013327571772436,1
-154.33463078248303,-6.537510950773864,0
-156.33359459415004,17.275686606184493,0
-31.006149899664138,-14.713380707957079,0
271.6997666955783,-81.3528600034125,1
-232.24376694107127,8.09643050644086,0
-227.13027658615465,19.15280173801243,0
-101.11947065706715,-12.497059672121189,0
-175.99615223938605,-1.352064055087041,1
-164.50083937263327,3.5722409442209013,0
-164.4440139700675,6.593351895012049,0
-271.3979974430669,-20.297915397054588,0
-154.45403676277414,-9.982371775608321,0
-141.16187495414636,-11.394142771599014,0
1.5182849133651644,-8.488599110232947,1
-75.53638712286067,-17.61306963504459,0
-183.13427441048998,-17.982278723472128,0
-118.74767308962129,-22.744635400605155,0
-185.28658790194834,2.0767371687688296,1
-258.4246537091034,-17.205445899508724,1
-194.84864890546766,-12.59086890912888,0
-137.52226240760677,7.148088708633132,0
-167.35877752819033,10.247479876695806,0
-187.86116062932956,-1.1919575985870452,0
-189.67379572574606,-9.64174621478191,1
-96.95962084829051,-30.49185375376414,0
-245.40160867997594,12.965014591648753,1
-167.6267925911108,-5.125739954783199,0
-167.50738697684585,-1.6808790045344324,0
-85.60431221661793,-53.66501209455401,0
-110.1323753345306,-25.63522239279164,1
-160.773203005347,-37.467463121403405,0
-72.49125213595073,18.823300797918698,1
-261.83269558413883,98.8023913823917,0
-210.7353969993265,5.190886907942122,1
-155.22810947378554,81.04818599156687,0
-193.7042932550762,19.960744912953515,0
-146.73874515434892,2.5799004422210317,0
-89.36783733818356,-63.86323475726332,0
-162.38490864740402,58.593461163866955,0
-149.66533210499398,-11.070049183572202,1
-112.07777873518177,-24.977223211892927,1
-128.10852603524472,-19.695635098899054,0
-133.56598791949523,-2.276731860529594,0
-156.38474846219776,-9.319651169188411,0
-315.5530191140777,1.9643210390179604,0
-297.3243148163888,5.119677589687235,0
-306.19212119070056,-13.220636816177084,0
-206.14212343199523,3.234572260527578,1
-120.47900851342212,-27.647279536608302,0
241.11775139457177,-64.4967853050747,1
34.76791532995617,-79.05816438797262,0
-290.79978605407564,19.873819857266398,0
-196.77940202675222,-11.929493087141402,0
756.8954667469168,93.79401292971113,0
1010.5690360727324,81.19225519761233,1
-79.52367267823473,-58.753405133196146,0
-241.63362010086735,-46.91398266400528,0
-276.5043524064138,55.89060304228205,0
-215.6308945196987,3.6762706286288704,1
-96.53053087437746,16.811884312840526,0
-118.4330232300585,-16.580544318806297,0
-213.99712716235086,-53.287539211050166,0
2080.6399229876,171.63091094272468,0
-260.35540683038784,-16.54407007752129,1
-326.5784234867379,41.72334888187499,0
-240.36831529599635,73.08179320216422,0
1254.1523098117937,153.72703565398862,0
752.1456212708024,92.83050569073684,0
271.6997666955783,-81.3528600034125,1
470.55484595847906,-77.65363914151507,1
375.97905634322717,-26.993399710316588,1
-268.99938011531543,-19.520245414683835,0
-22.22114874551619,-106.91668416508938,0
899.6009985547287,141.75471736788572,0
510.07310331156486,-92.22353113241323,1
-249.0637602049045,-32.39040224052764,0
-239.70286697958272,-47.57535848599277,0
209.6744432088027,-65.80272697662767,1
-315.5530191140777,1.9643210390179604,0
84.79355665836943,-24.47346400877266,0
-110.25492588315166,-43.809031104652156,0
-179.65599778642644,33.648079239716814,0
-37.810965545721274,-31.77822312812136,0
-15.94486569137257,-36.62688995166224,0
-316.8276162772062,-7.3985433341856535,0
70.96068299008994,-44.3100764800843,1
-250.99451332618906,-31.72902641854015,0
-48.566652760330726,-97.20342314182642,0
63.17991130204655,-50.57434310661794,0
-132.40176998347812,-1.8040325092302538,0
-129.85088007116525,2.2862438330331116,1
0.28100085893959204,-88.7499362873354,1
88.33989210685058,-23.601838509268454,1
-134.41451764500806,-63.081525612585644,0
736.4889800265723,108.10187999436977,0
-237.16749777776016,-67.98060194971319,1
307.31716293578313,-42.58376536747608,1
-258.4246537091033,-17.205445899508753,1
88.60504631406775,-25.865871684043775,0
22.101258814596235,-26.232896280798165,1
-1.369915159825382,-37.16939126434192,0
-125.92201765453967,-7.845111943369027,0
-156.6070832791442,34.28064526502685,0
-241.40569396257763,-2.5843799949691046,0
189.9666717314201,-69.90114266001899,1
194.7845256000919,-56.82832999136908,1
-175.32462805103324,-34.94186702318898,0
-238.96694048303118,-11.443655212134992,0
-1.6447829697860925,-23.331468681439155,0
-80.40995827213573,-17.39591447873557,0
-165.9943474296362,37.71231744962709,0
229.83560793435845,-60.35546066885424,1
-352.6244523435885,34.56502354611317,0
3.7523474228956957,-11.558728981836786,1
272.52563183753387,-38.609692901156286,1
106.94209166412668,-34.1060374625582,0
684.7227231014065,-17.654711386768973,1
-338.4460410444958,41.20096309792802,0
570.8378956838528,102.30287148450248,1
-297.3243148163888,5.119677589687235,0
210.80385336573158,-70.95116142122566,0
232.6055342933979,-66.89720113822355,1
-262.9212632986599,-15.37977400016036,1
126.46251265677972,-59.479948661440964,0
-251.83645773202755,-4.896989039104774,0
8.422409002195423,-69.34490257220764,0
742.8374518976489,93.47461462534554,0
661.2989480527172,90.04376312425619,0
995.0030889651307,76.46851141483751,1
201.6291015802193,-49.910139090265965,1
-441.4049742739294,74.75611303490535,0
-11.994159730671186,-84.80394454755472,0
935.5629279180862,42.7468517473343,1
-42.753573919831524,-101.23087139464567,0
1169.697775172296,-16.680125313990693,1
209.6744432088027,-65.80272697662767,1
971.8693849323406,57.179366158395986,1
744.8976753179102,93.01360402205266,0
483.727598433544,-82.51026981338356,1
214.61533925844674,-72.34356780715768,0
-252.1404118909296,-6.610164783245793,0
314.0940412226745,-67.76327421975196,1
214.78694001508006,-54.7787220433846,1
700.8172065255055,75.47387074970602,0
2402.3847622455196,184.52753567806425,0
226.6408304125123,-64.64024666705225,1
629.4129362631918,101.90539151016577,0
51.742564744217134,19.99071103429882,0
-186.93115070307311,55.68889021354227,0
-341.2674207948513,1.6172566100893562,0
1206.0042315466794,-2.2476106836852594,0
50.021943694072206,-45.70985773166239,0
199.68190274276412,-52.28336573348172,1
-401.3579758267774,46.17364171385712,0
-188.19560386230899,36.53751833872654,0
1715.3239687932878,174.10746863501404,0
6.288227265326782,-51.93758742996781,0
734.4287566063106,108.56289059766277,0
-362.8658281257452,-0.23212147555502582,0
661.3002325940806,90.08546649522053,1
2041.2636915046542,297.0675322084977,0
745.7971490708289,107.45777117245314,0
241.3399774813804,-71.02955071280076,1
497.02766338952006,-81.05568468584215,1
163.35585174595144,-112.43986890711568,0
-307.4667173369935,-22.583501537786695,0
522.9175200888876,-83.26174241771744,1
-151.27125777570456,1.73671994877256,0
983.581487818039,155.54244114537167,0
101.49772948788927,-28.470421101308155,1
683.3258613791443,103.55646208598566,0
205.69153024418142,-43.184348264694954,1
218.42682515116212,-73.73597419308979,0
603.0674309143722,111.61865299050893,0
112.72048350250941,37.853129727268396,1
457.5088684760276,-66.5032346426083,1
30.840516025785746,21.105650252355332,1
124.10256875333346,-45.49656136279878,1
144.20268290585273,-105.3642404207543,0
271.6997666955783,-81.3528600034125,1
88.32498015878934,-23.61371037440309,0
-365.8609311186333,-2.5420469761878763,0
212.5467466829749,-0.15095274697816308,0
-309.83045282210156,1.9513425548168115,0
971.8693849323399,57.17936615839621,1
-273.656067669226,-24.10969025585991,0
38.51825180976152,-51.12153179598378,1
818.4214670439305,141.65211867009808,0
-399.14082654938613,44.53007800400935,0
-294.3951505212521,-3.7628100085676763,0
1102.544714721792,136.32409399085796,0
-182.2677501930741,-7.965980221511209,0
-244.69283662017386,-12.233430515900231,1
232.6055342933979,-66.89720113822355,1
1280.671184570506,167.82079162362382,0
-292.95461867353913,-4.2746187435744005,1
692.7011220285603,88.36576066561301,0
171.2487524499178,-78.52096759073649,1
-262.0840140718402,-15.70292387034339,1
929.7765044585831,55.900993931265845,1
-357.5816887801171,-2.2530948804181037,0
319.4911728980062,-55.990534959633486,1
1079.7799931116137,-14.564145289904879,1
719.5317521121094,68.51057581359905,1
470.68215830797317,-71.34242329707664,1
1941.213104088085,164.1471024146855,0
-301.6623310650416,10.597603542032957,0
-208.60402161661813,4.5121173473046525,0
246.7371091274989,-59.256811442672806,1
-140.46242034996203,-85.05402246064938,0
-250.9812679165122,-0.633997270941066,0
-234.9634385261706,69.42832852070293,0
-213.64926707361803,-5.295233779594611,0
-208.38477264324456,-37.9900527770803,0
-272.79845210412344,-15.449911618332386,0
-275.9763066357164,13.833572653109016,0
-229.77287762242827,-27.64303773211909,1
-210.40652789621606,-31.18806592869685,0
-256.13121139350596,-20.335786351920127,0
-93.60129625765876,-70.44275481800878,1
-133.16075660848344,-7.267054898651303,0
-111.44495992737865,-35.362274696308525,0
-271.46578352184054,46.37003475432782,0
-178.3882065516114,6.970878731047726,0
-231.77091546240825,-26.720870821588953,0
-168.04627556867098,-28.60184076037762,0
-221.39527364093811,-22.774474484719924,0
-224.47557084265412,-55.75267015895262,0
-219.41890788247082,-47.71740919558088,0
-133.16075660848344,-7.267054898651303,0
-304.4021004088118,26.36980795773931,0
-186.9531227425615,20.864825178683887,1
-441.4049742739294,74.75611303490535,0
-184.0757055456441,-40.90605181652837,0
-176.29563570436102,-47.31426470953512,1
-38.03573600357106,-83.97652613849772,0
-67.33675528894827,-59.158647801848055,0
-121.49691019091637,-9.478950408983891,0
-45.59990938158569,-81.19328604946432,0
-115.26931498097008,-33.9240801695827,1
-103.69661568660854,-25.935895309897525,0
-215.6904987623135,-13.715787333757454,0
-135.8929151409634,-36.99649529050678,0
-115.8300774009636,-54.310959824923565,0
-45.599909381585576,-81.19328604946435,0
-93.24353735541393,-20.448252386994845,1
-126.56764360051653,-17.49879345849893,0
-192.12816718540597,-27.76380530196976,0
-233.0657054115939,-20.525695849115515,0
-168.06667839537022,-12.535700671766456,0
-214.02573267289898,-9.063796721101205,0
-140.77591724343904,-63.207009412641206,0
-183.40089032957474,-21.8323991650904,0
-217.74359734776783,-7.702321436930937,0
-190.240433884656,-72.77817211927547,0
-206.32161487591748,-15.715862953334288,0
-148.14121385037566,-42.37084596314781,0
-167.11654788413142,-26.394911653801422,1
-161.34999867603585,-28.51458639917906,0
-192.2353245322306,-19.738136126379494,0
-174.01047842650547,-27.655976815110016,0
-61.056029426701684,-14.1454385702177,1
-219.49476017342954,-10.871724002992856,0
-187.18362372401754,-22.811837864768542,0
-196.1527298625282,7.548350027412674,0
-48.66852027885534,13.864043804810812,0
-229.83733415292323,26.00696750425768,0
-219.8929512669784,-25.382327093034668,0
-190.18929214191303,0.4027258008805603,0
-83.8826431385288,-35.63320897220674,1
-165.3892825854834,-39.56503378299036,0
-126.56764360051653,-17.49879345849893,0
-156.78528310250448,-19.200526515420727,1
-194.02916117086426,-27.080788229852352,0
-165.05290293453703,-39.140498092706814,0
-222.5024613322321,34.59123163658249,1
-170.12363543624843,-47.16034145329862,0
-158.32034881482173,-40.27230602910773,0
-192.12816718540597,-27.76380530196976,0
-65.66298811178467,-63.88644150335842,0
-102.02002645820278,-38.712027225043904,0
-154.175276382324,-59.10652166949735,0
-97.62721684123272,-54.778355222350775,0
-54.77161192170536,-39.92754895106933,0
-54.77161192170536,-39.92754895106933,1
-112.5393591016043,-73.62119604183496,0
-35.94934488242302,-30.117582321797208,0
-191.04245056684874,-25.658627472106154,0
-105.00799838539035,-49.33856704932081,0
-163.57651615122512,-36.65669339976332,0
-147.06283000259413,-44.436105797749455,0
-131.26537970181312,-48.59680726153908,0
-96.22695884522199,-62.50069583259384,0
-178.05193544283213,21.764017910912486,0
-231.73875990192926,9.288553216007628,0
-102.59632755649085,6.389519963544551,0
1.3092743454151332,-98.52440061836353,0
-183.28650699003038,-42.271860458368856,0
-202.902521157766,-15.050108641290173,0
-279.3766547408328,7.506297648853774,0
-278.2240920590745,39.72461099927796,0
-74.91215682208502,-87.49016210248018,0
-121.11011636256302,-11.962300358575355,0
-45.30405202613679,5.318426315908077,1
-78.4740496965515,-61.85398312779855,0
5.965932397444703,-37.88592348521167,0
-70.61411249523957,-40.205116263469556,0
-192.55310901693002,17.44996142285236,0
-255.65434561864106,-3.5259902210741103,0
-222.91000714802863,-42.863587915723066,0
-120.63532893471626,27.029093529522193,1
-183.19221209127488,2.2650039095142915,0
-200.88309382160162,-29.350888953993582,0
-213.24648820338098,42.21090605812105,0
-252.13969906398137,-6.587022448161235,1
-233.62743229221417,9.986708740655395,0
-199.07540799000367,-9.306970504067593,0
-431.62766582595987,71.14214851430347,0
-249.1657616645116,14.098110870394514,0
-89.48909351928648,-18.66168224756715,0
-239.86328983779362,-36.6338979577535,0
-108.71047315902848,-27.310943344547788,1
-178.50513269275496,48.666175242919586,1
-167.64803282365227,-8.86067137926183,0
-148.46400287531327,-4.939634840526644,1
-48.83024746267381,24.830147694650915,1
-253.0641608118229,3.643961631345512,0
-54.55837456034669,15.161291558309088,1
-93.27517085817908,-33.025095907932275,0
-195.9666881620821,22.519581428949255,1
-197.7166340631997,-4.937977902815447,0
-63.317286349076085,-2.7732668461813716,1
-182.6896971910249,24.013739017835793,1
-95.9238857479533,21.67349167942111,1
-102.05677335483301,-38.694201347077914,0
-172.35248584413398,-39.91794412680175,0
-125.58630730759103,-21.084982046156547,0
-143.6138639724884,34.17622229642286,0
-150.69501930962053,12.004720897340313,1
-149.68251951083846,-16.895664319979367,1
-238.96694048303118,-11.443655212134992,0
-82.66426510285345,8.710311538559715,0
-158.40650548641628,-8.746574676087974,0
-182.64928241256308,27.01277513089178,1
-182.79393289412963,17.662949800132743,1
-163.86777667526758,16.861353244905665,0
-249.01635818471607,29.108536929944655,1
-19.52100625609239,44.42270881727282,0
-59.333283234353644,13.958814979719428,1
-102.14007270794292,33.8468540842816,0
-287.96341689301164,-10.065280265507802,0
-195.8881026765672,5.2621968382184505,0
-159.36714123185783,9.025279722544553,0
-252.1404118909296,-6.610164783245793,0
-72.49125213595073,18.823300797918698,1
-94.03814003133726,20.967683895433844,1
-125.23561904443056,-20.10863961653869,1
-6.15556418473011,22.10074584424556,0
906.6428004257923,36.611848674824486,1
-177.61677058274614,11.449983984582126,0
-195.95177621402019,22.531453294083608,0
732.8713945026293,106.12762663915291,0
-169.54258986952556,-4.451067197591129,0
1322.2675181305192,-14.076851905211164,1
-83.78686657678594,-35.34848504116027,0
-258.5594509999293,17.833598875945746,0
-177.2553811723178,-34.28049120120151,0
687.644453739817,80.33050152800575,0
1054.9226479024344,62.42811448322639,1
995.00308896513,76.46851141483774,1
2887.954198008986,219.07193815675777,0
648.1261951466777,94.90039394379295,0
2072.231230724526,186.71918587744514,0
-188.45141495883252,3.8653626439005038,0
-184.54348876568764,-9.782116853156872,0
-141.28128125654075,-14.839003486068798,0
1043.4735366906696,-28.996659904257065,1
319.4911728980062,-55.990534959633486,1
961.6939165943293,44.11407334321387,1
877.7919906671293,79.88536966618216,1
-182.7153460638886,0.4055647486483309,0
544.1182908461881,-72.04294117497759,1
213.4675405023097,-59.80105798577005,1
-112.18567900443628,-43.14765528266468,0
14.544937058957657,17.762609693844702,0
-114.93577106722648,-24.552266624946874,1
-40.18011568653867,6.883186936142998,1
-265.6980725214211,15.76022118001422,0
-151.32808317827028,-1.284391002018559,0
-123.30513006478827,-20.778590948209533,1
2426.78253987272,198.6915048861265,0
-84.77651039357681,-14.39737977194472,0
719.5317521121094,68.51057581359905,1
-92.69642507773125,-53.896774487220206,0
1847.7654332745828,177.0030878786426,0
-15.329529971604643,43.69731348834559,1
1182.8705275138882,-21.53675594012642,0
-211.9671342358384,45.588193101492514,0
-295.09425356116196,-0.7168593496727809,0
-158.67803416000498,60.00745856966962,0
72.5484524256052,-17.540296683460376,0
195.754792704745,-35.516984683876764,1
-194.93989590371973,8.722782531839187,0
-124.9879714434366,-68.73362486983223,0
-238.77000346924166,10.499318828119982,0
-17.92309768872053,-59.63164063201199,0
-130.20821922872346,67.79104089511347,1
188.41341377142078,-31.664740059647436,1
-275.3620873273396,38.814649185999365,1
186.4061206334086,-17.363989411152154,1
-66.95626759830742,-27.024449756507614,1
-261.5795522642512,33.27494035399447,0
174.82047085896033,62.63306839949259,1
-51.889037576583405,28.636884140589572,1
-66.95626759830742,-27.024449756507614,0
-143.87558053233772,-22.59302262486083,1
11.951451931141719,59.86402866858967,0
2242.01501913784,62.86532090990108,1
278.48861070110354,2.3825802593751035,0
-141.3679782603462,21.98233521223623,1
-170.59382865823528,29.433274159294726,1
21.65661980652203,48.4154870245537,1
-159.4942695738369,-2.4323182725868264,1
376.5283307951355,-15.539120463660502,0
-82.13829792242939,-6.782619032990922,0
5.183839919464276,32.94100318829937,1
457.3096611746289,-57.1030516083274,0
241.46107616378208,-16.74736261587045,0
-159.01120922517066,-17.454342556247077,1
138.3517487731899,-57.5684332903564,1
-162.23784460412458,-25.68674598579313,1
-182.69246599686068,-27.119005495551427,0
-114.10132996571616,17.65285817977169,1
12.788684393551648,30.071074994457067,0
138.3517487731899,-57.5684332903564,0
-161.38579568559976,-1.747026520544324,1
-95.24890748055526,35.020222411873604,1
203.21090575290214,38.91398363997547,0
-130.73322269035083,-31.47100961762566,1
203.21090575290214,38.91398363997547,0
-38.701371709796604,23.792124839203368,1
-144.3063395744258,-9.084262200943904,1
319.3666086307894,-40.4131331540874,0
-230.26203316499652,-57.907586070006424,0
-187.75948540053497,14.81147625812011,1
-21.742262849235544,-30.492645449418823,1
-164.98860785327912,27.418260918072807,1
-114.10132996571616,17.65285817977169,1
-175.4979304354004,13.328638172164062,1
-194.36600837417416,-4.427247132128201,1
-192.9102692158021,-4.917594886140506,1
-245.32639974094195,-52.36754519314402,0
-149.70347299890625,-20.857000861738378,1
196.15443975152095,-167.2579968280707,0
-275.67666324216935,14.031631299410222,0
-48.078031340973666,-20.498853631077772,1
-198.51939279723763,-2.861567816403138,1
132.75643740012515,2.1542004925068667,1
-79.40483126791906,-5.8596767967481895,0
-209.80131067502367,1.2869054312562866,0
-153.67361738529507,-5.725644100150632,1
-161.19738103364745,-2.8797618835470686,1
44.01348980328771,16.256169658410876,1
-247.13816267615618,-51.69121388747528,0
-85.35190989689346,-19.91103769475543,1
-113.93391298108895,6.597231733073613,1
-202.2475661062029,-1.530201849107229,1
-124.2615348487987,-81.4689871112821,1
-176.95254329171576,-62.04246492314824,0
244.8007921958523,33.027191000085914,0
734.5414268475317,-40.64194959684256,0
-211.2556091962947,-15.171705429713008,0
211.53140150060017,68.50112342735088,0
-173.39108721070784,-21.59081520296713,1
-101.70544318721949,-10.839561352001859,1
-238.28400685052475,-33.32188253187359,0
-158.37111676838492,-27.085338274615033,0
-176.82109798644916,3.9671260428401354,1
584.5604967969493,1.8079967342363474,0
-158.90295565514447,7.5792154920859645,1
-155.54487653163022,-5.021774584294398,1
-94.42469039563804,-47.79382780582262,0
-120.7451022552197,-2.9822083963567962,1
-61.34013316095229,69.79189303038088,1
-153.67361738529507,-5.725644100150632,1
-149.08086144958486,6.642476039076442,1
-60.84376903487686,-22.635559934670987,0
-116.92977059625014,-12.006590055575494,0
-229.63092661476117,19.968509903848606,0
-222.9739252197935,6.148194554835634,0
-147.85083580394138,-21.613751371045844,1
-207.09266316000264,-3.039639743449065,1
-67.03417748788922,-16.846098516842268,1
-238.28400685052475,-33.32188253187359,0
-137.74145136419844,-34.744614645868175,1
-100.8917960836298,43.468517019334335,1
-53.65139170495388,12.249753916998877,0
-153.91285060642787,-6.416993786598553,1
-286.7084655047459,42.55994643378548,0
0.47455846720185946,47.61861020599896,1
-166.59451445812778,-14.6525005443416,1
-196.84629873324303,-6.99936715942885,1
-194.94541834878385,-7.686072353030788,0
-120.7451022552197,-2.9822083963567962,1
-163.6878092324339,103.23945684026185,0
-117.69191712675303,-29.79446138945844,0
-222.12519271420496,19.999911162652438,0
-262.20198953143745,-46.133650670171555,0
-113.3003402053373,88.10686187661125,1
-62.49270069619763,-59.57916218769682,1
-168.48049989603527,-13.954475449364843,0
-146.16852499120023,-25.756857054241173,1
-68.72561077934876,69.61265997107154,1
-64.74194773200566,86.73511527793195,0
-135.32725353176414,74.59416291488176,1
-87.458956230085,24.76610754166985,0
-130.10322188754088,-19.89138767247986,0
-98.52488584491863,-15.061556357108337,1
-113.85738854178828,-37.69697091601687,1
-104.50402642350673,-34.63199069084704,0
43.57802898254499,111.06505924791222,1
-194.36600837417416,-4.427247132128201,1
-243.43479066579187,-53.050953676134235,0
56.20958106678415,33.87963985191254,1
-110.70346682524462,60.482323911686294,0
-116.29544224843409,85.79693605054435,1
-109.42468561367252,-7.072501498488755,1
-130.86467360777232,-24.937829344999777,0
-147.59583238931134,23.30076028665199,1
82.55533200901073,24.174235110724897,1
-82.60283687353586,96.06090782217007,1
-135.34216547982606,74.58229104974743,1
-126.987264290023,56.65284682405596,1
-153.6736149123481,-5.725563814512881,1
-149.88638987031004,-24.395381700090333,1
-148.50000913297674,79.45079465788568,1
-252.02206955049144,31.345676679802107,0
-319.63208646603226,68.04474656493919,0
-153.6736149123481,-5.725563814512881,1
-131.8440035515054,-33.385148212107744,1
-258.3767082939962,44.311110697859974,1
-114.10132996571616,17.65285817977169,1
-120.7451022552197,-2.9822083963567962,1
-115.89940062146803,36.945095251425315,1
-113.3003402053373,88.10686187661125,1
-79.51952540042777,18.894344913782,1
-196.62855342564376,-3.5697268764715417,1
2.4180667068103503,35.00544066327069,0
-87.18732657635462,-6.0599944676658595,1
-137.14672760810282,11.085065937899884,1
-148.50000913297674,79.45079465788568,0
-183.7798587512262,86.31634726764761,0
-148.9613685121949,-30.62924530178237,1
-241.2791098434128,-35.63180803250642,0
-85.35190989689346,-19.91103769475543,1
-140.5156477781407,-10.5900490271382,1
-79.51952540042777,18.894344913782,1
134.308078413433,74.28968964470705,1
-251.98236589882686,34.32162565414952,0
-155.54487653163022,-5.021774584294398,1
-101.14814565997023,-25.105324301330334,1
-127.41529811520428,-15.288762518340654,0
-122.58252982552386,-2.203997698918677,0
-194.9603302968457,-7.697944218165169,0
-208.1181755981637,-2.8294400453029596,0
-106.34062176415216,1.0115354724394123,1
-152.6676077742702,-19.799033178504168,1
-77.34113478821297,69.83340858804455,1
-103.23398438431775,-25.1390682281395,1
-146.93974846432064,6.67956596528245,1
-149.92550278524652,-7.049608338743035,1
-155.3226362352114,-18.822346990805563,1
-130.73322269035083,-31.47100961762566,1
-119.91396713075943,10.74356541416195,1
-83.83210174686997,-20.798488458116374,0
-32.704149130332326,63.18119394078412,1
-36.0667776190877,48.189390171666744,1
-147.73704701290336,14.557096221297165,1
-13.527000470851476,39.808243639971934,1
-80.11410839859462,-22.1558659929052,0
44.19088091822471,28.393693590195447,1
57.90633590373068,-32.21637181742107,1
-147.73704701290336,14.557096221297165,0
-20.998616793888914,42.605756113758034,0
318.6193800729337,42.23537435222731,0
-85.35190989689346,-19.91103769475543,1
-122.97245838292241,83.25121327244155,1
-34.16154944854134,47.4766905364842,0
-148.30862559324555,-8.46437255756689,1
-156.36461274396697,10.205002935874923,1
-116.14341986680336,-19.45860897353665,1
-109.45845820138152,-42.20529439322802,1
-174.91958839155922,3.3008485261959066,1
-174.1103754932784,86.44695580979013,0
-131.3312896389172,-17.48712813977756,1
-178.66770204867765,4.624812441705096,1
-75.66626312396261,-54.74870334130771,1
-136.72842111399132,-29.259867468511807,1
-110.79619404235314,-27.019849280384626,0
-105.70490133327803,76.81600088378863,1
-79.51952540042777,18.894344913782,1
-133.03446132602488,-13.25410865613987,1
-108.94834929712124,105.77417172659321,0
-69.58639845587618,2.0046652554918296,1
-98.52510856470019,-15.068787082359158,1
-143.20676853211557,5.33649913630483,1
-95.7755927461173,100.91753965815514,1
-119.49846302576663,5.88011939410984,1
-85.35213261667496,-19.91826842000625,1
34.57921454386087,10.601128256371688,1
-142.0099922985645,-23.26826095159266,1
1040.864398660327,-415.08825633921015,1
-191.63852275235814,37.19419410380509,1
-128.03462802027462,-20.09378955997932,1
-197.8659158515652,11.724027691180602,1
-70.43110030074968,17.256764675295152,1
-144.0791242800243,-23.08330082200947,1
-87.4505171112782,82.96427113761371,1
-350.2295243577838,-4.590334710684246,0
-163.04435913976278,-19.53089575584996,1
-25.870951836638028,57.33187338411783,1
117.5978105613001,-57.55108415362428,1
-155.54487653163022,-5.021774584294398,1
-387.6614987360589,0.1862054962702615,0
14.656922583234063,45.70565519347422,1
-249.0443926195556,-51.010289518722026,0
-155.54487653163022,-5.021774584294398,1
-153.6736149123481,-5.725563814512881,1
-181.7726617046631,-12.54270445337415,0
-213.5191757512751,2.648380852955249,1
-151.81893868932377,20.596282838381363,0
-355.9650685674692,13.83054100900781,0
-271.58118966447176,37.44886121428982,0
-137.6765620532443,38.68149165355546,1
2242.01501913784,62.86532090990108,1
-101.84948706082469,7.419670134179896,1
54.0485123595854,3.1879929713949906,1
318.2801109264932,5.965781003658961,0
-102.62262887720408,-0.3458419042813716,1
-153.6736149123481,-5.725563814512881,1
-31.610246418061593,-19.368503643111715,0
-192.97651976088497,14.671907216195088,0
-145.85336584338893,-22.322846071404193,1
213.6508137334182,29.509771461445936,0
-60.19238822464996,-3.975585982645434,1
-145.05568200609366,-17.415554617357593,0
327.9802730294607,27.05041819886135,0
556.1439021733731,2.855600038689822,0
2195.049470638814,80.2461655171057,1
-138.97147875517254,-6.488386637730159,1
-142.0099922985645,-23.26826095159266,1
-47.03454699510644,-8.84416989332712,1
2202.665004540339,77.4679165735323,1
-136.53520997066573,35.06710003165827,1
-135.9792189890441,-1.2268764662793146,1
556.1439021733731,2.855600038689822,0
-143.81601419023553,21.904568529096636,1
65.30524985741465,-1.0011162559395714,1
-343.10206989334745,-6.379555528727323,0
-280.7282742711989,40.33412337103091,0
-109.08703664208548,26.537193841777054,1
-213.97029378631782,2.8178455738210246,1
-166.32505761097678,30.25890371486575,0
-203.60316583388317,24.87722007251626,0
-119.4738119881556,30.339931965291342,0
-204.90022865300244,29.952243898696786,1
-6.358638877698581,53.46793078021046,1
-151.81893868932377,20.596282838381363,0
2208.20743495769,75.38168126911874,1
161.67754379943597,67.51360454694488,1
-0.36915781903417155,34.93965924196593,1
-178.46554637109477,32.34471261771441,1
-262.3196176195035,27.523340358395643,0
-226.32377008873902,44.2319182315491,1
-223.06376895411358,-20.903178990447877,0
-361.3455623681052,-9.54276564836102,0
-261.4359809800202,27.37729986469063,0
-16.195557708468073,49.9098274766146,0
-305.1183048524396,82.74337512462729,0
20.709600612405552,-17.408165034302634,1
-234.3864836770548,30.959673748002373,1
77.94595830145602,-106.58471007831801,1
-244.55247438642795,41.07656168087985,1
-110.81202818093828,33.36437050752092,1
-249.16143876649272,22.665684989720308,1
-302.25509383859264,52.514665479986995,0
-252.55833153323874,-39.85880648906319,0
-323.039225837235,-23.694022227281103,0
-176.06851838131166,21.52052928316958,0
-232.05719037789203,75.29026191288094,0
-275.62494609390774,28.979901078101587,1
-51.48701221915519,-84.12586066883136,1
-190.62379243736103,48.44030281323615,0
-190.6237924373611,48.44030281323618,0
-303.9764512300364,48.04417395357942,0
-349.39222806476187,60.95981028162582,0
-223.06376895411358,-20.903178990447877,1
-208.89063271885004,39.3545883015551,0
274.0596410314304,-82.94954427404443,0
-222.34188872498726,61.04717940588664,0
-298.7764137895766,47.408531927824455,0
-226.29347692002636,44.270897165153436,0
-171.18236160780367,46.36530834627921,0
-254.215577085125,43.785754794722116,1
-198.04488866816536,11.25904727178748,1
-208.89111958027388,39.33878206662092,1
-199.53076760806977,24.136207660398014,1
-196.0088516910576,22.341115595598637,1
-249.76316430384702,67.82281508287286,0
-236.6875564775637,7.669747319251094,1
-118.08849962035265,10.039115449718729,1
-206.41655033244814,0.0007386754815570384,1
-231.2904240214981,19.442486311860826,1
-169.2077135334747,34.34856661899764,1
-216.15777937936582,34.11503029867161,0
-163.6403153130783,-2.7986452169484792,1
-231.93539887699745,72.52419101741819,1
-272.4850042370257,37.65981267869607,1
-226.4576557318175,32.52725113128281,1
-246.11453394123606,27.97995395604822,1
-74.13145980539065,-54.69060819328575,1
30.565827701079684,-42.87851546843019,1
-265.99401756456695,66.89036514505467,0
1.8004200951547773,17.778507889112483,0
-5.5897028979088645,-19.27975956788999,1
11.038943712720538,-17.5766712717001,1
-12.507416100710316,28.316171353646624,0
-127.26857291838047,25.295586183018216,1
-262.35915854655184,53.66456040446777,0
-210.3720140263265,0.7101968972199089,0
-298.7598314764253,50.37204488884011,0
287.13013039663895,-54.315597978304005,1
-221.148989051667,-8.013504693998243,1
-166.8060367732415,-14.126785192003474,1
52.588960173851774,-26.44488307803261,1
46.40225600423082,28.80763003217484,0
-171.69915905865827,1.5528537227988437,1
-167.22534560137257,12.357415356323024,1
123.63889395521858,0.8785955230594169,0
-124.69229781931597,24.355938816202432,1
-191.5305164170648,7.502724855635293,1
-289.0971210413434,47.65017832699128,1
-323.039225837235,-23.694022227281103,0
11.470685180565624,55.721103683843,0
-216.82579118937508,18.000645181509604,0
-263.59245368637175,56.02670309980012,1
-257.36626942042955,43.87307024915819,1
-260.09146344083234,-46.927946082102004,0
-244.10570149888315,30.670843340100426,1
-185.30324708885098,32.96887297208989,1
293.6947002995073,-90.19191693218349,0
-184.8721350066835,6.402335060445935,1
-190.17785665389727,16.8772124040633,1
-102.82874425809331,16.280655216721463,1
-22.426681854017943,12.935438416517883,0
-301.985979293594,38.66161907818058,0
-174.2341111412776,42.67642726923572,1
-157.86672020448515,4.9370985422875435,1
41.00512433673157,17.03489076937273,1
67.91912931106924,-6.677962421137082,1
-202.01843304915138,6.2714269531089855,0
91.73672681934067,12.687674091787763,0
65.39121523935887,22.400937707160686,0
-158.7911819402217,15.168082617646654,1
-222.48912741523856,28.812965752138126,0
-236.00306206915758,43.990271569300205,1
-294.9791300757507,57.73583346037554,0
-208.5780449100177,17.43429132725688,1
-328.286824537515,48.40847856856347,0
-234.11222160809717,43.28211213593973,1
46.99988139902473,59.664726170860035,0
65.44495343160236,8.019959654171423,0
-172.37287645180777,44.85455306558323,0
-182.1056217152552,45.59512308890925,0
-198.04488866816536,11.25904727178748,1
-187.82339051498536,50.725396376063806,0
-200.30104726147715,2.160963064116082,1
-172.04311165374048,55.83142523483376,0
-177.0196758519519,12.019556367609894,1
-184.17924339474467,18.571753837467426,0
173.7278793783181,-49.029683645606234,1
-211.0237605476239,16.59253165665828,1
-168.15207902834106,30.353040186651086,0
25.0633279704781,25.98655070025936,0
-136.02030698913416,80.8006886351479,0
-196.62420603921646,-22.39150110259518,0
-244.775428844749,29.044454253440733,1
-117.04367403755731,85.99196342233513,0
-244.55247438642795,41.07656168087985,1
-137.9626687059477,-10.919576463029578,1
-288.64995428192327,37.25713288316817,0
-240.71762132696875,25.664439502101366,0
-176.09521411621535,1.7885722922508052,1
-10.986833912835664,-31.052499054287956,1
-285.6022511814363,45.494884369606574,0
-240.13326870439522,28.686266086107253,1
-227.89988956069493,34.04866637074442,1
974.8239265242607,127.51224110148448,0
974.8239265242603,127.51224110148465,0
963.5816629574929,131.69892046612787,0
950.4089103862705,136.55555117094332,1
950.4089103862705,136.55555117094355,0
937.2214660877471,141.40746045917155,1
937.2214660877473,141.40746045917143,1
963.5816629574931,131.69892046612756,1
963.5816629574933,131.6989204661276,1
-154.2823905156988,-4.3693536328615465,1
-154.2823905156988,-4.3693536328615465,1
-154.2823905156988,-4.3693536328615465,1
969.1388746719654,129.62054108800646,1
969.1388746719654,129.62054108800646,0
950.4089103862705,136.55555117094323,1
987.3513240259467,132.72042465081444,1
987.351324025947,132.72042465081438,1
1040.544370154139,103.22865992131841,1
1040.5443701541392,103.22865992131841,1
974.8239265242607,127.51224110148448,1
974.8239265242607,127.51224110148448,1
1040.5443701541392,103.22865992131841,0
1040.5443701541394,103.2286599213183,0
976.7397238026763,126.83756834429215,1
976.7397238026763,126.83756834429221,1
856.1684302546544,164.86790212031826,0
937.2214660877471,141.40746045917155,1
-240.04786210620892,53.579732389232525,0
-246.1299191495138,27.952717426987377,1
60.92317060357823,36.388639103763396,0
60.92317060357823,36.388639103763396,0
-208.81493475844962,30.85114259179266,1
-288.79830411482897,33.81702899370593,0
-380.7789641270924,62.66721165889669,0
-112.77387804455697,-7.824017689784689,1
77.90139439043412,35.98108938820812,1
-171.34761939549372,9.956102953863336,0
-328.49259951367225,64.1981596964665,1
1023.003300431739,101.92157587767176,0
1023.003300431739,101.92157587767176,1
1023.003300431739,101.92157587767176,1
998.5484063120768,110.91970804201712,1
998.5484063120768,110.91970804201712,1
998.5484063120768,110.91970804201702,0
998.5484063120771,110.91970804201691,1
1023.003300431739,101.92157587767176,1
-203.26115365170762,8.710110335278777,0
46.1748882515102,-6.178486363861005,1
-13.384170796744343,-70.23928780353543,0
426.3375168471723,-256.2225265557104,1
268.264493779419,-197.9429607660115,1
172.45560089719982,-148.4086440087334,0
-11.357548728681536,22.64299368066796,0
-158.79112861730374,15.169813776710832,0
-222.79822016082977,42.128278493794426,0
65.37642706229008,22.39308413819621,0
-315.12924315705015,43.531317677405205,0
-227.89959469618645,22.818492955049507,1
-155.76894243684075,-5.721700390217158,1
-174.66555041028073,45.8568128507941,0
-259.3122469876457,32.80318037096823,1
-261.1635531342554,33.545768716607085,0
139.49982659700458,-25.694762608886457,1
72.5484524256052,-17.540296683460376,0
-163.74266376646307,-5.8525542924570075,1
-207.43990058852035,23.253824025963098,0
-184.871912286902,6.409565785696785,1
-5.960416272616044,34.41573267327772,0
-92.38102705797468,12.420185468127592,1
-158.29647564707574,23.36941159251766,1
-246.15466890617614,27.926020610169427,1
-145.6330019372184,10.310426854940808,1
-157.9736608375306,23.211138586733192,1
-159.7805331060748,-3.441567601960685,1
-227.33522962191262,21.5064668171605,1
-298.37980839690977,53.14927110879726,1
-187.60964633992495,-6.876315861840908,1
2.83365324224701,32.363005785145106,0
-176.33803763778292,-11.054898240820116,1
69.63912502314963,39.867819319167836,0
-217.460657670434,48.49160644002269,0
-320.60774309533076,43.44162974667054,0
-163.16479544651537,-15.895723655908718,1
-228.78223434710333,11.800983388488667,1
-283.0385964198924,3.2480821293345485,1
63.3902112389502,-3.513221736590552,1
-236.96424956007849,82.42271223460442,0
-314.67682061586356,7.109878293424167,0
-182.49729057848032,4.143219306823539,1
-221.5902614034461,55.91854855795067,1
-171.94411392537324,-22.11920903205003,1
-163.1801967289481,-15.92348204161501,1
-150.02235614082207,-20.792065732522993,1
124.38666389741957,-53.58035639383065,0
-200.12771338581263,-11.64901377798791,1
-315.3345352970898,59.336806419463244,1
-163.17986288111456,-15.912643480517282,1
-163.17997400916664,-15.916251316364132,1
-213.3951202440137,52.86798281998817,1
-161.32657314507293,-16.64833031393446,1
-200.7822590434327,-2.0150273691470204,1
-182.5532784248378,1.1493000979715475,1
91.80065948382355,-27.802319896309534,1
139.7746946234439,-39.53268526596279,0
-131.46587194433232,-13.843456289276823,0
-189.50095466389666,-6.18344180876371,1
-224.7913419977649,-18.287902208571516,0
5.325969271314534,33.1227928531041,1
-18.48323284066987,29.219199547717782,1
91.80065948382355,-27.802319896309534,0
-310.6548406613561,26.872703727005455,0
-211.2369463133657,-1.48365401768703,0
-28.75302916020496,36.10567596345453,1
66.0748724952042,71.87887726030404,1
42.97176901842761,52.63869044224064,1
36.37059035481889,-53.88385923393489,0
58.134911223140875,13.861142905129235,1
-417.23837098216677,70.81845386086903,0
22.389272658858204,76.27115341200408,1
-227.89959469618645,22.818492955049507,1
-254.60188327263512,31.25072423402818,0
231.11331512516256,-75.82547689492048,1
-258.4142874348597,20.904781753509035,1
-256.70840563491515,-6.490366124158136,0
-283.0385964198924,3.2480821293345485,0
-194.06691098547054,21.960788703602276,1
-251.71774422143585,66.96271572009863,1
-283.99308481852694,29.84509080700078,1
-211.61807391968796,-23.127925163830646,0
-324.6219512953908,-16.99479567763496,0
-182.98606793605177,22.22475628528789,0
-193.75777702948,37.29397073704097,1
-194.37310215557545,6.61951728095665,1
-202.73434796804077,11.663501764853542,1
-322.5113930349868,62.00506566714582,1
-224.92923881033033,13.63688961311955,0
-367.99596519686963,78.7799305005617,1
92.33677838940162,-0.22090334057546102,1
-169.86230958328366,0.6124344517112092,1
77.42111797562598,-36.1995126696825,0
50.23224410893488,1.3512634745983476,0
87.34037958841418,-20.818778313856633,0
-215.29720438546377,34.164870147063624,0
-255.99246331183753,10.125656707714093,0
77.42111797562563,-36.19951266968241,0
-137.22734759493608,-28.79355180274704,0
-354.83811546505416,73.91142480964496,1
-216.1344527981766,34.48801973830308,1
26.56078042382228,12.405396724083069,1
-33.257675790508074,20.941985001150343,1
108.27343659840949,-42.329965108048846,1
-97.26243899762176,-39.10094989647792,0
-119.12391873475383,-23.51272140438744,0
-324.6219512953908,-16.994795677634947,0
-1.8545862300404679,30.92228784390769,1
-306.3932469977018,-13.83943912696568,0
-298.9072749527302,-16.638742523060493,0
-279.2755488861998,13.430799628251293,1
-10.598602558052903,93.97759559674286,1
-65.1739065385126,32.762119176564724,0
87.34037958841407,-20.818778313856605,0
88.10065012076029,85.35470504289181,1
-200.04045858666063,24.796955147408426,0
-232.95392671410298,40.6642525537538,0
24.763368533960488,27.70262383856323,1
91.80065948382355,-27.802319896309534,1
-162.39005368743182,-7.911137274976603,0
-18.20836426902565,15.381276703833784,1
77.42111797562563,-36.19951266968241,0
-248.53279796412397,56.33596650584286,1
-341.6653566074141,69.0547919508669,1
-267.774641248326,36.10735679061743,0
-44.529969996989394,25.098331471604368,1
-324.6219512953908,-16.99479567763496,0
189.70360534096892,-35.77778059968674,0
-137.46860111795883,30.87813317978009,1
-179.04495836401128,19.435923406386976,0
-245.24153018547975,16.048149445781206,1
87.34037958841395,-20.81877831385659,0
-14.42783226928475,14.008216806110845,1
-310.4983595511052,30.310766778686045,0
-188.6893563341663,-9.782732104458908,1
66.07487249520386,71.87887726030415,1
33.76373604579214,83.81899112207977,1
39.82054142686877,7.692871307242349,1
-320.60774309533076,43.44162974667054,0
37.90629566320399,22.82208766722253,1
-12.811232954306092,27.154016087511415,1
-254.72927422609195,19.163192744320078,1
-18.20836426902565,15.381276703833784,1
-119.5213752286383,-21.32610443834185,1
-136.07119536919583,-34.4531538668819,0
-101.868701476458,63.91260912537696,0
52.56427267613856,71.67204445235015,0
64.99754664398381,66.1145182248285,1
18.40971290382265,91.47966687500761,1
202.87548444906588,44.86959563468766,1
-110.92804424919541,-26.92195721277043,1
-141.56289022932123,-9.369285391300018,1
13.519702961004896,17.439728475208852,1
-348.9220051429659,62.792328421940184,0
-27.57630895637442,18.876219425938658,1
21.71253389135893,82.03748173496727,1
-248.6124679153595,4.435182404622289,1
-9.52127670683251,99.74195463221844,1
-236.79877136220142,27.841394302660817,0
-235.62122498425396,33.6645042159912,1
-110.92804424919541,-26.92195721277043,0
-1.8545862300404679,30.92228784390769,1
-294.82982259683445,21.107256535706384,0
-154.39644792555595,-18.024946634390325,1
-137.22734759493608,-28.79355180274704,1
-254.72927422609195,19.163192744320078,1
-360.11132737905774,58.01624954706686,0
-105.8406738235534,-30.502681266298758,0
-331.9065207284575,-13.567701979383578,0
-306.9180250370614,77.77580660228622,0
-234.3680301126319,17.04968443293358,0
-171.7675377538302,1.325134086893783,1
-172.7237511749255,47.99603130565815,0
-185.30305404443249,32.97514026968762,1
-254.69404031643182,34.206622772557616,0
153.58906794612267,41.35757361600358,1
-168.0620531771296,-5.845953950682826,0
-320.60774309533076,43.44162974667054,0
-34.97540495890644,-36.13534084123568,1
-188.96422523909615,4.055190853621269,1
-103.12646853413037,-17.94813901480672,1
-122.3460704394721,22.62296292347877,1
-265.488302063922,10.6611437030135,1
-110.92804424919541,-26.92195721277043,1
-206.62969209059048,19.79617461097913,1
-73.0529856486474,-35.00813993553283,0
-169.48952527523778,10.690669114439423,0
-193.12599552711401,12.879684806328918,1
-0.8031317978882271,27.96270807014611,0
-54.70417968295567,-79.04304549990593,1
-78.59803879957195,-60.40564977735459,0
-13.086101686304573,40.99193898633885,0
-28.741374608207707,33.25513666578685,1
-232.06503985667558,20.21449266131799,1
-196.24979071871093,-1.1729219221890759,1
-201.21345538562292,54.798431570027276,1
-181.08745359624032,-15.376487076560245,1
-113.01165334203426,-19.905426188764075,0
-228.70449532996741,20.724753058523454,1
-115.57116947540032,-56.623893956435886,1
-102.78438831884893,-14.158334470382052,1
-76.05291279925234,-71.19378571538991,0
-137.15970063436902,17.08983005073027,1
-232.07994500413338,20.202841581687466,1
-243.2153371298093,16.207921969613224,1
-107.79209783357862,-4.399909515065673,1
33.76373604579226,83.81899112207968,1
-184.56331105550368,30.41719359657687,1
-251.2041757596877,23.259580115747756,1
-208.01586706636357,24.85739428215578,0
-162.66492221518956,5.926785553870317,1
-169.91842385905215,-2.38558936037132,1
-249.81275416659042,47.29361825003035,1
-212.22732983905354,62.57064918056916,0
262.4899497137354,44.475121058605836,0
187.68447323384453,46.995556280409,1
-132.1327439616657,16.509110160474584,0
-134.5281820152618,-16.255046412853794,1
-67.0105613136381,62.8675399883939,1
-26.528796790266597,42.50652681043498,1
232.239625946773,43.39478753989712,1
-280.5872094300083,68.0578230250371,0
-300.8100125105414,23.33307914623429,0
-194.36135652287027,-7.717548540659465,0
48.04947695262695,21.482640582666903,1
-107.42501102323189,-31.9168181279528,1
-235.49709628072594,51.414289397766076,0
-167.1305524079607,19.81516506036739,1
-145.32292410337556,-7.969672840689235,0
-171.655645576687,26.39783579891441,0
-55.72752245474021,61.260321515149286,1
-194.765128297518,54.833513342072706,0
36.004921053619796,35.159918382561486,0
-145.32483251172243,16.67985309268012,1
-260.09117127837186,22.433883268004443,0
-103.40798133271386,4.63956334522662,1
-105.53091328725537,-15.149217708217229,1
-142.6244787054149,-40.56629125640523,0
-119.02384853342761,6.937966168728593,0
-5.011882243184004,10.522592126300061,1
-253.87855610666145,76.88570310615545,1
-18.139759134934934,44.77501638007876,1
-150.13101157560925,-0.5848297774842948,1
-23.880363855596556,17.44646006131986,1
-287.6671379471919,18.450706083593914,0
-29.660284329904243,22.20089173543107,0
-129.1310491960407,-4.482307544674754,1
-282.50322942820486,68.72526505697842,0
-91.77079229013697,-55.549018757537645,0
-36.51996466768469,-85.75895596459978,0
-100.0008757224723,12.216931823111544,1
-177.21782200265176,1.0348106150155587,1
-59.53469146020353,19.664809221414792,1
-141.9166741102245,-46.91063272073442,0
-256.1726377756618,59.00005117754273,0
-62.86546893103338,-76.04569485617972,0
-89.2109732920494,-66.33243371429515,0
-3.2069595007977796,-98.08896342379094,0
-143.8075089344797,-46.20247521875476,0
-201.21345538562292,54.798431570027276,1
130.17493230837692,-147.26792847028923,0
-334.8266662914776,-10.495123315147247,0
-174.63481113126625,39.99632953079605,1
-171.6554253298524,26.40498623852748,0
-158.49758485850276,21.53648372059351,0
-158.49780757828444,21.529252995342745,1
-131.28905364279808,-40.97912539623487,0
-384.78307226241964,31.31536728950927,0
-118.97932799018275,6.966591895794139,0
-38.60558471002423,29.444701784619564,1
-150.26935445418712,9.093519295692353,0
-98.02072584581828,0.07766658199661691,0
-346.4215998545344,92.350423159189,0
-132.16508072159388,-12.838176355846336,0
-37.78034769178714,46.696427243645644,1
-128.72923007011156,-51.76254192042152,1
-89.22566499327672,-66.33715513981645,0
-181.43493144898474,-32.340740734744564,0
-190.37566367274803,5.903394676647139,1
-81.04968440953076,-69.32978423276717,0
-222.9697036165074,-23.450193227389953,0
-155.08942649791373,-42.05400207880411,0
-171.6554253298524,26.40498623852748,0
-163.88470847124938,24.353993020533533,0
-162.06196570616345,-5.320596580819078,1
-253.1314219969305,5.73547048933041,0
-171.655645576687,26.39783579891441,0
-157.1059428168101,-47.73334604686351,0
-158.49780757828444,21.529252995342745,0
-49.062265932728565,50.84490061573581,1
-39.24713423526066,4.851307858799224,1
-232.35159503607264,36.73706900918414,0
-243.34683136946973,24.367064449308227,1
-128.74392177133876,-51.76726334594283,1
-62.86546893103338,-76.04569485617972,0
-295.6610684555482,73.59384821310371,0
-293.7601855981419,72.90722330513947,0
-333.263757534581,87.48183887489202,0
-306.947853879079,77.75190230074197,0
-153.1967212036672,25.6799328085589,1
-232.07994500413338,20.202841581687466,1
-267.4144562809843,63.201192122244976,0
-306.91802503706145,77.77580660228624,0
-209.0414442293552,-10.50408430348535,0
-82.52444452741713,-15.877530691916043,1
-150.71174301484382,19.50419176002238,0
-228.75070292925835,3.110405513958213,0
-256.1575006348716,59.01923405356574,0
-10.7304172642298,-34.42404376404048,0
-48.971233054176196,18.40927467105235,1
-295.6762055963385,73.57466533708075,0
-269.3153391383907,63.887817030209234,0
-192.4692557481941,-2.5459828378112377,1
-134.84161386116216,-25.882866574565732,1
-146.24873955821005,7.3001894751986995,0
-115.55647777417295,-56.61917253091466,1
-67.89162372306885,-74.19113630021874,0
-166.83619946309273,-14.161528054645423,1
-128.7292300701115,-51.762541920421576,1
-102.38372551622598,-61.47580312839042,1
-138.7014340210789,12.992523584863214,1
-206.7249253037022,16.586233296546034,0
-145.3250527585571,16.67270265306705,0
-203.53350581940617,10.771978901566676,1
-118.97932799018275,6.966591895794139,1
-109.36083935244267,8.296021471537955,0
210.85112310571174,-177.02509245687006,0
-120.28357112320941,10.87345786819914,1
459.1511939809411,33.11583593926631,0
-135.21545323224638,3.5489915859586674,1
-135.21545323224638,3.5489915859586674,0
-166.29482030387908,22.05501289666841,1
-168.15936701414148,-23.52304018396935,1
-85.88020411897537,29.378073206421632,1
-133.09231189608812,10.936497014158434,1
-163.1561099229766,21.997629405702646,1
-5.869288337150465,63.32897428927537,1
-220.01042874610573,32.65917294567329,0
-178.2687493372067,-10.392177634400149,1
-180.03194407153921,28.223590704093915,1
-481.96087801717033,74.78970259060611,0
-224.989107687659,25.075566555971566,1
-174.70337656749695,2.0479369725675554,0
-266.0130618765635,0.46759525232214116,0
-260.523130890234,44.30581953469991,0
-192.7752334120351,5.28708517417418,1
-163.224675850332,-15.950762984248051,1
-254.7414516262321,-3.710987657124768,0
-305.1545913844865,47.829322654367424,0
-66.28831942577062,-12.459930333968423,1
-201.72188019300478,7.07611874502809,1
-148.43157310680647,21.259836792788796,1
169.11496452255687,-0.7765228756328568,1
-190.90967604353403,-1.3457579817738008,1
-214.8648084793153,11.956655312823308,1
-178.26896958404132,-10.39932807401322,1
-137.53898830755253,14.647560323309449,0
-150.71174301484382,19.50419176002238,0
-119.02384853342761,6.937966168728593,1
-172.5172077097791,37.1760231219497,1
-56.55785649676898,-19.03030817181415,0
-33.10525117082523,93.81012526574565,0
-158.49758485850276,21.53648372059351,0
-267.9723226449992,-25.518570448773524,1
-64.84142504215447,1.9190075104523672,0
-82.27252661210184,-19.38636346010457,0
-346.0999784676144,-1.1004475332505876,0
-109.36083935244267,8.296021471537955,0
22.06810922603961,43.49188046022563,1
-6.843670669998687,0.2382828026372863,0
-31.334577055195155,52.09929598851909,1
-24.32903244673048,-9.73761378612226,0
24.194510734606638,52.26784153971993,1
-190.25984208453116,41.00274679701339,0
-306.44564817266473,32.654309854400715,0
-314.7132940818967,-2.80958063367148,0
-291.60305338925934,29.151462161085522,0
-30.78280635458509,7.552833382815962,1
-13.934991469615056,-44.63307921576264,0
-177.49726800701296,0.3935559825654096,1
-176.65636725463736,2.7843936964305556,1
-217.3071013916798,17.23029533283838,0
-251.93993429030684,-6.227843757681477,0
-146.82814463329169,-40.03714626445868,0
-74.78656079445796,-22.185664722483445,0
-211.42559603894398,-18.949441033600216,0
-222.21133057189735,-1.8630735450822158,0
-240.36831529599635,73.08179320216422,0
-233.45230349254012,-32.455456215986125,1
-32.69429963823825,49.26189868817302,0
-196.06198629007082,-0.521724949318731,1
-187.0877647876336,17.593435704772766,1
-217.9640621944664,15.58284199206581,0
-239.09666347771008,-10.020569547554707,0
-87.94452851893107,-17.32117930761097,1
-149.67114846209097,-16.57243094676364,1
-451.39654333597787,79.5704791118051,0
42.53178892564665,-45.71213134036238,0
-182.8881266174016,-5.342610537227124,1
-303.5252689174747,-25.626204392493527,1
-346.1217641907425,11.729851113645694,0
-283.32661298878895,-4.518712605920726,0
-201.14069888336536,-44.380371002963194,0
-352.4390745085766,67.28364261658311,0
-314.7132940818967,-2.80958063367148,0
-171.823598964957,15.869158515852561,1
-314.40354260027635,12.543886026882085,0
-219.7506004700158,0.09586174096374123,0
-149.8735368543115,19.94266646995247,0
-160.04131896111846,-38.17954928172578,0
-201.5915551616954,-29.318295398071847,0
-216.5763798542111,-38.678512177860874,0
-146.19181437341462,4.213654584678814,1
-149.8735368543115,19.94266646995247,0
-30.78280635458509,7.552833382815962,0
-210.4593599018076,-47.65861036387431,0
-226.11351607607043,68.0245251671081,0
205.2959026412109,-55.878258522929706,1
-138.51820960973777,-37.75720550137422,1
-154.8133341308823,12.53365139344831,1
294.867056128585,-53.115726159315535,1
-287.2639294072608,101.94750593324994,0
-258.7533395998883,109.7431578207116,0
226.33394896167715,-77.1801707743704,1
-262.84912904307976,92.89704389155172,0
-284.2722937511101,107.18875401687089,0
-37.09987608951985,36.85781982847246,1
-103.07943203134971,13.709141961704702,1
-200.24560606781534,22.462019632804985,1
195.91276430304083,-43.67757782001845,1
-216.38264521222305,6.999313161269043,1
-274.09117431260364,97.09087436381093,0
-19.88435957601257,25.479628957858193,1
-200.51422931047512,-23.553936362596296,1
-139.27273618337045,34.51615619560165,1
-169.50756601368192,-10.122213569949572,0
-32.271072218609675,49.72080581365712,0
-112.50908424038431,14.43976849009821,1
-194.33024410052923,52.788036883491344,0
-158.17965300606699,96.17228748271197,0
-92.62436782643061,59.82338873244468,1
-368.14754181629866,-1.7459766689421414,0
-5.4190116919462525,67.57324942483996,1
-340.1982204145332,62.6547148320886,0
-295.8599611269501,-16.07519706761054,0
-87.78540425285917,41.03700138553093,1
-232.73236298586704,9.733728135627508,1
-119.70807581702655,12.006052697580117,1
-19.88435957601257,25.479628957858193,1
-182.92854139586348,-8.341646650283195,1
-150.437509946879,-81.40242318575406,0
-114.03606920620388,9.940866933322013,1
-248.693781661635,18.93942702304473,0
-163.49852155193696,-2.08411061396032,1
-100.87810267598144,5.076381927644647,1
-172.90078602203164,10.109305511796357,1
228.19668216536718,-34.23768663100129,1
-213.41858492202573,27.31142083325795,0
-146.6226874033744,-8.310071912351532,1
-204.1343391419278,12.373661311795559,1
-280.39021752897304,5.29509346291205,1
-102.98329438094538,43.25128354309241,1
-191.4131345014274,-36.460197844118504,1
-235.51991643268622,14.118539531346613,0
247.30995235419823,-81.07914562641045,1
238.48204098922304,-59.6536282753648,1
-162.33433254173315,18.272016529340448,0
-287.2639294072608,101.94750593324994,0
-221.28074778638995,81.10928998653011,0
-193.50802342250944,-53.832391124783406,0
-50.21255896628895,27.124447268654247,1
-194.56408226296674,8.949275302243215,1
-158.45360446614887,-0.43500682452302897,1
-393.7776183414471,12.640485025587985,0
197.2805027725766,-71.9899771161927,1
216.280283967502,-60.844375971094415,1
216.280283967502,-60.844375971094415,1
44.05557744614907,-24.29816584679775,0
-236.8229129401833,114.37049350916517,0
-74.64269465330341,36.14937773578845,1
-77.34560305216775,66.39900816177096,0
-26.59907158392525,47.65562209704801,1
-274.09117431260364,97.09087436381093,0
-182.68085955336903,-5.283023645069875,1
-278.92394012933715,84.00618983002664,0
-167.2351106777731,31.10262104366661,1
-182.68070715801542,-5.2780760426428515,1
-196.9918034154013,-6.167416461498313,1
263.2458236158583,-78.22521754572767,1
-119.049322478325,2.3490539406282025,1
-150.278688849417,79.73969244866697,0
-153.7424066627235,21.259945329099693,0
-397.95583229599185,36.1720005512058,0
-262.84912904307976,92.89704389155172,0
-213.8676375639639,0.058544836892927776,1
-221.28074778638995,81.10928998653011,0
-177.28357513773642,6.494663099283692,1
110.35356480475946,-44.25288344513029,1
-361.3073822549411,48.9270310224393,0
226.33394896167715,-77.1801707743704,1
-238.60683998119066,25.685049763936654,1
-213.07486294249878,59.7183128136535,0
237.3677962836905,-100.54201851739734,1
-106.55010907273345,7.141567618554106,1
-331.5233583738183,14.06046586476117,0
-312.47928986462347,22.153787972863242,0
-255.34558696387,1.0678493631027806,0
-232.35970765092503,28.694985675089292,0
-247.76104373778128,-23.800629164271605,0
-280.9980746248954,32.152061396971234,0
-200.7096686472908,-4.8059409864719385,1
-254.66725213863901,22.434075462649123,0
-26.873940718216545,61.493545133716026,0
-220.40178644422076,34.48383238912146,1
-265.7791153749889,32.99432494776981,1
-195.85400114669488,-0.43888596392152834,1
-191.82613915123358,13.572503909585741,1
-176.06851838131166,21.52052928316958,1
-225.66839450025054,20.105297775926346,1
-90.51836041049438,71.25564050682812,0
-157.82142214211632,7.268973651955044,1
-227.3654982863028,27.19472514784933,1
-319.781005565507,28.183321726698892,0
-73.39088310880356,100.21976725333386,1
-287.6044889002122,-18.280336127488958,1
28.084348188886793,-129.0848562710099,1
-257.6622610093468,20.127104419395415,1
-209.96803443137128,2.5645872275164336,0
-166.43773647810224,13.010945898983778,1
36.81154285307127,-4.314028455835604,1
18.559066973293852,-10.400343286571122,1
-227.0256070376575,4.923030851113886,1
-235.45830154280304,-6.258335419946853,0
-163.188765724313,-18.66353152942809,1
-272.19340184884,53.2537619616814,1
-272.9123150723343,7.586635190517072,1
-169.23620420447202,-3.4655919641127966,1
-267.9469844712516,18.687339872828993,0
-287.8024575646552,16.553731200591763,0
-98.53928672959267,18.205063740672195,1
-193.62923065337367,14.715064236770047,1
-227.02560703765755,4.9230308511139,1
-267.9065696927898,21.686375985885036,0
-254.65256043741186,22.438796888170433,0
-242.0150823642403,10.463089182259758,1
-264.5179355911473,39.23913245351844,0
-319.1663027384716,2.5988735355825554,1
-259.7395576258129,2.730002815241157,0
-251.66636238845956,17.93873166450161,1
-111.69713601241585,23.073569277747367,1
-386.2479342898215,85.9653842814836,0
-231.083244182905,28.560034847233943,0
-276.7233434583672,8.918602375663518,1
191.46724145854967,-28.3699653688464,0
141.35710497872708,50.46433689184318,0
189.70360534096903,-35.7777805996868,1
151.9489780395577,-13.800071299541237,1
-319.1663027384716,2.5988735355825554,0
-294.3157170235377,39.41300008778519,0
-303.02418408901576,18.665460285366365,0
205.75774498558815,-24.301516979858896,1
-298.8456510001961,-4.922162113539713,0
-118.33968094362478,62.123653091222025,0
-334.60160503932104,8.313026098967043,1
-217.91048673638346,23.703402471958007,0
-287.6924159969425,-9.018090291179831,0
-287.6924159969425,-9.018090291179831,1
-212.48217161412936,9.838807606665263,1
49.985399744962706,-9.134913090945204,1
-304.9154979831926,19.358336247004672,0
-258.45017598980195,12.100722026602341,0
-244.25600249780706,33.41666752004967,0
-277.4679021385676,-12.77291251079344,0
-220.361371665759,37.48286850217748,0
-249.93618514366062,23.683778217129166,0
-252.60635722290812,28.13769233074282,0
-270.819613839498,25.011600525058345,0
-286.8551662890597,-9.34124032619313,0
-232.35970765092503,28.694985675089292,0
-306.00845278215996,-2.2696322322549918,0
-227.8377870316151,-9.091566200665604,0
240.50582352678157,-51.5323458326689,1
-297.65869194501346,42.0240841331237,0
-236.76342769713915,18.827145841853238,0
-286.0850733872365,12.443267863332792,0
-289.52142981527095,3.820972984662369,0
-315.55274226767057,1.9733090161652882,0
36.81154285307127,-4.314028455835604,1
-267.825317178374,27.295429021695313,0
-395.61065988240546,101.12945106389263,0
167.1705003953232,-15.7185753508328,0
-351.47743918788353,14.538987397358255,0
-270.0291052162005,30.185298128756568,1
-265.5701033262402,4.822672440679064,0
181.4204420923295,-14.815353760409543,1
-297.9684484921878,26.67061920821885,0
-69.082271471735,-32.912410351266395,1
-224.01548729203665,-42.65159444383415,1
-168.11579722766362,-20.574782765593703,1
-44.68536113843754,-9.994069076792208,1
-72.94657871998737,26.47279038246638,0
-264.97243970514893,38.22055821810518,1
-264.9726599519836,38.21340777849211,1
-69.35714066234715,-19.074487295300735,1
-102.83267384552164,60.781480952729844,0
49.985399744962706,-9.134913090945204,1
-127.15986282393948,6.694148286168648,1
49.985399744962706,-9.134913090945204,1
-112.94254749365979,73.8963917432846,1
-207.58018444362654,16.905953849647354,0
-50.314427077994196,-39.861635845038215,0
-114.00189496560535,1.8296628254304181,1
-266.6383481871602,-17.048824815674188,0
-95.77319066791637,4.985019376099643,1
-54.184034003876945,22.224853355692417,0
-36.543736401795286,-13.153179521214533,0
28.078536497028836,-37.03340724476602,1
-281.14919019279006,-21.565655834073716,1
-63.374845501968935,-16.86292739144009,1
-121.43127021331156,9.319831467323993,1
-22.048141513730343,-0.5567075611439805,1
-112.94254749365979,73.8963917432846,0
100.91442629553217,75.26694854311282,1
-85.57070671349305,23.933982455443058,1
-223.9073943602054,-32.57516744718941,0
188.09671934497305,43.09841675527489,0
198.2465167938526,32.96659019974582,0
-281.1491901927901,-21.565655834073688,1
-42.443135815305936,-42.78734044219399,0
-357.8678367567529,34.86174634378323,1
107.59287233988425,36.03173343399107,1
-85.03242307237514,19.588636901161784,1
-71.86851732161898,32.2610293773234,1
-270.0291052162005,30.185298128756568,1
220.05395264001538,34.291669430370234,0
-26.425344744633207,82.83892611871084,1
-220.8022401519109,7.01580732203918,0
-89.33645182052658,-9.876541099829502,0
234.75485981805184,-42.50588631217364,0
-244.00397323619842,13.91231104507446,1
-269.79764930681165,33.440200741828505,0
14.879148700572614,-54.108976322054026,0
-447.8396437513821,31.110909072204553,0
-250.86573063083569,32.811473998460244,0
-95.4634297788387,20.338482813305596,1
-292.76500720244,-5.719742514159762,1
-4.2325999523831115,-25.09329338299029,1
172.38113094674873,-23.523270385665164,1
195.23185084964882,-45.64835658502758,1
-292.7799191505019,-5.731614379294129,1
-179.25834456726835,-4.7901490035394545,0
-169.80220036584745,-22.872953314540702,0
323.0744612083861,-98.43709166139442,1
-254.61151556616335,-12.222909456081247,0
-97.67170740920653,-41.27887285576137,0
-208.10714722099152,44.35039501256375,1
-348.55265855795244,34.184621930415375,0
-253.0331933639755,44.42100700444318,0
-264.0235717160604,37.680057859692894,0
-39.28822924504766,1.7786701086113013,1
17.053022087812792,-16.164098323246385,1
-193.76184238716263,-2.940396014835976,0
-39.28822924504766,1.7786701086113013,1
-305.9377662675975,-0.8631095842784262,1
-169.6327855992397,-64.37156941859743,0
-339.1899297903516,19.02055406012653,0
33.58333529056836,63.343633342142724,1
-287.7238501469773,2.284393397426399,0
-61.596305051638865,-35.711711820067926,0
-58.5713783291838,-37.64156553839245,1
-105.13408519838333,20.16997606875649,0
-94.84872637452747,-5.245965575607052,1
-85.570706713493,23.93398245544303,0
-307.39526532830297,47.32584718498962,0
-266.3285884740146,-1.6953609755497823,0
-19.667902253232683,-19.379140819605773,0
-65.97701048571344,56.51555107335473,0
-85.570706713493,23.93398245544303,1
-196.87989588572765,8.699041624423508,1
-19.667902253232683,-19.379140819605773,1
-65.70939355814238,-6.076112701206725,1
-302.66837004817177,13.930923646595879,0
-53.64575081865917,17.87950795761958,1
-464.70870999645183,37.451317089371145,0
-82.98147573623197,66.30921125834962,0
1.2352832016155162,-50.01215067464475,0
-100.05080815224221,-12.896558446146308,0
10.83997202034061,-38.37978524192287,1
282.99803412957806,-30.489588610908434,0
-281.1491901927901,-21.565655834073674,0
-287.84776914350317,33.801218784063344,0
178.7867996633471,-38.03673587854271,1
-254.9219312979103,-3.7233427785643087,1
259.8790217980147,-49.77401244182851,1
-389.05838954395335,45.85500911712461,0
-143.59937321738687,66.16879525706136,1
-226.0885731943377,8.96569116006527,0
-212.91534500312957,4.124348248478469,0
195.0579538544074,-37.249183235188816,1
228.290505474371,-16.74240905681146,0
-232.06877354135906,11.191517345437852,0
-258.03669974496404,7.359270514510854,0
-261.18707256752833,-1.3547549940544243,0
-11.185805605215478,-51.85561302451074,1
-312.7029924211885,12.384483687201318,0
-254.04613348538027,24.1322235829312,0
-253.85241330298703,-4.063594099862598,1
-280.0402978465706,5.5925550241325155,0
-197.24396196242117,-24.953659228996152,0
-149.66054864032498,-7.443074642018047,0
-216.73708578340472,-7.9312219833589594,1
-172.85551311125352,19.925374478749276,0
-16.23327901893515,-54.1089273692755,1
-107.59648433904914,10.458154672855194,1
172.38113094674873,-23.523270385665164,1
-92.79976258511908,45.34348368709319,0
-210.04266407723867,24.67811845704269,0
290.9309594095106,32.12674968812066,1
-69.82363265644545,61.44062671370527,0
-245.2417405714384,16.041319145148663,0
-293.1981426359815,10.461140154558258,0
-18.587387583560258,-90.89373956199273,0
-204.55974106671965,37.161190601340046,1
-143.9334033075462,1.4506997836290978,1
-114.77296842108882,-6.1605829482722,0
-213.53021744416367,29.7033273726676,0
-270.53295910273135,2.1358759764784025,1
-123.55577554703916,-27.121290220615855,1
-90.8825147785958,-25.70145167661675,0
-297.51842657117817,33.632712727574955,0
-134.69886291139073,-11.3540975618507,0
-145.35622917019361,-30.660472620536517,0
-184.31501067039767,-12.825408890020036,0
-148.81155134943634,22.945104248984947,1
-7.405278121054039,-53.228671375026785,1
-129.6222619646053,-3.0176731097326623,1
-143.9334033075462,1.4506997836290978,1
-283.8959409931088,12.661461242585446,0
-294.65584560561916,-5.011583785906559,0
-22.38610180450837,11.244675542243826,0
-407.241381858497,13.562193095867855,0
-124.06838579774592,14.66306486935892,1
-88.62691052525179,27.037089879400874,1
-148.81155134943634,22.945104248984947,1
2.7985374882475753,-42.90615602350076,1
-132.7974391414454,-27.2398938244719,1
-54.71282423457535,23.15103468474288,0
-266.10020311222127,43.63629786794513,0
-269.703924667454,-33.03068348629716,0
-151.95140509049355,-20.190166726431436,1
-116.5004149000244,11.004990387209219,1
-151.96631703855547,-20.202038591565817,1
-41.54007126124418,18.29440384214965,0
19.894369823834836,-21.404020317308714,0
-19.388840706781252,-16.811833319754193,0
48.072158003596655,-4.684553990044343,1
65.42711868922413,-6.679752321343692,0
8.991872566612528,-23.754908331156237,0
-12.852864922218828,-6.919249274791611,1
27.08971565268814,2.307826769667294,1
-199.21205167250776,15.48404155276048,0
-1.1175086129600231,-10.624046173390447,0
292.00902080787876,37.91498868297766,1
-328.21964255444493,-15.585448832069794,0
-57.4736314342008,33.56782990158983,0
-22.526148164687697,3.666955825423912,1
-376.4399625878731,48.141616907444465,0
-153.21073594848696,-17.87239052759491,0
70.2877467578013,-37.02354762949481,1
-118.34617687648853,-21.905452006524065,0
70.09889998324809,9.222990568136382,1
-367.723116194609,-1.0077017426228778,0
-121.15677804289675,-29.70249560889878,1
-143.28062230083594,-54.28362165725306,1
-133.8858252885741,-69.33484307021615,1
-315.0321009411293,-20.43422626431086,0
172.89129310401574,-18.870551401929042,1
-181.2513066270085,4.206221886944675,0
-116.94299923029638,-17.527956545403363,0
-459.9324187001761,32.98872501448234,0
22.067503646771343,8.778848458625326,1
60.92186477747157,-33.45934875744545,1
22.164626599137137,-28.611539536668808,0
-433.58689657515015,23.275457785981967,0
-57.48913243821784,33.53683399754084,0
-133.72198397822945,-17.011538380086698,1
-287.8200216864296,-9.782595115152937,0
258.68458837453204,63.05395060141938,1
-148.23312011229126,-21.538034999369536,1
-317.675253877467,7.748727728248127,0
-313.8631868088188,18.083726272769994,0
-282.47645905037854,16.376327740723312,0
70.52248309219874,-27.190254290459656,1
-214.53336128625563,12.86927896656021,1
224.51235471224982,34.10620751190973,1
-117.42487991753984,21.235975587028925,1
-201.48518547814103,54.31836464722829,1
-178.2820066243561,-10.465030594247303,1
235.5814848977558,43.813763783355995,1
-157.57806303971222,-9.755494645980995,0
-134.33063387946424,-24.881611335382694,1
-81.05833053262359,32.86429649032723,0
16.670371940074347,-2.993890790746164,0
-163.09370644504583,-24.062817901111337,0
-323.74893685875304,28.715088796409383,0
-420.4141385994592,18.418825229392723,0
-122.34013134678804,-29.300695654363885,1
-202.9053828459338,12.472134671918255,1
-354.5503619502413,-5.864333020720871,0
-88.62691052525179,27.037089879400874,1
-163.09370644504583,-24.062817901111337,0
-109.16627436563226,-34.12158032005885,1
-446.75965631473946,28.1320909469489,0
74.69673220803554,21.657739339448746,0
-137.37799385856692,-33.10822318958177,0
-154.6512677962,-17.360581792588185,0
-93.63079843350198,-43.36202839993465,1
-17.985444533780083,18.96591587987035,0
-103.08287894009578,22.71066987893703,0
-190.97999387780254,-13.978219771463351,0
-94.46805238729019,-43.038876910115015,1
15.810826805996726,-8.155765616243947,1
-407.25617003556584,13.554339526903433,0
-195.84110713736231,-26.68587315601068,0
9.500086700300244,-0.6106495262332672,0
-285.43545019215753,25.794063782361665,0
-219.23125224892902,-3.5687516457562367,0
-243.67101057955756,5.448305246457998,0
-159.45567371977836,-17.36387837937341,1
-261.7896418726117,-46.37996686013539,0
-201.03412122665162,11.768345441699758,1
-150.05346056588638,-35.22154589418708,0
-181.75008365333008,-48.872001694051654,0
62.538587779684235,-27.275933939336234,1
-12.416766625577111,-9.463906455533035,0
-225.02734028462163,19.1035858322617,1
-195.41609907826228,-36.70633147047004,0
-124.2052391016133,-37.964854643310865,0
-213.75573003429008,14.925002922814734,1
-112.31374986620949,-78.06175967390965,0
-164.634486666153,-23.69148189008184,0
-116.9814245856349,45.731644148510554,0
-243.72032913769397,14.628678121743754,1
-219.59197505001555,36.84830548636593,0
-213.06215332879293,6.8400339559485985,0
-223.78624196660144,45.55534589165365,0
